{
  "overall_metrics": {
    "accuracy": 0.888785046728972,
    "auc": 0.9250234736658223,
    "ap": 0.9776759982446023,
    "mAP": 0.9208978243133309,
    "confusion_matrix": [
      [
        216,
        212
      ],
      [
        26,
        1686
      ]
    ]
  },
  "per_source_metrics": {
    "imagen3": {
      "accuracy": 0.735981308411215,
      "auc": 0.883046554284217,
      "ap": 0.8791059237179062,
      "f1": 0.7855787476280834,
      "n_real": 428,
      "n_synthetic": 428,
      "confusion_matrix": [
        [
          216,
          212
        ],
        [
          14,
          414
        ]
      ]
    },
    "SD3-medium": {
      "accuracy": 0.7464953271028038,
      "auc": 0.9227225085160277,
      "ap": 0.9153540010043804,
      "f1": 0.7958607714016933,
      "n_real": 428,
      "n_synthetic": 428,
      "confusion_matrix": [
        [
          216,
          212
        ],
        [
          5,
          423
        ]
      ]
    },
    "FLUX.1-dev": {
      "accuracy": 0.7464953271028038,
      "auc": 0.9401530701371299,
      "ap": 0.9360677709529268,
      "f1": 0.7958607714016933,
      "n_real": 428,
      "n_synthetic": 428,
      "confusion_matrix": [
        [
          216,
          212
        ],
        [
          5,
          423
        ]
      ]
    },
    "FLUX.1-schnell": {
      "accuracy": 0.75,
      "auc": 0.954171761725915,
      "ap": 0.9530636015781103,
      "f1": 0.799249530956848,
      "n_real": 428,
      "n_synthetic": 428,
      "confusion_matrix": [
        [
          216,
          212
        ],
        [
          2,
          426
        ]
      ]
    }
  }
}
