{
  "overall_metrics": {
    "accuracy": 0.8658878504672897,
    "auc": 0.8891947440824526,
    "ap": 0.9656307758479428,
    "mAP": 0.8812347940280326,
    "confusion_matrix": [
      [
        165,
        263
      ],
      [
        24,
        1688
      ]
    ]
  },
  "per_source_metrics": {
    "imagen3": {
      "accuracy": 0.6787383177570093,
      "auc": 0.8376495763822168,
      "ap": 0.8227647603291446,
      "f1": 0.7515808491418248,
      "n_real": 428,
      "n_synthetic": 428,
      "confusion_matrix": [
        [
          165,
          263
        ],
        [
          12,
          416
        ]
      ]
    },
    "SD3-medium": {
      "accuracy": 0.6927570093457944,
      "auc": 0.9108000698750982,
      "ap": 0.9036817285621952,
      "f1": 0.7649687220732797,
      "n_real": 428,
      "n_synthetic": 428,
      "confusion_matrix": [
        [
          165,
          263
        ],
        [
          0,
          428
        ]
      ]
    },
    "FLUX.1-dev": {
      "accuracy": 0.6834112149532711,
      "auc": 0.8864092933880688,
      "ap": 0.878185904929168,
      "f1": 0.7560756075607561,
      "n_real": 428,
      "n_synthetic": 428,
      "confusion_matrix": [
        [
          165,
          263
        ],
        [
          8,
          420
        ]
      ]
    },
    "FLUX.1-schnell": {
      "accuracy": 0.6880841121495327,
      "auc": 0.9219200366844267,
      "ap": 0.9203067822916227,
      "f1": 0.7605381165919283,
      "n_real": 428,
      "n_synthetic": 428,
      "confusion_matrix": [
        [
          165,
          263
        ],
        [
          4,
          424
        ]
      ]
    }
  }
}
