rank,image_id,source,label,logit
1,3c48f2b289ee49af7d78bf43d3e73334,FLUX.1-dev,1,4.930116230702827
2,acda8851def5fe87ebfe17f4ca90e55e,FLUX.1-schnell,1,4.712356044105531
3,f851c62b712ee4bb3d6f1f997a3d14b6,FLUX.1-dev,1,4.689981607007012
4,08eba944d75efaf0bf3390e68c8d03b0,FLUX.1-schnell,1,4.632073949962119
5,1c1e89258c38f044d27681546a343b74,FLUX.1-dev,1,4.594132554777678
6,6e8e3df4edba76eb404df781a3da8cbb,SD3-medium,1,4.592886182202532
7,0c0ba31b279da4b8a0b848b63d302e8b,FLUX.1-dev,1,4.56338063894562
8,c1665c556bd2ac16fa7337bc12842980,FLUX.1-schnell,1,4.52249860623716
9,d4264adbfa1f3ab71cb7735f5b4c4217,FLUX.1-schnell,1,4.49031709842817
10,ba783d6487425929ba30a57bdc24e85b,FLUX.1-schnell,1,4.490123122511911
11,cccd2e76c4f6c04b92c7d5054d9a297c,FLUX.1-schnell,1,4.414601514752574
12,cc9af24acb10683820d78b762aebccf6,FLUX.1-dev,1,4.413524791907428
13,e58eeecc69309177f30808d671d08a55,FLUX.1-schnell,1,4.397135556156194
14,7fc7ed44a93054286e9710dfc9f8b198,FLUX.1-schnell,1,4.391561789260517
15,8205157acd6ac8837b60e9e31bcd53cf,FLUX.1-schnell,1,4.386799991280025
16,1246a1ceedd35a125a01a8b0a0e7d370,imagen3,1,4.385828780069538
17,e1b6c64b3c65e8e76327a4d018a6a519,SD3-medium,1,4.384259902068139
18,cccd2e76c4f6c04b92c7d5054d9a297c,FLUX.1-dev,1,4.38156982320994
19,a7c9a1e0c3f6ae110682e8b4c9712d9e,SD3-medium,1,4.372842383180021
20,97ef70e989259fe49c501c95bae1134f,FLUX.1-schnell,1,4.37095302302088
21,8334db468daf574447be50b4c0cd894d,imagen3,1,4.36053690149317
22,4ad43299135101f0770e09c442efe37f,FLUX.1-schnell,1,4.320760879322379
23,34d46a0d11895ef3564fc27b617a6da3,FLUX.1-schnell,1,4.316347486302581
24,21b5baacb401b42092335cd05bac272d,FLUX.1-dev,1,4.303996239039631
25,e2a0742ef3b9e88a0b4a1ef4f3aad4f3,FLUX.1-schnell,1,4.294924975658851
26,ba783d6487425929ba30a57bdc24e85b,SD3-medium,1,4.286755663334734
27,e2a0742ef3b9e88a0b4a1ef4f3aad4f3,FLUX.1-dev,1,4.280266811900567
28,5695a48adb13ae6b78fafeff2f4acf3f,FLUX.1-dev,1,4.274770966199602
29,a7c9a1e0c3f6ae110682e8b4c9712d9e,FLUX.1-schnell,1,4.2679767932803125
30,21b5baacb401b42092335cd05bac272d,FLUX.1-schnell,1,4.241136064744153
31,e4f6ab5f5cb9df159221da2b6fc3ff67,FLUX.1-schnell,1,4.203340233037566
32,85e6554aedd269c6a08c24ee4cd1f74b,FLUX.1-schnell,1,4.174378023913596
33,80518befd628a47b67fcd9dc9afc50f0,FLUX.1-dev,1,4.169924212627305
34,35a9d773f6b49815407f57f71c9f1371,FLUX.1-schnell,1,4.169483890731255
35,edcf6fb2323b704cdffd7fd8eab3e6e7,FLUX.1-dev,1,4.139207895044002
36,08083126ffe2eaffe89aa1840b508db7,imagen3,1,4.13062247490647
37,d06035776d93bf5b101d3c377576ce1f,SD3-medium,1,4.12253708801967
38,615db6f953577cdaf9e252c1feb451e8,FLUX.1-schnell,1,4.118233505508817
39,3fd25b58ad168bf098cbb3ea2d7a0919,FLUX.1-schnell,1,4.101810697458894
40,a251fc93b93865a1649bdcdb1989dea0,FLUX.1-dev,1,4.087353285048907
41,dc5a3d923ffd8347f5b1e92ca52335cf,FLUX.1-schnell,1,4.087047083009896
42,e8dc7284cf97a1369994b03484c96b6f,FLUX.1-schnell,1,4.086085910468637
43,00b64869422e0011ff5bb492e56042cc,FLUX.1-schnell,1,4.084657431360474
44,95e7deacfe5e03bd1c668d2ece54f77b,FLUX.1-schnell,1,4.080011345644106
45,181e5e67b826bfa3e5e6d2d43c6a656d,FLUX.1-dev,1,4.01924042765824
46,4ad43299135101f0770e09c442efe37f,SD3-medium,1,4.012488419008632
47,0c0ba31b279da4b8a0b848b63d302e8b,FLUX.1-schnell,1,4.002652927705917
48,dcb535d6f56922f8d54778b046310443,FLUX.1-schnell,1,3.9866885551721873
49,80518befd628a47b67fcd9dc9afc50f0,imagen3,1,3.9860935460916
50,8d8e9dfb946c8c62312fe793c674c943,FLUX.1-dev,1,3.9777706319363846
51,74a98d64088b70aa43dbe906b5a4a2eb,FLUX.1-schnell,1,3.976042458687293
52,13e29b215d633214a14bebf2a3bf9a44,FLUX.1-schnell,1,3.975269048879959
53,e1b6c64b3c65e8e76327a4d018a6a519,imagen3,1,3.966912135688705
54,671c5054b0d360ecde05cf691d00749a,SD3-medium,1,3.9608977564793366
55,8334db468daf574447be50b4c0cd894d,FLUX.1-dev,1,3.958602677531176
56,00b64869422e0011ff5bb492e56042cc,FLUX.1-dev,1,3.9562834515464
57,21b5baacb401b42092335cd05bac272d,SD3-medium,1,3.953000936622797
58,b343b5eb2b6099e7b985c2952d56861c,FLUX.1-dev,1,3.9528165322284914
59,8334db468daf574447be50b4c0cd894d,FLUX.1-schnell,1,3.950582570977315
60,74a98d64088b70aa43dbe906b5a4a2eb,imagen3,1,3.948473795644659
61,193d05f68824dd6380fffac5f776fbc1,FLUX.1-dev,1,3.938015584666387
62,518bc4a10466c7b3f176979a3c5cec12,FLUX.1-schnell,1,3.9241881286294458
63,c8ecb90fbaa64ebe0c8db558690d6dc9,FLUX.1-schnell,1,3.921438602161333
64,74a98d64088b70aa43dbe906b5a4a2eb,FLUX.1-dev,1,3.90940857592573
65,e0256b47ba201d02f3628a28b9e25458,SD3-medium,1,3.902221979531078
66,6f05b342c398f3310f9d97a29a31037b,FLUX.1-dev,1,3.889525999226693
67,bf1a05045600a8237ba5a5beaade0d02,imagen3,1,3.8871168409639294
68,193d05f68824dd6380fffac5f776fbc1,FLUX.1-schnell,1,3.879259275300333
69,21950943ce77f421f03a52ada741d1d9,SD3-medium,1,3.856491812132514
70,c8ecb90fbaa64ebe0c8db558690d6dc9,SD3-medium,1,3.847193039753813
71,08eba944d75efaf0bf3390e68c8d03b0,FLUX.1-dev,1,3.837796948675348
72,cc9af24acb10683820d78b762aebccf6,FLUX.1-schnell,1,3.829527963351492
73,ad249bba099568403dc6b97bc37f8d74,FLUX.1-schnell,1,3.82133350995874
74,6de46b6211e4d1f01022f5eba862806b,SD3-medium,1,3.8150168027516935
75,ca3b42b31af227b5e99d3601f37a7d3d,imagen3,1,3.8145937761561743
76,01acd87d2ed16037467432a87863113d,FLUX.1-schnell,1,3.81409941422433
77,e339986bbfa79387dd93994f6ed68939,imagen3,1,3.8128637810854618
78,d96927c83af87ff3afdc8c09c77d716c,FLUX.1-schnell,1,3.802744540167532
79,95e7deacfe5e03bd1c668d2ece54f77b,imagen3,1,3.7995443890768503
80,e94cae36e4e7ddfd40f611fe0b6a1c16,FLUX.1-schnell,1,3.792470668523309
81,85e6554aedd269c6a08c24ee4cd1f74b,FLUX.1-dev,1,3.783439782728885
82,f7a9e7f720ddedf382957ff3cc40d18c,FLUX.1-schnell,1,3.781552553650775
83,6e8e3df4edba76eb404df781a3da8cbb,FLUX.1-schnell,1,3.774674455441111
84,2c40c8e3c81955912f2c03baf6d5a511,SD3-medium,1,3.772713795743124
85,6e8e3df4edba76eb404df781a3da8cbb,FLUX.1-dev,1,3.7637423005626136
86,81522064f61ba1c9ec111bb349851bca,FLUX.1-schnell,1,3.7632114150971727
87,181e5e67b826bfa3e5e6d2d43c6a656d,FLUX.1-schnell,1,3.762829074359314
88,58c136e73333a653f526e186ae264606,FLUX.1-dev,1,3.761401225077496
89,f851c62b712ee4bb3d6f1f997a3d14b6,FLUX.1-schnell,1,3.739195041431149
90,5695a48adb13ae6b78fafeff2f4acf3f,imagen3,1,3.7377245807654447
91,9cbf2594f339c0d3d0f0ea25c62af52b,SD3-medium,1,3.728902014393394
92,2aa4494e6e844cfe6b42212568410073,FLUX.1-schnell,1,3.727545533040981
93,8d8e9dfb946c8c62312fe793c674c943,FLUX.1-schnell,1,3.7269438031317943
94,1fadb467d5e18a1952eb3d1a9bb1fac3,FLUX.1-schnell,1,3.7175603706012335
95,aaec75d88bc62818237cdf29a64eee9d,FLUX.1-schnell,1,3.7113928585785367
96,ba783d6487425929ba30a57bdc24e85b,FLUX.1-dev,1,3.710989974879673
97,d06035776d93bf5b101d3c377576ce1f,FLUX.1-dev,1,3.709812553675077
98,2fcdfc60f8c9d1a32babeab5afc2741e,imagen3,1,3.707094659221819
99,ca3b42b31af227b5e99d3601f37a7d3d,SD3-medium,1,3.7004512546153143
100,06930eb49786d4ffdb886a19b999e18a,SD3-medium,1,3.695590261108828
101,00ce72ef820369df798001e9a28bf34f,SD3-medium,1,3.691863768918834
102,08083126ffe2eaffe89aa1840b508db7,FLUX.1-schnell,1,3.6913311933575
103,c5d98750587c012da16b14ff0addfc55,FLUX.1-dev,1,3.690723206352685
104,d59e426900ec5efbab2e68b38a58dd3f,imagen3,1,3.687223384995852
105,61b8f705d907b64bc4be9b69c25c1fc6,FLUX.1-schnell,1,3.6866810380042887
106,ab853b21122d2dc4b8559eeec283a3e0,SD3-medium,1,3.683798184334551
107,08083126ffe2eaffe89aa1840b508db7,SD3-medium,1,3.6745862285828026
108,f5bd415c8855b11d15c48bc2c238ce79,imagen3,1,3.6697784615551288
109,2cf106dff80465f974931b802427e6ea,FLUX.1-schnell,1,3.6679337296471166
110,ab51b8d51fe3b6df38666e80746ae81d,FLUX.1-schnell,1,3.662495900489073
111,c5d98750587c012da16b14ff0addfc55,FLUX.1-schnell,1,3.6622397604212384
112,887df5b2fa9d2cb3f8080e5c3f2f76c8,imagen3,1,3.65513126054366
113,80518befd628a47b67fcd9dc9afc50f0,FLUX.1-schnell,1,3.653554562455134
114,6f05b342c398f3310f9d97a29a31037b,SD3-medium,1,3.653277009019666
115,6b1a11db98c6eb1dbd2192201dade5e4,FLUX.1-schnell,1,3.651647079453639
116,af519e368a381a3aaa6ce8d7831929a1,FLUX.1-schnell,1,3.651129478714848
117,5dea3c9ee4b911fa1bbbdcd9d1695f3b,SD3-medium,1,3.649617564797944
118,ad249bba099568403dc6b97bc37f8d74,FLUX.1-dev,1,3.647316857446884
119,e36c66fbc72267ec6ad4216d347c99a2,SD3-medium,1,3.642538603599502
120,edcf6fb2323b704cdffd7fd8eab3e6e7,FLUX.1-schnell,1,3.640537221074615
121,cccd2e76c4f6c04b92c7d5054d9a297c,SD3-medium,1,3.636510103321472
122,7e7a5d5f6b6f7d7e1b4c6a06e88ac739,FLUX.1-schnell,1,3.633681874128192
123,f5bd415c8855b11d15c48bc2c238ce79,FLUX.1-schnell,1,3.6299339469282006
124,9cbf2594f339c0d3d0f0ea25c62af52b,FLUX.1-schnell,1,3.628044516889533
125,da304ab2b27c21508612f6ea44dae584,FLUX.1-schnell,1,3.6257740923441135
126,e2dc9b8d9e49bd70ad218f5e3748e3ad,FLUX.1-schnell,1,3.6162174068222206
127,1487aded81fd845e26acc5b869c7fa4a,SD3-medium,1,3.606585386636855
128,d65abb6a325f1cc23ac6d233d0dd0927,FLUX.1-dev,1,3.601939635521447
129,c5410a4a4f32152af109601cee76f114,FLUX.1-schnell,1,3.599692644355648
130,c1665c556bd2ac16fa7337bc12842980,FLUX.1-dev,1,3.5987854918596227
131,d59e426900ec5efbab2e68b38a58dd3f,SD3-medium,1,3.5981209962865446
132,677a544b4019010dcdcc4912d29ea4df,FLUX.1-schnell,1,3.593556956204627
133,c8ecb90fbaa64ebe0c8db558690d6dc9,FLUX.1-dev,1,3.5933735887398464
134,4eebb376fb5f1e1da2ef224167ed7798,FLUX.1-schnell,1,3.5872779445071235
135,116988640757321d4861a1d9ee2fa3ea,FLUX.1-schnell,1,3.587172462994741
136,09977e7621465cca10e71993a7f3632c,FLUX.1-schnell,1,3.584214408686065
137,8e1996cb7329defee7f3003d1255b964,imagen3,1,3.575120067930439
138,22021159ddb73a620845904ce7c16fd6,SD3-medium,1,3.575071375443398
139,920e1085a30117a8ffc41ab80dd5d956,FLUX.1-dev,1,3.573848171965051
140,e58eeecc69309177f30808d671d08a55,SD3-medium,1,3.570864407698953
141,c976edc88703e2a2cb127c4f61a0f69b,FLUX.1-dev,1,3.569527017824744
142,b8e1f555b6fc24eeff1c2a433ff1a797,FLUX.1-schnell,1,3.566033474173697
143,9c205eb2c6a21f512fb2209c6d772706,FLUX.1-schnell,1,3.563776723263933
144,00ce72ef820369df798001e9a28bf34f,imagen3,1,3.563510183061527
145,4eebb376fb5f1e1da2ef224167ed7798,imagen3,1,3.5602536362961548
146,e36c66fbc72267ec6ad4216d347c99a2,FLUX.1-schnell,1,3.5582998735135214
147,51306153bf7736a078480b0de74f7256,FLUX.1-schnell,1,3.556818466763806
148,7aedc9650d5557babce4709d7e0d9809,SD3-medium,1,3.5433851391760847
149,9cbf2594f339c0d3d0f0ea25c62af52b,FLUX.1-dev,1,3.5433198503199925
150,9671abb53805f8825d0209c7b5abad86,SD3-medium,1,3.537887121613382
151,58c136e73333a653f526e186ae264606,FLUX.1-schnell,1,3.536364676250635
152,c8ecb90fbaa64ebe0c8db558690d6dc9,imagen3,1,3.530857742997938
153,b3f371e9f3aa7d427d64a22001d156d8,SD3-medium,1,3.529551158700667
154,824ee80d9bbba876ed71fd3916a9bd1f,FLUX.1-dev,1,3.52944797966176
155,2c40c8e3c81955912f2c03baf6d5a511,FLUX.1-schnell,1,3.519201632731276
156,5cd94dfb0a4e090a7fd208735dfb07f9,FLUX.1-dev,1,3.514109533276808
157,24886b1ee94679373a23c4e1f7e284c1,FLUX.1-schnell,1,3.500968548870454
158,2cf106dff80465f974931b802427e6ea,imagen3,1,3.500074303511739
159,74a98d64088b70aa43dbe906b5a4a2eb,SD3-medium,1,3.4959451622016893
160,f5b4095e500a5cf50ddd8fdc8cb05899,FLUX.1-schnell,1,3.4948960986244537
161,08083126ffe2eaffe89aa1840b508db7,FLUX.1-dev,1,3.48552266995896
162,e4f7303a6daa79cc02877343a96f63f7,FLUX.1-schnell,1,3.469415666748477
163,e58eeecc69309177f30808d671d08a55,imagen3,1,3.467788925256792
164,8e1996cb7329defee7f3003d1255b964,FLUX.1-dev,1,3.46533424562159
165,e4f6ab5f5cb9df159221da2b6fc3ff67,SD3-medium,1,3.464522993525115
166,5409e0e46cb25c4d26df22e345d4fa53,FLUX.1-dev,1,3.4599281117201093
167,3c48f2b289ee49af7d78bf43d3e73334,FLUX.1-schnell,1,3.459619963074219
168,cccd2e76c4f6c04b92c7d5054d9a297c,imagen3,1,3.457847199345878
169,97ef70e989259fe49c501c95bae1134f,imagen3,1,3.4567828536655263
170,8890934bb871677b22cf1383dfeca314,imagen3,1,3.4462026640796357
171,e1b6c64b3c65e8e76327a4d018a6a519,FLUX.1-schnell,1,3.440009718279053
172,d4264adbfa1f3ab71cb7735f5b4c4217,FLUX.1-dev,1,3.432658811249963
173,d59e426900ec5efbab2e68b38a58dd3f,FLUX.1-schnell,1,3.4322300448376524
174,7e7a5d5f6b6f7d7e1b4c6a06e88ac739,imagen3,1,3.431063735835807
175,e0256b47ba201d02f3628a28b9e25458,FLUX.1-dev,1,3.429516072739794
176,b139de9220b89ec4a31a8574902a4729,FLUX.1-schnell,1,3.426177693066724
177,d67a561c20248b0f2efa2c053fd0d473,SD3-medium,1,3.425018226603089
178,c1665c556bd2ac16fa7337bc12842980,SD3-medium,1,3.4246948424233485
179,400984b87394ada6d9627ed918908986,FLUX.1-schnell,1,3.423461077180656
180,21b5baacb401b42092335cd05bac272d,imagen3,1,3.421824276294007
181,e2a0742ef3b9e88a0b4a1ef4f3aad4f3,imagen3,1,3.4191512022356867
182,1ddaaaf5b66325f9c53b7ff6812e5617,FLUX.1-schnell,1,3.417622764155449
183,dcb535d6f56922f8d54778b046310443,FLUX.1-dev,1,3.4151691835660087
184,42aa40af12a11b84bcb9232f6ca5253e,imagen3,1,3.414681803940061
185,d34b6f0fe7d036ba3dc3c6236d4bdc57,FLUX.1-schnell,1,3.412987016615542
186,e8dc7284cf97a1369994b03484c96b6f,SD3-medium,1,3.4098040945935746
187,920e1085a30117a8ffc41ab80dd5d956,FLUX.1-schnell,1,3.409635966384468
188,280538462171f6e9ed9bb87e4bb8b873,SD3-medium,1,3.4037077053690945
189,27fef1939b915a8b3627df6f525d1343,imagen3,1,3.399531201215346
190,2605533dbf4342badbd4c24c403a9dd7,FLUX.1-dev,1,3.399456104993628
191,88c58eb6d07959a2eeed3f92621e1098,FLUX.1-dev,1,3.394694417912267
192,717b3ebd438188f73511a62a27010d6d,FLUX.1-schnell,1,3.393460256523132
193,4662188f30900f0e242df98632adae4e,SD3-medium,1,3.392963479346108
194,35a9d773f6b49815407f57f71c9f1371,imagen3,1,3.390656807542214
195,8334db468daf574447be50b4c0cd894d,SD3-medium,1,3.3869549514015005
196,5dea3c9ee4b911fa1bbbdcd9d1695f3b,FLUX.1-dev,1,3.3859303041644657
197,370fbecad58ace69f6dbca19a6957014,FLUX.1-schnell,1,3.385402344928325
198,ba783d6487425929ba30a57bdc24e85b,imagen3,1,3.380184838861585
199,e22eb9ac525d8d5178014d96f024bb8d,FLUX.1-dev,1,3.3784440882215434
200,d59e426900ec5efbab2e68b38a58dd3f,FLUX.1-dev,1,3.3763697319384693
201,26f01d8e605c7ec63b8a98e8c92e4bdb,imagen3,1,3.3718449016024694
202,e36c66fbc72267ec6ad4216d347c99a2,FLUX.1-dev,1,3.365306154198393
203,4fa92b8ecb4ee46a942837447de1ac5c,FLUX.1-schnell,1,3.3633546660358613
204,da46dc5a1e9c2e2177afec559943111f,FLUX.1-schnell,1,3.35888078066959
205,4675c8a05dceccacb4445f859bfa7b25,SD3-medium,1,3.357676782602361
206,c976edc88703e2a2cb127c4f61a0f69b,SD3-medium,1,3.350682260618921
207,7f3f4b4b151f81d395e8f4b96a10c4cb,FLUX.1-schnell,1,3.350447745956351
208,c1665c556bd2ac16fa7337bc12842980,imagen3,1,3.350398438346995
209,27fef1939b915a8b3627df6f525d1343,SD3-medium,1,3.350001144730122
210,e339986bbfa79387dd93994f6ed68939,FLUX.1-dev,1,3.3436150324047835
211,27fef1939b915a8b3627df6f525d1343,FLUX.1-schnell,1,3.340589386068768
212,95e7deacfe5e03bd1c668d2ece54f77b,SD3-medium,1,3.3399087314299942
213,f32732119632130510d480c894336143,FLUX.1-schnell,1,3.335637613202067
214,26f350af0f6ee2fb314606ebc2b56e56,FLUX.1-schnell,1,3.334973793239648
215,b343b5eb2b6099e7b985c2952d56861c,imagen3,1,3.3326592975047333
216,c5410a4a4f32152af109601cee76f114,imagen3,1,3.3319626787428662
217,b2889436c6c0ed9d2a56f1ecda561798,FLUX.1-dev,1,3.329635708319323
218,f5be5054c01d8efc834d78a991356ad6,FLUX.1-dev,1,3.32942754595327
219,4aec41b3f871a80e3a1e6af01160ce8c,FLUX.1-schnell,1,3.3263935057096967
220,00b64869422e0011ff5bb492e56042cc,imagen3,1,3.325016114538508
221,d8ed4d9bcb553ba87c94b403133129d1,SD3-medium,1,3.324616853363188
222,bf5c2516006cade6a0369cf28395f80d,FLUX.1-dev,1,3.3209930101912484
223,586460a320d3e725cdf3f6032dd09f52,FLUX.1-dev,1,3.319480676758311
224,97ef70e989259fe49c501c95bae1134f,FLUX.1-dev,1,3.3192248793306582
225,8ea6b5d7e5ec536504ec6c60a7c08c57,imagen3,1,3.3065474197299007
226,ab853b21122d2dc4b8559eeec283a3e0,FLUX.1-schnell,1,3.306525086307242
227,cc9af24acb10683820d78b762aebccf6,imagen3,1,3.30464912724732
228,419069233102c3eefefbc96606e8ef12,FLUX.1-schnell,1,3.296195474044711
229,5cd94dfb0a4e090a7fd208735dfb07f9,FLUX.1-schnell,1,3.2955392886147585
230,b2ebe67ae558bec4435108d0b1afc6f5,FLUX.1-schnell,1,3.293495114398885
231,f540ff40a293ad6d035f5299542d72c1,FLUX.1-schnell,1,3.293001651306683
232,c5d98750587c012da16b14ff0addfc55,imagen3,1,3.2912685927905243
233,8890934bb871677b22cf1383dfeca314,FLUX.1-schnell,1,3.286127626078322
234,443caab923ca158ea5f23fff82ebcde0,FLUX.1-schnell,1,3.276065546692397
235,3fd25b58ad168bf098cbb3ea2d7a0919,imagen3,1,3.272360770875822
236,f1ad89b231af49114e2d733be9f5311b,FLUX.1-schnell,1,3.27205641432071
237,cc79618cb154e0bf7a44ae8a46e35c02,FLUX.1-schnell,1,3.271692574909963
238,7fc7ed44a93054286e9710dfc9f8b198,SD3-medium,1,3.256888298101498
239,4e7f917e80b38da62054e0dff13c6226,FLUX.1-schnell,1,3.255795498637585
240,e4f6ab5f5cb9df159221da2b6fc3ff67,imagen3,1,3.2541602314545166
241,e36c66fbc72267ec6ad4216d347c99a2,imagen3,1,3.2533549110481053
242,e8dc7284cf97a1369994b03484c96b6f,FLUX.1-dev,1,3.251644551846941
243,d8ed4d9bcb553ba87c94b403133129d1,imagen3,1,3.2502395206434733
244,4662188f30900f0e242df98632adae4e,imagen3,1,3.2474903768822463
245,a8a237b591fe13328c534c388b0e74cb,SD3-medium,1,3.246055473363413
246,e339986bbfa79387dd93994f6ed68939,FLUX.1-schnell,1,3.243636347008785
247,2aa4494e6e844cfe6b42212568410073,FLUX.1-dev,1,3.2430622842923125
248,2570d11c9dc782fb1b9ccca568e47255,FLUX.1-schnell,1,3.2388409687271498
249,dcb535d6f56922f8d54778b046310443,SD3-medium,1,3.238579176935939
250,213f329f29a7db7a5aa6fdcb223633f6,SD3-medium,1,3.236108414903355
251,85e6554aedd269c6a08c24ee4cd1f74b,imagen3,1,3.234302231207081
252,d67a561c20248b0f2efa2c053fd0d473,FLUX.1-dev,1,3.232536843429515
253,7aedc9650d5557babce4709d7e0d9809,FLUX.1-schnell,1,3.228235546732058
254,8ea6b5d7e5ec536504ec6c60a7c08c57,FLUX.1-dev,1,3.2281651412659054
255,2aa4494e6e844cfe6b42212568410073,SD3-medium,1,3.2225024506013877
256,ef35faa9748354726c96d555a4ef7fa4,FLUX.1-schnell,1,3.221939716576406
257,5695a48adb13ae6b78fafeff2f4acf3f,FLUX.1-schnell,1,3.220544139364408
258,193d05f68824dd6380fffac5f776fbc1,SD3-medium,1,3.2153769147030675
259,530c17080546549535625e004d876b0f,FLUX.1-schnell,1,3.213381951687418
260,4662188f30900f0e242df98632adae4e,FLUX.1-schnell,1,3.213081050703132
261,f063e002f01557d388b650360f30d7db,SD3-medium,1,3.211622114351138
262,3f13fd6024c6cdd12d0960415d68af39,FLUX.1-schnell,1,3.2080033045949854
263,801dc86d0553892bcac59059f21e836a,FLUX.1-schnell,1,3.2052011581822395
264,f4f26bc07206b48c47731495b1f34908,FLUX.1-schnell,1,3.2011112878186188
265,2dd8b68d660657bc856342aa439fdfc9,FLUX.1-schnell,1,3.198689360065238
266,c04f2a9e826cf68a7bca227d957d4b8f,SD3-medium,1,3.197414789665549
267,4aec41b3f871a80e3a1e6af01160ce8c,FLUX.1-dev,1,3.194439814437436
268,c38ea616e3511c8a0abee4750c0fba83,imagen3,1,3.1939569920094133
269,8f616c54067d0399619749dcad59e24b,FLUX.1-schnell,1,3.192193155150361
270,0cb87ff168cf338fee6161e5e1892211,SD3-medium,1,3.189747429856439
271,34d46a0d11895ef3564fc27b617a6da3,FLUX.1-dev,1,3.189048254857515
272,f5bd415c8855b11d15c48bc2c238ce79,SD3-medium,1,3.187744488420551
273,24886b1ee94679373a23c4e1f7e284c1,FLUX.1-dev,1,3.1874263422802813
274,11c35d04096c7832c1dfa8902e30a3b5,FLUX.1-dev,1,3.1829591440222864
275,88cbc54c42d71cf68280d97778fe3793,FLUX.1-schnell,1,3.18113311404326
276,ad249bba099568403dc6b97bc37f8d74,SD3-medium,1,3.1745145818578577
277,1cfff8d06348b8de1383a174a1f5722f,SD3-medium,1,3.1727480065019145
278,801dc86d0553892bcac59059f21e836a,FLUX.1-dev,1,3.162673807422961
279,c6658d87c608b631f5cc3fb5a8d89731,FLUX.1-schnell,1,3.161057803084451
280,6bb37f3b828386461d1de3ee5f90576a,FLUX.1-schnell,1,3.1605177294822253
281,181e5e67b826bfa3e5e6d2d43c6a656d,SD3-medium,1,3.15960111977171
282,4b83b096dbf4c2a504cda56163e6e4c6,FLUX.1-schnell,1,3.1594981233648
283,158940ed35886393409fff9d64396325,imagen3,1,3.1564326071041
284,d5872a43ee17348396975c5997d2e06e,FLUX.1-dev,1,3.148981149158092
285,f540ff40a293ad6d035f5299542d72c1,FLUX.1-dev,1,3.147670192955648
286,f5bd415c8855b11d15c48bc2c238ce79,FLUX.1-dev,1,3.1451850151171805
287,4d3463878a1be973d246e9a244f68b7d,imagen3,1,3.1445719816612963
288,edcf6fb2323b704cdffd7fd8eab3e6e7,imagen3,1,3.1442606789488075
289,116988640757321d4861a1d9ee2fa3ea,imagen3,1,3.1436686509210103
290,acda8851def5fe87ebfe17f4ca90e55e,SD3-medium,1,3.142718483938389
291,3f273e2068377a211ef755f97634dcbf,FLUX.1-schnell,1,3.1403813837786654
292,da3d98f041f723b9c1531675d54942ee,FLUX.1-schnell,1,3.1388494427948146
293,e22eb9ac525d8d5178014d96f024bb8d,FLUX.1-schnell,1,3.136336102864042
294,1ddaaaf5b66325f9c53b7ff6812e5617,FLUX.1-dev,1,3.135551561049865
295,80518befd628a47b67fcd9dc9afc50f0,SD3-medium,1,3.132749674161652
296,a089920d7fc2e69157a33bc9e11afa6a,FLUX.1-schnell,1,3.1314313592943464
297,3791ad4816a63dce7b6514b15d314b68,FLUX.1-schnell,1,3.1305138203205227
298,a587470bfb97fa33d7d71efc10da6f3f,FLUX.1-dev,1,3.12950251828277
299,af519e368a381a3aaa6ce8d7831929a1,SD3-medium,1,3.126514087438072
300,95e7deacfe5e03bd1c668d2ece54f77b,FLUX.1-dev,1,3.1212294562076077
301,6bb37f3b828386461d1de3ee5f90576a,FLUX.1-dev,1,3.1210688597989744
302,e4f7303a6daa79cc02877343a96f63f7,FLUX.1-dev,1,3.1206779978761343
303,be12c49d88fead760e8e1656a15e37ca,FLUX.1-schnell,1,3.120520289992318
304,c6658d87c608b631f5cc3fb5a8d89731,FLUX.1-dev,1,3.119985410283523
305,ff9229475734eba392aebf986b65e245,FLUX.1-schnell,1,3.1197572407933363
306,a587470bfb97fa33d7d71efc10da6f3f,SD3-medium,1,3.119162103608448
307,acda8851def5fe87ebfe17f4ca90e55e,imagen3,1,3.1143815068833947
308,ef35faa9748354726c96d555a4ef7fa4,FLUX.1-dev,1,3.1119678305505367
309,c5410a4a4f32152af109601cee76f114,FLUX.1-dev,1,3.110205730171864
310,72e19343f46a447bea2206c368a9692a,FLUX.1-schnell,1,3.1101984136980394
311,b343b5eb2b6099e7b985c2952d56861c,FLUX.1-schnell,1,3.107587255115783
312,9c7b270667f567c85d090047271061a6,FLUX.1-schnell,1,3.098552558408452
313,ccb73561248a2d0f4b92d5061926ab58,FLUX.1-schnell,1,3.0953901559644152
314,4eebb376fb5f1e1da2ef224167ed7798,FLUX.1-dev,1,3.091138496900058
315,3b9355409dd28c48c7675f2a5cc512b0,FLUX.1-dev,1,3.086082021879674
316,c38ea616e3511c8a0abee4750c0fba83,FLUX.1-dev,1,3.083457774232313
317,0f6cd456ade0adf0c1a0d4e522954d00,FLUX.1-schnell,1,3.080296782697112
318,0cb87ff168cf338fee6161e5e1892211,FLUX.1-dev,1,3.0790067798156526
319,9dd8a02a3336649721b0fd6f555339c7,FLUX.1-schnell,1,3.0765044243095434
320,26f01d8e605c7ec63b8a98e8c92e4bdb,FLUX.1-dev,1,3.075804617961804
321,edcf6fb2323b704cdffd7fd8eab3e6e7,SD3-medium,1,3.0748739634469766
322,a8a237b591fe13328c534c388b0e74cb,FLUX.1-dev,1,3.074193120567256
323,f540ff40a293ad6d035f5299542d72c1,SD3-medium,1,3.0712091034465816
324,193d05f68824dd6380fffac5f776fbc1,imagen3,1,3.0679166917876746
325,bc27c401acd50c0e7909227cc437081b,imagen3,1,3.067794590165289
326,2fd9ba5b5b5460400029bd5f0042d70a,SD3-medium,1,3.067629079428229
327,c04f2a9e826cf68a7bca227d957d4b8f,imagen3,1,3.064319085863638
328,97ef70e989259fe49c501c95bae1134f,SD3-medium,1,3.062162593785164
329,7fc7ed44a93054286e9710dfc9f8b198,FLUX.1-dev,1,3.06114619051798
330,671c5054b0d360ecde05cf691d00749a,imagen3,1,3.0597567134413355
331,443caab923ca158ea5f23fff82ebcde0,FLUX.1-dev,1,3.0590584898298285
332,9c6937e54c8b2437db605ca9c4282f72,SD3-medium,1,3.0528289133141437
333,9c7b270667f567c85d090047271061a6,FLUX.1-dev,1,3.051249554572083
334,4675c8a05dceccacb4445f859bfa7b25,FLUX.1-dev,1,3.050808451064203
335,3c48f2b289ee49af7d78bf43d3e73334,imagen3,1,3.050064299847282
336,b139de9220b89ec4a31a8574902a4729,SD3-medium,1,3.049816848474634
337,188ae508b4f6f3ec488c28d81f003088,SD3-medium,1,3.047192742342157
338,9671abb53805f8825d0209c7b5abad86,FLUX.1-schnell,1,3.0462465616464227
339,8205157acd6ac8837b60e9e31bcd53cf,FLUX.1-dev,1,3.0462312513272947
340,b4b583b9235055b9edf3891d4d6a72f3,FLUX.1-dev,1,3.0422054960167726
341,01d8472427bf120a4574ee3dbb3f1234,FLUX.1-schnell,1,3.0418829793199142
342,de9ec6c7868deef6bea804a402b8aa3e,SD3-medium,1,3.0415438705277107
343,9dd8a02a3336649721b0fd6f555339c7,FLUX.1-dev,1,3.0413696507273693
344,2621b232927be05baa04e60c6a32567b,SD3-medium,1,3.0409468671768893
345,f5b4095e500a5cf50ddd8fdc8cb05899,imagen3,1,3.040414067114358
346,02c3cf767c6845b3ec9a7b102d3b02fe,SD3-medium,1,3.0403614702148234
347,9c7b270667f567c85d090047271061a6,SD3-medium,1,3.03888480214933
348,b9bad0c68eb9ce94e02e9698c8cc429a,SD3-medium,1,3.0371476424908623
349,ccb73561248a2d0f4b92d5061926ab58,SD3-medium,1,3.035554746171026
350,4d5494621e78f96a102441a5b28d7295,FLUX.1-schnell,1,3.0354713939655147
351,3fd25b58ad168bf098cbb3ea2d7a0919,FLUX.1-dev,1,3.028099799313998
352,1cfff8d06348b8de1383a174a1f5722f,FLUX.1-schnell,1,3.025748625487484
353,2fcdfc60f8c9d1a32babeab5afc2741e,SD3-medium,1,3.024552835643909
354,a7c9a1e0c3f6ae110682e8b4c9712d9e,imagen3,1,3.024305665245428
355,677a544b4019010dcdcc4912d29ea4df,imagen3,1,3.022181542404668
356,88c58eb6d07959a2eeed3f92621e1098,SD3-medium,1,3.0221790381461062
357,a6e24d513319127d5295d6473d5750c0,SD3-medium,1,3.0221478747550607
358,4cc106e3817048a1f6f9de14ee367f21,SD3-medium,1,3.0208683558725795
359,d34b6f0fe7d036ba3dc3c6236d4bdc57,FLUX.1-dev,1,3.0191357196678443
360,bc9380cbd86240d26c0970f48b9d5a86,FLUX.1-dev,1,3.018998201585566
361,d9d2553779685ab0ecb8090e748c680d,FLUX.1-schnell,1,3.017706883256862
362,fec5b702c334623cc9e6b5191874364d,FLUX.1-schnell,1,3.017093281559986
363,5409e0e46cb25c4d26df22e345d4fa53,imagen3,1,3.0120621554606632
364,9cbf2594f339c0d3d0f0ea25c62af52b,imagen3,1,3.0109608002866075
365,1b8c4dc594ba04518bbd959d339806e6,FLUX.1-dev,1,3.004212457587085
366,4d5494621e78f96a102441a5b28d7295,SD3-medium,1,3.0041127897895894
367,d06035776d93bf5b101d3c377576ce1f,FLUX.1-schnell,1,3.003258206500746
368,861563ce5244c9db995ad355a9d04726,clic2020,0,3.0023227962541834
369,de9ec6c7868deef6bea804a402b8aa3e,FLUX.1-schnell,1,2.999409323520243
370,d4330aaa55e61b1caf639da7581f9f90,FLUX.1-schnell,1,2.997340061045156
371,aa8ada79ffbdcdb385aedf23bb89bebe,FLUX.1-dev,1,2.9969264783824894
372,58f01141f2e59ac84e8f303b637bc865,SD3-medium,1,2.991668517632549
373,85e6554aedd269c6a08c24ee4cd1f74b,SD3-medium,1,2.991480399645639
374,18089fbcc1e1cec439176833d87eda1d,FLUX.1-schnell,1,2.9822144731690647
375,2c01c3bf314188823f6f3f26edb0feec,FLUX.1-dev,1,2.9777559100954507
376,8f616c54067d0399619749dcad59e24b,imagen3,1,2.9771922614194946
377,fd310b01839717c9aa5711e074d8eb7c,FLUX.1-dev,1,2.97682413278832
378,a221bc8a7db67f74a3379de0794ddcab,FLUX.1-dev,1,2.973075641337837
379,586460a320d3e725cdf3f6032dd09f52,imagen3,1,2.972851803885878
380,22021159ddb73a620845904ce7c16fd6,imagen3,1,2.972229522004292
381,b8e9aa00e39cec57a606fb4484969256,imagen3,1,2.972129058891261
382,8c6fc04c5161cb542be6c1d6fd47ca1b,SD3-medium,1,2.970053203177171
383,61b8f705d907b64bc4be9b69c25c1fc6,SD3-medium,1,2.9697724471699374
384,09977e7621465cca10e71993a7f3632c,FLUX.1-dev,1,2.9673572381517515
385,72e19343f46a447bea2206c368a9692a,FLUX.1-dev,1,2.964915714084592
386,a251fc93b93865a1649bdcdb1989dea0,SD3-medium,1,2.964166585609904
387,90b622e11ecc37edd42297427403ee81,FLUX.1-dev,1,2.962443969188321
388,b1b8f33917a40c9d0b118ef801de67d4,SD3-medium,1,2.9623591224819457
389,6b1a11db98c6eb1dbd2192201dade5e4,SD3-medium,1,2.96132887983358
390,a251fc93b93865a1649bdcdb1989dea0,FLUX.1-schnell,1,2.961039116926436
391,af519e368a381a3aaa6ce8d7831929a1,FLUX.1-dev,1,2.9572552558078757
392,cb569a93b37b58d834342a84458ed8e9,SD3-medium,1,2.9564540509368835
393,4e097d8074368e03be0f9de961650134,FLUX.1-schnell,1,2.952974145498996
394,2cf106dff80465f974931b802427e6ea,FLUX.1-dev,1,2.9504892523200192
395,e40086afe08c89d049278f57c9e07b54,imagen3,1,2.9502111439713614
396,ccb73561248a2d0f4b92d5061926ab58,FLUX.1-dev,1,2.9475898201771518
397,bbc65982ad8ffb6c04e1f9bc07fd4a71,FLUX.1-dev,1,2.945894007140656
398,b97e45dd7422d8709fa0a2fcb004030c,FLUX.1-schnell,1,2.943409617246711
399,8ba19447ea8e56002881d89c34d58d92,FLUX.1-dev,1,2.94319651806325
400,08052112d0151f7c9ac4879f838d5a0c,FLUX.1-dev,1,2.942575906578894
401,116988640757321d4861a1d9ee2fa3ea,FLUX.1-dev,1,2.942548606929741
402,861563ce5244c9db995ad355a9d04726,FLUX.1-schnell,1,2.937619276791567
403,509114453b90646a0356cc663be09800,FLUX.1-dev,1,2.9371716683304347
404,e59de00aa94a46c8af3302273c64971c,SD3-medium,1,2.934342848559207
405,213f329f29a7db7a5aa6fdcb223633f6,FLUX.1-schnell,1,2.934159930257493
406,ab51b8d51fe3b6df38666e80746ae81d,SD3-medium,1,2.932529724899726
407,b24c97dfebfb0722cc3fd9b3ecfb6634,SD3-medium,1,2.9281861864845062
408,e59de00aa94a46c8af3302273c64971c,FLUX.1-schnell,1,2.9266794873575708
409,46c1831600829ae8b30c6b06557424ef,SD3-medium,1,2.9254603671319788
410,c9f6a2308316c232484bf2e3a1b92f44,FLUX.1-schnell,1,2.924711434081253
411,ab51b8d51fe3b6df38666e80746ae81d,FLUX.1-dev,1,2.9207995285637542
412,419069233102c3eefefbc96606e8ef12,SD3-medium,1,2.916397137462055
413,b9bad0c68eb9ce94e02e9698c8cc429a,FLUX.1-dev,1,2.915650063044588
414,3fe26cdf751f3543807aa68dbe8a4f76,FLUX.1-schnell,1,2.914882715605889
415,13e29b215d633214a14bebf2a3bf9a44,FLUX.1-dev,1,2.913973976677195
416,b8e1f555b6fc24eeff1c2a433ff1a797,SD3-medium,1,2.910554390412961
417,95e7deacfe5e03bd1c668d2ece54f77b,clic2020,0,2.909583387112926
418,2a4a019c669ffec1ff91b094c627adaf,imagen3,1,2.9089005652446307
419,84b3901233efc1ee31d52fb30bfd0e9c,FLUX.1-schnell,1,2.907661460653303
420,7f2fd43e3381825bd0f9e5fc3c373ba2,SD3-medium,1,2.9059638526152187
421,1487aded81fd845e26acc5b869c7fa4a,FLUX.1-schnell,1,2.9058570327561557
422,d67a561c20248b0f2efa2c053fd0d473,FLUX.1-schnell,1,2.905600324578614
423,8ba19447ea8e56002881d89c34d58d92,SD3-medium,1,2.904428889797004
424,154830debaf6a263a2622601b5040477,SD3-medium,1,2.9006267863398434
425,767bcd748d222c2ee1684a98a86b4472,FLUX.1-schnell,1,2.8998575637562967
426,08eba944d75efaf0bf3390e68c8d03b0,imagen3,1,2.8972400789366666
427,988bba76cd470c3c2b10884c6c0a841c,FLUX.1-dev,1,2.892897858314808
428,c4ae84e582eaa22437bf904291595bf2,imagen3,1,2.8925053842462747
429,8067178f9601aaeceff4858368e112bf,FLUX.1-dev,1,2.891591735349015
430,93c642169ef5e111dde1b823fdc566a2,imagen3,1,2.888643776260057
431,9c205eb2c6a21f512fb2209c6d772706,imagen3,1,2.888251708769756
432,6e8e3df4edba76eb404df781a3da8cbb,imagen3,1,2.887505672537237
433,f08f3ef916c58192dcbd10a8c70d361f,FLUX.1-dev,1,2.8855895500837585
434,4d3463878a1be973d246e9a244f68b7d,FLUX.1-schnell,1,2.8784582844648847
435,1b8c4dc594ba04518bbd959d339806e6,FLUX.1-schnell,1,2.8745749348400533
436,4cc106e3817048a1f6f9de14ee367f21,FLUX.1-schnell,1,2.8743246187649065
437,8ba19447ea8e56002881d89c34d58d92,FLUX.1-schnell,1,2.8733168495136603
438,370fbecad58ace69f6dbca19a6957014,imagen3,1,2.871169550628144
439,24886b1ee94679373a23c4e1f7e284c1,imagen3,1,2.870317791425926
440,e74885c08f264b026dead7d94cf6594d,FLUX.1-schnell,1,2.8686729215514317
441,42aa40af12a11b84bcb9232f6ca5253e,FLUX.1-schnell,1,2.8685912633139066
442,7b24818b50b237e502099fbde866c691,FLUX.1-schnell,1,2.865825783748394
443,aaec75d88bc62818237cdf29a64eee9d,SD3-medium,1,2.864806933169428
444,213f329f29a7db7a5aa6fdcb223633f6,FLUX.1-dev,1,2.8626461368511595
445,56ad924f096764d2f564c2cfdfacbdf2,FLUX.1-dev,1,2.859496499310198
446,a152fe7dd46972ed231c3f719e0cf9c7,FLUX.1-dev,1,2.855166632004289
447,4cc106e3817048a1f6f9de14ee367f21,FLUX.1-dev,1,2.8536770886871365
448,055829c676c9e6f3ba6b502583d7018d,FLUX.1-dev,1,2.8529865236362757
449,8067178f9601aaeceff4858368e112bf,FLUX.1-schnell,1,2.851604434885829
450,7b15bd76c8b0d936178672036648c8e6,FLUX.1-schnell,1,2.8513132260768863
451,1c1e89258c38f044d27681546a343b74,FLUX.1-schnell,1,2.8462067408011427
452,2cf106dff80465f974931b802427e6ea,SD3-medium,1,2.843376628642155
453,1c1e89258c38f044d27681546a343b74,SD3-medium,1,2.837818581568934
454,a881337d5fbc76b41e338c70bbe15427,SD3-medium,1,2.836068670695464
455,e4f7303a6daa79cc02877343a96f63f7,imagen3,1,2.832543150975908
456,0895f500d26929e69910169a8a396050,FLUX.1-dev,1,2.8325185586599853
457,0d57c99aa83305d93d8fc5d21910343a,FLUX.1-dev,1,2.83133061890402
458,a7c9a1e0c3f6ae110682e8b4c9712d9e,FLUX.1-dev,1,2.830279770707999
459,ca3b42b31af227b5e99d3601f37a7d3d,FLUX.1-dev,1,2.8297755570121925
460,671c5054b0d360ecde05cf691d00749a,FLUX.1-schnell,1,2.8269822209200264
461,da5cb712f89e81f74a944aea5c08705c,FLUX.1-schnell,1,2.826854525869843
462,de9ec6c7868deef6bea804a402b8aa3e,FLUX.1-dev,1,2.826231820956007
463,6de46b6211e4d1f01022f5eba862806b,FLUX.1-schnell,1,2.825314719665056
464,ef35faa9748354726c96d555a4ef7fa4,SD3-medium,1,2.82348577079096
465,00ce72ef820369df798001e9a28bf34f,FLUX.1-schnell,1,2.8186041755977915
466,bd66e378552d42b2772361b4f5f80a15,FLUX.1-schnell,1,2.8185292744625743
467,f12c6f76b22c29f2ee1681e575e7d487,FLUX.1-schnell,1,2.814123195066118
468,d5872a43ee17348396975c5997d2e06e,FLUX.1-schnell,1,2.8126574757996843
469,ab853b21122d2dc4b8559eeec283a3e0,FLUX.1-dev,1,2.8078684531332394
470,0f6cd456ade0adf0c1a0d4e522954d00,FLUX.1-dev,1,2.8068948261540827
471,4700c79789bc9676b12ab5c6bc3d5e66,FLUX.1-schnell,1,2.8056757461878794
472,22021159ddb73a620845904ce7c16fd6,FLUX.1-dev,1,2.802455587888913
473,1ac06ad4b53f9880698aaaaa730363c6,FLUX.1-dev,1,2.802217794246536
474,f5003421985a7a5de8a4b36e073fd6ef,FLUX.1-schnell,1,2.799269054596542
475,7bf886e9dea28f95a747d020ebc085cd,SD3-medium,1,2.797646164310607
476,2c01c3bf314188823f6f3f26edb0feec,FLUX.1-schnell,1,2.794703853368619
477,b7e4d8bc8f176ddcf2f1b2fb8130d697,FLUX.1-schnell,1,2.793944484926066
478,a2c0e93de410f9e3e992572d084f317a,imagen3,1,2.7938550912194087
479,7aa4d894454c867a6d68e2f28d9b42ce,SD3-medium,1,2.792987757155747
480,26f01d8e605c7ec63b8a98e8c92e4bdb,SD3-medium,1,2.791272435323416
481,21950943ce77f421f03a52ada741d1d9,FLUX.1-schnell,1,2.790411939170452
482,d1cef2cff53a9223fe63244d91f59c4d,FLUX.1-dev,1,2.79007063732906
483,b2ebe67ae558bec4435108d0b1afc6f5,FLUX.1-dev,1,2.7898458251884586
484,055829c676c9e6f3ba6b502583d7018d,SD3-medium,1,2.789416862926007
485,9c205eb2c6a21f512fb2209c6d772706,FLUX.1-dev,1,2.7887480947268943
486,a6e24d513319127d5295d6473d5750c0,imagen3,1,2.785213056815883
487,3abbb07f7c75b68ab4b60c0fea6d3c23,FLUX.1-schnell,1,2.784950892040981
488,2dd8b68d660657bc856342aa439fdfc9,SD3-medium,1,2.783820193734301
489,00b64869422e0011ff5bb492e56042cc,SD3-medium,1,2.782747059812656
490,4d5494621e78f96a102441a5b28d7295,FLUX.1-dev,1,2.782223582387563
491,188ae508b4f6f3ec488c28d81f003088,imagen3,1,2.7782084523803947
492,aaec75d88bc62818237cdf29a64eee9d,FLUX.1-dev,1,2.7767147093578943
493,801dc86d0553892bcac59059f21e836a,imagen3,1,2.7767136333434483
494,b24c97dfebfb0722cc3fd9b3ecfb6634,FLUX.1-schnell,1,2.770735456206252
495,d96927c83af87ff3afdc8c09c77d716c,SD3-medium,1,2.7669570237921404
496,d96927c83af87ff3afdc8c09c77d716c,FLUX.1-dev,1,2.76680902308246
497,2fd9ba5b5b5460400029bd5f0042d70a,FLUX.1-schnell,1,2.766297895922232
498,116988640757321d4861a1d9ee2fa3ea,SD3-medium,1,2.765053312877784
499,419069233102c3eefefbc96606e8ef12,FLUX.1-dev,1,2.7643472051895417
500,9c6937e54c8b2437db605ca9c4282f72,FLUX.1-schnell,1,2.759836364358496
501,861563ce5244c9db995ad355a9d04726,SD3-medium,1,2.759602068386525
502,80bd7a4aa85272ba69f64e6e682ea255,SD3-medium,1,2.759072295671661
503,6f05b342c398f3310f9d97a29a31037b,FLUX.1-schnell,1,2.7587215955616893
504,5409e0e46cb25c4d26df22e345d4fa53,FLUX.1-schnell,1,2.7564030359771188
505,4675c8a05dceccacb4445f859bfa7b25,FLUX.1-schnell,1,2.7548189783668784
506,e58eeecc69309177f30808d671d08a55,FLUX.1-dev,1,2.753956113769437
507,b4b583b9235055b9edf3891d4d6a72f3,SD3-medium,1,2.7535836626267023
508,35a9d773f6b49815407f57f71c9f1371,FLUX.1-dev,1,2.751063640931608
509,b89a3febf8ad324260140835bd01734c,FLUX.1-schnell,1,2.750654373342207
510,bbc65982ad8ffb6c04e1f9bc07fd4a71,FLUX.1-schnell,1,2.74794351557052
511,81522064f61ba1c9ec111bb349851bca,FLUX.1-dev,1,2.746657615724031
512,58c136e73333a653f526e186ae264606,SD3-medium,1,2.74664089956548
513,1eb25e2f93bf239c5498c407e9075359,FLUX.1-dev,1,2.745461115897516
514,da5cb712f89e81f74a944aea5c08705c,FLUX.1-dev,1,2.74182889074333
515,5dea3c9ee4b911fa1bbbdcd9d1695f3b,FLUX.1-schnell,1,2.741565787484792
516,1c1e89258c38f044d27681546a343b74,imagen3,1,2.740968404480026
517,2fd9ba5b5b5460400029bd5f0042d70a,imagen3,1,2.739512527615662
518,7e7a5d5f6b6f7d7e1b4c6a06e88ac739,FLUX.1-dev,1,2.7382310127771823
519,1035a35332e08ee1e7793f7be86d6ca1,SD3-medium,1,2.7376064277621737
520,f08f3ef916c58192dcbd10a8c70d361f,FLUX.1-schnell,1,2.73701318827679
521,b8e9aa00e39cec57a606fb4484969256,FLUX.1-dev,1,2.73672672397416
522,6b1a11db98c6eb1dbd2192201dade5e4,FLUX.1-dev,1,2.7357844527481503
523,2fcdfc60f8c9d1a32babeab5afc2741e,FLUX.1-dev,1,2.729695853783119
524,2aa4494e6e844cfe6b42212568410073,imagen3,1,2.726708251410795
525,988bba76cd470c3c2b10884c6c0a841c,FLUX.1-schnell,1,2.724731738236954
526,7670140abef0ebe20ccabbcf35ddc594,SD3-medium,1,2.724576821465887
527,acda8851def5fe87ebfe17f4ca90e55e,FLUX.1-dev,1,2.723260839797353
528,fc675141e27165a3cda501eedc542bca,FLUX.1-dev,1,2.721384397358199
529,9ffd913d79523f1322dbfaf6717e2004,SD3-medium,1,2.7203215438091544
530,e0256b47ba201d02f3628a28b9e25458,imagen3,1,2.718395900133796
531,66bb5b4192682480a9d4a0ad344da99f,SD3-medium,1,2.7114838102265195
532,2fcdfc60f8c9d1a32babeab5afc2741e,FLUX.1-schnell,1,2.7081799497867363
533,1ddaaaf5b66325f9c53b7ff6812e5617,SD3-medium,1,2.706506977975763
534,2f997f58b6f4a3301941f5bb543c3b7f,imagen3,1,2.7037821716821355
535,ff52b7548f7024b96d2cea64e5e061b7,SD3-medium,1,2.700758100913741
536,b1d4da6374ee5912cde1df9b26d93667,SD3-medium,1,2.6999090371672603
537,f851c62b712ee4bb3d6f1f997a3d14b6,imagen3,1,2.696387492538508
538,a6e24d513319127d5295d6473d5750c0,FLUX.1-schnell,1,2.695110486367396
539,2621b232927be05baa04e60c6a32567b,FLUX.1-dev,1,2.693837771304116
540,b343b5eb2b6099e7b985c2952d56861c,SD3-medium,1,2.6937070093734903
541,f5b4095e500a5cf50ddd8fdc8cb05899,FLUX.1-dev,1,2.693278340739988
542,e94cae36e4e7ddfd40f611fe0b6a1c16,FLUX.1-dev,1,2.692844407369401
543,3fe26cdf751f3543807aa68dbe8a4f76,FLUX.1-dev,1,2.6917836921754628
544,d96927c83af87ff3afdc8c09c77d716c,imagen3,1,2.690336959286057
545,fc02b24bd4ed72f9db555a28a8285df6,SD3-medium,1,2.687862249341299
546,5a5dc6fbbb29b668948f04fde7e50985,SD3-medium,1,2.6873865039340616
547,8d8e9dfb946c8c62312fe793c674c943,SD3-medium,1,2.6812650665037774
548,be12c49d88fead760e8e1656a15e37ca,FLUX.1-dev,1,2.680776981367848
549,767bcd748d222c2ee1684a98a86b4472,FLUX.1-dev,1,2.678540022206682
550,e59de00aa94a46c8af3302273c64971c,imagen3,1,2.677584688630887
551,52b914dc6a9b34022bfd24cc0c0c410e,FLUX.1-schnell,1,2.676393123372228
552,e94cae36e4e7ddfd40f611fe0b6a1c16,imagen3,1,2.6749830351072608
553,00ce72ef820369df798001e9a28bf34f,FLUX.1-dev,1,2.6741596170285624
554,d542411baac09dfc9e75b9c1b0532d94,SD3-medium,1,2.6739239129810164
555,b1b8f33917a40c9d0b118ef801de67d4,imagen3,1,2.672599385457464
556,1035a35332e08ee1e7793f7be86d6ca1,FLUX.1-schnell,1,2.67088547597254
557,6b1a11db98c6eb1dbd2192201dade5e4,imagen3,1,2.669711534349536
558,f7a9e7f720ddedf382957ff3cc40d18c,imagen3,1,2.669507595620294
559,8ea6b5d7e5ec536504ec6c60a7c08c57,FLUX.1-schnell,1,2.668197873351189
560,2c01c3bf314188823f6f3f26edb0feec,SD3-medium,1,2.667762917539457
561,11c35d04096c7832c1dfa8902e30a3b5,imagen3,1,2.6671959598924437
562,055829c676c9e6f3ba6b502583d7018d,FLUX.1-schnell,1,2.6644957054623264
563,3b9355409dd28c48c7675f2a5cc512b0,imagen3,1,2.662207041085327
564,18063501d62e8fa785e4f688350bc2b3,FLUX.1-schnell,1,2.660520165856143
565,f063e002f01557d388b650360f30d7db,FLUX.1-schnell,1,2.659118827508977
566,bc27c401acd50c0e7909227cc437081b,FLUX.1-schnell,1,2.658896933718835
567,76d1283076915e256ec0de2d6729f937,FLUX.1-schnell,1,2.654145166762964
568,fd310b01839717c9aa5711e074d8eb7c,imagen3,1,2.6532207460925434
569,1891b8e2500c192e3c9ec32b48ab32a7,imagen3,1,2.651296717084384
570,c04f2a9e826cf68a7bca227d957d4b8f,FLUX.1-dev,1,2.650815887936782
571,26f350af0f6ee2fb314606ebc2b56e56,SD3-medium,1,2.650546737476672
572,458319fbebd20861fa0756e113078b49,FLUX.1-schnell,1,2.644311404972993
573,12e237070b800d8d4602fb0892591464,FLUX.1-dev,1,2.6439594126183934
574,ff9229475734eba392aebf986b65e245,FLUX.1-dev,1,2.6429789805351547
575,0824bfaef8a290439690f35b7602d682,FLUX.1-schnell,1,2.6426840194842924
576,2f997f58b6f4a3301941f5bb543c3b7f,FLUX.1-schnell,1,2.6420359383592813
577,aadfa4b23c5060bad9c2894facc2714b,SD3-medium,1,2.6391902486577274
578,cc79618cb154e0bf7a44ae8a46e35c02,SD3-medium,1,2.638791466716845
579,7b24818b50b237e502099fbde866c691,SD3-medium,1,2.638687915875213
580,da304ab2b27c21508612f6ea44dae584,SD3-medium,1,2.637996490204189
581,47c89585d70d8819fbc0ab9911880f08,SD3-medium,1,2.635900506599299
582,2549da5a85cad05e36b910c942bf373b,imagen3,1,2.632847620476383
583,b139de9220b89ec4a31a8574902a4729,FLUX.1-dev,1,2.625879314400811
584,f4f26bc07206b48c47731495b1f34908,SD3-medium,1,2.623821480321314
585,509114453b90646a0356cc663be09800,SD3-medium,1,2.623055097200817
586,8e1996cb7329defee7f3003d1255b964,SD3-medium,1,2.6169920544887617
587,4d5494621e78f96a102441a5b28d7295,imagen3,1,2.616114086888585
588,e92090da48b0a9466eb3b259d16b27d4,FLUX.1-dev,1,2.615437958351479
589,b78e795dc6c3024b9cbb4fe9e2889609,FLUX.1-dev,1,2.6148965189335374
590,61b8f705d907b64bc4be9b69c25c1fc6,imagen3,1,2.614874595106956
591,dc5a3d923ffd8347f5b1e92ca52335cf,FLUX.1-dev,1,2.609796709529577
592,18063501d62e8fa785e4f688350bc2b3,FLUX.1-dev,1,2.609658225586263
593,a221bc8a7db67f74a3379de0794ddcab,imagen3,1,2.60732065112277
594,c6658d87c608b631f5cc3fb5a8d89731,imagen3,1,2.606757726371882
595,e0256b47ba201d02f3628a28b9e25458,FLUX.1-schnell,1,2.6067150868895723
596,aa716426255844b75298e7a9876e6246,FLUX.1-schnell,1,2.605390669849055
597,66bb5b4192682480a9d4a0ad344da99f,FLUX.1-schnell,1,2.603008540204152
598,4b1593698a8cad4f69d6d37b33d8f5f1,FLUX.1-schnell,1,2.602999259416185
599,9dd8a02a3336649721b0fd6f555339c7,SD3-medium,1,2.6026536830356832
600,ff52b7548f7024b96d2cea64e5e061b7,FLUX.1-schnell,1,2.601964736000647
601,23b84f3ab4862f3b6812a740fe0f7a9f,FLUX.1-schnell,1,2.601831267610315
602,1035a35332e08ee1e7793f7be86d6ca1,FLUX.1-dev,1,2.5984037241392834
603,1c55a04d89db0050a78e50fe10385da2,FLUX.1-dev,1,2.5962593377280747
604,1ddaaaf5b66325f9c53b7ff6812e5617,imagen3,1,2.5959178506433247
605,b29c46fa542667cf154003cc4a49fe81,imagen3,1,2.591116699829991
606,cc79618cb154e0bf7a44ae8a46e35c02,FLUX.1-dev,1,2.590823561514987
607,4fa92b8ecb4ee46a942837447de1ac5c,FLUX.1-dev,1,2.5879450625158222
608,d65abb6a325f1cc23ac6d233d0dd0927,FLUX.1-schnell,1,2.5858703037456907
609,ceb358db324b5d0957b4afe92fd81a81,FLUX.1-dev,1,2.5855256524067403
610,8d8e9dfb946c8c62312fe793c674c943,imagen3,1,2.584399436720304
611,671c5054b0d360ecde05cf691d00749a,FLUX.1-dev,1,2.581729337685312
612,1fadb467d5e18a1952eb3d1a9bb1fac3,SD3-medium,1,2.5814357012072127
613,e4f6ab5f5cb9df159221da2b6fc3ff67,FLUX.1-dev,1,2.580527301136988
614,7e920682d80ca287c6d84990ee495b84,FLUX.1-dev,1,2.580115067650977
615,b4b583b9235055b9edf3891d4d6a72f3,FLUX.1-schnell,1,2.5770104055564325
616,06930eb49786d4ffdb886a19b999e18a,FLUX.1-schnell,1,2.5754623272740598
617,0ec4f143050cb4aa6d05646e927b507e,SD3-medium,1,2.573461891235445
618,2570d11c9dc782fb1b9ccca568e47255,SD3-medium,1,2.57306975328024
619,12e237070b800d8d4602fb0892591464,FLUX.1-schnell,1,2.5728519029435755
620,5064e69f56e68b4ad197102503fa4d3a,SD3-medium,1,2.572518416700798
621,bc27c401acd50c0e7909227cc437081b,FLUX.1-dev,1,2.571088162126915
622,34d46a0d11895ef3564fc27b617a6da3,SD3-medium,1,2.570086332748584
623,c62391423a371279c935644353fbc6d8,SD3-medium,1,2.5700422100939915
624,88c58eb6d07959a2eeed3f92621e1098,FLUX.1-schnell,1,2.569775658809073
625,90b622e11ecc37edd42297427403ee81,FLUX.1-schnell,1,2.569656582431672
626,d542411baac09dfc9e75b9c1b0532d94,FLUX.1-schnell,1,2.568486404419051
627,e36c66fbc72267ec6ad4216d347c99a2,clic2020,0,2.56664293098285
628,213f329f29a7db7a5aa6fdcb223633f6,imagen3,1,2.5650794352570783
629,42aa40af12a11b84bcb9232f6ca5253e,FLUX.1-dev,1,2.5645810129630298
630,d1cef2cff53a9223fe63244d91f59c4d,SD3-medium,1,2.5642814827086813
631,3f13fd6024c6cdd12d0960415d68af39,FLUX.1-dev,1,2.5612624345491435
632,b89a3febf8ad324260140835bd01734c,SD3-medium,1,2.558381589119008
633,b3f25cd2833a0d0b196600245ba71f57,FLUX.1-dev,1,2.557733883887863
634,d3193a7f11f8d49e5231d56ba7dbffbc,FLUX.1-schnell,1,2.556546482620033
635,400984b87394ada6d9627ed918908986,imagen3,1,2.5529232369812958
636,b5cf844d1140abfb736be201153c729c,FLUX.1-dev,1,2.5525776585821807
637,2605533dbf4342badbd4c24c403a9dd7,FLUX.1-schnell,1,2.5510803481994846
638,944c1dca7495abef15edded463ab6a83,imagen3,1,2.548660072532532
639,9671abb53805f8825d0209c7b5abad86,imagen3,1,2.5485911572957387
640,d542411baac09dfc9e75b9c1b0532d94,FLUX.1-dev,1,2.5476204442257075
641,56ad924f096764d2f564c2cfdfacbdf2,FLUX.1-schnell,1,2.547037887165428
642,a65da8c2d823e65fb171a21915d39f45,imagen3,1,2.544405745883025
643,f2fa8ce472bd4021c533d9529c0d55b5,FLUX.1-dev,1,2.5430664682186506
644,e903c4f4684100a6dbac1f0b9b4de760,imagen3,1,2.5406703952800767
645,d34b6f0fe7d036ba3dc3c6236d4bdc57,SD3-medium,1,2.534240348267697
646,b3f25cd2833a0d0b196600245ba71f57,FLUX.1-schnell,1,2.533414642561515
647,d65abb6a325f1cc23ac6d233d0dd0927,SD3-medium,1,2.532255307631077
648,2dd8b68d660657bc856342aa439fdfc9,FLUX.1-dev,1,2.529332178840776
649,503878b1573c8c95acd532516e6df2aa,FLUX.1-schnell,1,2.5291627146895785
650,e903c4f4684100a6dbac1f0b9b4de760,FLUX.1-dev,1,2.529019670879192
651,2bb1fee0867d8c551ce51b3bae40e101,FLUX.1-schnell,1,2.5281979779033694
652,4e097d8074368e03be0f9de961650134,SD3-medium,1,2.526661473104797
653,1ac06ad4b53f9880698aaaaa730363c6,FLUX.1-schnell,1,2.5237583485539226
654,f7a9e7f720ddedf382957ff3cc40d18c,SD3-medium,1,2.522347166764216
655,3fd25b58ad168bf098cbb3ea2d7a0919,SD3-medium,1,2.521116090645336
656,4aec41b3f871a80e3a1e6af01160ce8c,imagen3,1,2.5205015337267778
657,8890934bb871677b22cf1383dfeca314,SD3-medium,1,2.519863887010364
658,b9bad0c68eb9ce94e02e9698c8cc429a,FLUX.1-schnell,1,2.518866125360665
659,c75162f6bea06103966d71566285ee15,FLUX.1-schnell,1,2.5180455292261543
660,ef35faa9748354726c96d555a4ef7fa4,imagen3,1,2.5167317076641025
661,586460a320d3e725cdf3f6032dd09f52,SD3-medium,1,2.5166148489040423
662,ceb358db324b5d0957b4afe92fd81a81,SD3-medium,1,2.5145226331619
663,6de46b6211e4d1f01022f5eba862806b,imagen3,1,2.513126664740318
664,0824bfaef8a290439690f35b7602d682,FLUX.1-dev,1,2.509863322632369
665,b78e795dc6c3024b9cbb4fe9e2889609,SD3-medium,1,2.509441061470969
666,08eba944d75efaf0bf3390e68c8d03b0,SD3-medium,1,2.506626214011054
667,b1400e99ef413c8fee7d5c0be41d7d1e,FLUX.1-dev,1,2.50609825184147
668,24886b1ee94679373a23c4e1f7e284c1,SD3-medium,1,2.500095018331299
669,55d9113e3e7ce686fd6256f468b0b977,FLUX.1-schnell,1,2.499200307902174
670,615db6f953577cdaf9e252c1feb451e8,SD3-medium,1,2.4982696842167904
671,c9f6a2308316c232484bf2e3a1b92f44,SD3-medium,1,2.4980587464036037
672,f917410f6a2f5e6ff29b42e40d026981,SD3-medium,1,2.497974042572578
673,2570d11c9dc782fb1b9ccca568e47255,imagen3,1,2.497630913176473
674,8c3f64635c07801bc2c9def490a27168,FLUX.1-dev,1,2.4971642107276955
675,9c7b270667f567c85d090047271061a6,imagen3,1,2.497076323080522
676,9ffd913d79523f1322dbfaf6717e2004,FLUX.1-schnell,1,2.4968745964830186
677,400984b87394ada6d9627ed918908986,FLUX.1-dev,1,2.495932868755655
678,11c35d04096c7832c1dfa8902e30a3b5,SD3-medium,1,2.4959020614837204
679,8d3e3ddf0959e772961d10e47f60e72e,SD3-medium,1,2.4957857923198983
680,7601c27e32cf71e3856bc7147057efd9,SD3-medium,1,2.495691532240954
681,b3f371e9f3aa7d427d64a22001d156d8,FLUX.1-schnell,1,2.4937809614480333
682,7b24818b50b237e502099fbde866c691,FLUX.1-dev,1,2.493617463663747
683,ad0f3343588aea78ed975da9b55d0f6a,FLUX.1-schnell,1,2.491647118755545
684,b2ebe67ae558bec4435108d0b1afc6f5,SD3-medium,1,2.490796025191093
685,988bba76cd470c3c2b10884c6c0a841c,SD3-medium,1,2.490161820692613
686,a221bc8a7db67f74a3379de0794ddcab,FLUX.1-schnell,1,2.488534955278657
687,f32732119632130510d480c894336143,FLUX.1-dev,1,2.4874543903739257
688,9f5a3c436121dd72c45c1adb1597f508,FLUX.1-dev,1,2.486939805482098
689,b9fc47c6e253ce07e5be10c4f73a59a0,FLUX.1-schnell,1,2.485008791693832
690,1246a1ceedd35a125a01a8b0a0e7d370,SD3-medium,1,2.484866404896355
691,da46dc5a1e9c2e2177afec559943111f,SD3-medium,1,2.4842350024568427
692,23b84f3ab4862f3b6812a740fe0f7a9f,SD3-medium,1,2.483527483606167
693,34d46a0d11895ef3564fc27b617a6da3,imagen3,1,2.480344810904163
694,3791ad4816a63dce7b6514b15d314b68,FLUX.1-dev,1,2.4801087886762145
695,b1b8f33917a40c9d0b118ef801de67d4,FLUX.1-schnell,1,2.4786064550195555
696,e56cf453c10279a81700c395e293e4ff,FLUX.1-schnell,1,2.477037659746592
697,e92090da48b0a9466eb3b259d16b27d4,FLUX.1-schnell,1,2.4750318274400867
698,a8a237b591fe13328c534c388b0e74cb,FLUX.1-schnell,1,2.4743928285247034
699,1b8c4dc594ba04518bbd959d339806e6,imagen3,1,2.4740067646761656
700,0f5157fea733e2b9f9808020286df79c,SD3-medium,1,2.473836701922885
701,4eebb376fb5f1e1da2ef224167ed7798,SD3-medium,1,2.4725027837206137
702,158940ed35886393409fff9d64396325,clic2020,0,2.471137426198066
703,a09cef33f4eff919ad347fbdb9ea2650,FLUX.1-dev,1,2.470798840472474
704,f851c62b712ee4bb3d6f1f997a3d14b6,SD3-medium,1,2.4697258281029466
705,5695a48adb13ae6b78fafeff2f4acf3f,SD3-medium,1,2.468187952293722
706,7568a5b793df66e1f5d1a43c9cca33fa,SD3-medium,1,2.46725310301418
707,509114453b90646a0356cc663be09800,FLUX.1-schnell,1,2.4665600455681878
708,5ff9e78bb19a8097bcb0baaf6d3f33b5,FLUX.1-dev,1,2.465968899209821
709,da46dc5a1e9c2e2177afec559943111f,FLUX.1-dev,1,2.4606180233915067
710,09977e7621465cca10e71993a7f3632c,imagen3,1,2.459841957611599
711,158940ed35886393409fff9d64396325,FLUX.1-schnell,1,2.4595318994400226
712,887df5b2fa9d2cb3f8080e5c3f2f76c8,FLUX.1-schnell,1,2.458023945685642
713,5ff9e78bb19a8097bcb0baaf6d3f33b5,FLUX.1-schnell,1,2.457886300575793
714,c42476f8f2747cf77b4eaac719943677,FLUX.1-dev,1,2.4559389221362022
715,5cd94dfb0a4e090a7fd208735dfb07f9,imagen3,1,2.451992668193097
716,da3d98f041f723b9c1531675d54942ee,FLUX.1-dev,1,2.451443133918059
717,d8ed4d9bcb553ba87c94b403133129d1,FLUX.1-dev,1,2.4513722450706834
718,0895f500d26929e69910169a8a396050,FLUX.1-schnell,1,2.4503726397806416
719,93c642169ef5e111dde1b823fdc566a2,FLUX.1-dev,1,2.448211923621776
720,c09af5b238cbc3b75d17ed19e578ad54,FLUX.1-dev,1,2.44741657735463
721,cb569a93b37b58d834342a84458ed8e9,FLUX.1-dev,1,2.4471940238560688
722,1891b8e2500c192e3c9ec32b48ab32a7,FLUX.1-schnell,1,2.4466487012272298
723,11c35d04096c7832c1dfa8902e30a3b5,FLUX.1-schnell,1,2.446438708288017
724,c09af5b238cbc3b75d17ed19e578ad54,imagen3,1,2.4451435719370807
725,04f230a6e106c3c74be6105787ed226e,SD3-medium,1,2.445093269242487
726,8067178f9601aaeceff4858368e112bf,SD3-medium,1,2.444737866780012
727,5d59a65584961ead3b88c1926ad88ec1,SD3-medium,1,2.4445119295492974
728,f5be5054c01d8efc834d78a991356ad6,SD3-medium,1,2.44351474809101
729,a18105e39854a75582ebaa4eba6ba3aa,FLUX.1-dev,1,2.4428818154990437
730,e40086afe08c89d049278f57c9e07b54,FLUX.1-schnell,1,2.4408835354031337
731,4b1593698a8cad4f69d6d37b33d8f5f1,FLUX.1-dev,1,2.439687861333219
732,158940ed35886393409fff9d64396325,FLUX.1-dev,1,2.438881624046988
733,bf1a05045600a8237ba5a5beaade0d02,FLUX.1-dev,1,2.43760990755556
734,bf1a05045600a8237ba5a5beaade0d02,FLUX.1-schnell,1,2.4373276986945225
735,01acd87d2ed16037467432a87863113d,FLUX.1-dev,1,2.4353884324837782
736,84b3901233efc1ee31d52fb30bfd0e9c,FLUX.1-dev,1,2.4348355653689238
737,3aa03f87234a369c7031624cbfdf7436,SD3-medium,1,2.432282165554337
738,5dea3c9ee4b911fa1bbbdcd9d1695f3b,imagen3,1,2.4299866184314043
739,1cfff8d06348b8de1383a174a1f5722f,imagen3,1,2.429413462618096
740,615db6f953577cdaf9e252c1feb451e8,FLUX.1-dev,1,2.428286106888404
741,fc02b24bd4ed72f9db555a28a8285df6,FLUX.1-schnell,1,2.427476174394836
742,b3f371e9f3aa7d427d64a22001d156d8,imagen3,1,2.4272487290603526
743,bd6e482945e431c4c036d6a1b1cfd9ce,FLUX.1-dev,1,2.4263601874550496
744,7e920682d80ca287c6d84990ee495b84,FLUX.1-schnell,1,2.4260476334071366
745,0cb87ff168cf338fee6161e5e1892211,FLUX.1-schnell,1,2.4256054449594213
746,18063501d62e8fa785e4f688350bc2b3,SD3-medium,1,2.423289457627255
747,8205157acd6ac8837b60e9e31bcd53cf,imagen3,1,2.421105511872124
748,b3f25cd2833a0d0b196600245ba71f57,SD3-medium,1,2.419206906461916
749,13e29b215d633214a14bebf2a3bf9a44,SD3-medium,1,2.418611062230245
750,d5872a43ee17348396975c5997d2e06e,imagen3,1,2.4182558490061723
751,9ffd913d79523f1322dbfaf6717e2004,FLUX.1-dev,1,2.418033151711604
752,adf2eb452772a4fb90820ab239fd0862,FLUX.1-schnell,1,2.416903501835173
753,aaec75d88bc62818237cdf29a64eee9d,imagen3,1,2.416243971200513
754,b66122069099f2d09ab52a9867de127a,FLUX.1-schnell,1,2.4150211591406245
755,b9fc47c6e253ce07e5be10c4f73a59a0,SD3-medium,1,2.414410348712426
756,4700c79789bc9676b12ab5c6bc3d5e66,SD3-medium,1,2.414031952460206
757,8e1996cb7329defee7f3003d1255b964,FLUX.1-schnell,1,2.412134161637749
758,280538462171f6e9ed9bb87e4bb8b873,imagen3,1,2.411860430273076
759,0f6066f84db90d35c2426fe28f92ad25,FLUX.1-schnell,1,2.411754772985427
760,905ff74ab57ed0a81ea4b7bf6f3022f4,imagen3,1,2.4114824219968622
761,80bd7a4aa85272ba69f64e6e682ea255,FLUX.1-schnell,1,2.4111906039123063
762,369cab8f0b2d7d790f917906e859746f,FLUX.1-dev,1,2.4102736356129224
763,1c55a04d89db0050a78e50fe10385da2,FLUX.1-schnell,1,2.410141859707722
764,4651e8e35c365243c4124787633a83c0,SD3-medium,1,2.4100187710133
765,c5410a4a4f32152af109601cee76f114,SD3-medium,1,2.407238196319117
766,4b83b096dbf4c2a504cda56163e6e4c6,SD3-medium,1,2.407028618439668
767,8181526d9f238726d3e1d3ec3cc56fb7,SD3-medium,1,2.4047614196907228
768,de9ec6c7868deef6bea804a402b8aa3e,imagen3,1,2.4036970381837355
769,f917410f6a2f5e6ff29b42e40d026981,FLUX.1-schnell,1,2.400861133230757
770,51306153bf7736a078480b0de74f7256,FLUX.1-dev,1,2.4003078882981472
771,7aa4d894454c867a6d68e2f28d9b42ce,FLUX.1-dev,1,2.3990041500403283
772,dc5a3d923ffd8347f5b1e92ca52335cf,imagen3,1,2.398461488695509
773,83741fd2a7d17fe1d6e7bdbc73cd9963,FLUX.1-schnell,1,2.398132046008195
774,5a5dc6fbbb29b668948f04fde7e50985,imagen3,1,2.39754685179922
775,8c3f64635c07801bc2c9def490a27168,FLUX.1-schnell,1,2.397188919126459
776,8c6fc04c5161cb542be6c1d6fd47ca1b,FLUX.1-schnell,1,2.396728981095962
777,9c6937e54c8b2437db605ca9c4282f72,FLUX.1-dev,1,2.395415723611141
778,5cd94dfb0a4e090a7fd208735dfb07f9,SD3-medium,1,2.395167948281704
779,35988545802fdaa4d2ea6e064e9a9902,imagen3,1,2.394484226467529
780,bc9380cbd86240d26c0970f48b9d5a86,FLUX.1-schnell,1,2.39365816897795
781,aa8ada79ffbdcdb385aedf23bb89bebe,imagen3,1,2.392134088068425
782,3a5f16e4c64fe70f8481e184574867e2,SD3-medium,1,2.3916761836074585
783,09977e7621465cca10e71993a7f3632c,SD3-medium,1,2.3908934669328605
784,ceb358db324b5d0957b4afe92fd81a81,FLUX.1-schnell,1,2.390383598029146
785,c26847af1470e880236db4766b42c09d,FLUX.1-dev,1,2.3898564559118203
786,740baaff3f7035be0c253347edb374dc,SD3-medium,1,2.389125779979949
787,d9d2553779685ab0ecb8090e748c680d,SD3-medium,1,2.3890066978937616
788,370fbecad58ace69f6dbca19a6957014,FLUX.1-dev,1,2.388441313771818
789,a044b914e4123a71bcaa4d72088617d9,imagen3,1,2.387352185172094
790,2145f7acfa352c3dfaf5e53e19675922,FLUX.1-dev,1,2.3851833857352114
791,7e7a5d5f6b6f7d7e1b4c6a06e88ac739,SD3-medium,1,2.385036487910197
792,460cf103189b9443656887053b79ff52,imagen3,1,2.384257481946367
793,aa716426255844b75298e7a9876e6246,FLUX.1-dev,1,2.382352407800879
794,a089920d7fc2e69157a33bc9e11afa6a,FLUX.1-dev,1,2.381802502829646
795,181e5e67b826bfa3e5e6d2d43c6a656d,imagen3,1,2.381212273185884
796,2fd9ba5b5b5460400029bd5f0042d70a,FLUX.1-dev,1,2.380917670503134
797,8e1996cb7329defee7f3003d1255b964,clic2020,0,2.379686950921312
798,c04f2a9e826cf68a7bca227d957d4b8f,FLUX.1-schnell,1,2.3781829824165373
799,65fb073dbb9645e78a6a0c0d3826fbb1,FLUX.1-schnell,1,2.376921829313144
800,e1b6c64b3c65e8e76327a4d018a6a519,FLUX.1-dev,1,2.373021309118221
801,887df5b2fa9d2cb3f8080e5c3f2f76c8,clic2020,0,2.3708266838956504
802,c976edc88703e2a2cb127c4f61a0f69b,FLUX.1-schnell,1,2.370520616510494
803,be12c49d88fead760e8e1656a15e37ca,SD3-medium,1,2.369496891764369
804,d4330aaa55e61b1caf639da7581f9f90,imagen3,1,2.3658796621284672
805,25bf4453f783b8649e24ecc4c8cf124c,FLUX.1-schnell,1,2.364332093904243
806,ccb73561248a2d0f4b92d5061926ab58,imagen3,1,2.362498321852409
807,e569c0814762e9c6b072b875e89680f7,FLUX.1-schnell,1,2.362245979941508
808,fc02b24bd4ed72f9db555a28a8285df6,FLUX.1-dev,1,2.361981578715358
809,8181526d9f238726d3e1d3ec3cc56fb7,FLUX.1-dev,1,2.3614492789404595
810,58f01141f2e59ac84e8f303b637bc865,FLUX.1-dev,1,2.36138708217223
811,99a9bfeef04059db0e044655999494d2,FLUX.1-schnell,1,2.3608802537146296
812,a089920d7fc2e69157a33bc9e11afa6a,imagen3,1,2.360412023607954
813,d303ec8579c2eab0b92da121b463ea05,SD3-medium,1,2.358964999602547
814,d10a23343084780a7a217d1f507dd2ce,FLUX.1-schnell,1,2.356332025926214
815,7a663d483f843a589bc41698ce3257e7,imagen3,1,2.355453335940546
816,3f273e2068377a211ef755f97634dcbf,FLUX.1-dev,1,2.354498271980831
817,0ca770c32916dbcb0094ba7905b14665,imagen3,1,2.353891950181194
818,6de46b6211e4d1f01022f5eba862806b,FLUX.1-dev,1,2.353650921580548
819,f38cc4f69a59ba64e5d85c28923e2b32,SD3-medium,1,2.352675132226506
820,8181526d9f238726d3e1d3ec3cc56fb7,FLUX.1-schnell,1,2.3493140131926773
821,8890934bb871677b22cf1383dfeca314,FLUX.1-dev,1,2.3440279709032885
822,26f350af0f6ee2fb314606ebc2b56e56,imagen3,1,2.343468710796124
823,52b914dc6a9b34022bfd24cc0c0c410e,FLUX.1-dev,1,2.3434395775572794
824,7aedc9650d5557babce4709d7e0d9809,FLUX.1-dev,1,2.342455580654495
825,97c4621301311fba4c133352c96abcec,FLUX.1-schnell,1,2.341313558478094
826,8334db468daf574447be50b4c0cd894d,clic2020,0,2.3412040648900394
827,0824bfaef8a290439690f35b7602d682,SD3-medium,1,2.3358397775437365
828,a1051650452c2c9da53fbea52a19f88c,FLUX.1-schnell,1,2.3346973106731554
829,adf2eb452772a4fb90820ab239fd0862,SD3-medium,1,2.3326174851953256
830,1c61ecf97c8ff5e8c46ca8e953e54176,SD3-medium,1,2.331150234626586
831,1487aded81fd845e26acc5b869c7fa4a,imagen3,1,2.330194284068218
832,1ac06ad4b53f9880698aaaaa730363c6,imagen3,1,2.328126086446927
833,edcf6fb2323b704cdffd7fd8eab3e6e7,clic2020,0,2.3278328674209114
834,e50de866319ab42aaa8892105794cf0f,SD3-medium,1,2.326807471152997
835,f7a9e7f720ddedf382957ff3cc40d18c,FLUX.1-dev,1,2.323448250350969
836,e903c4f4684100a6dbac1f0b9b4de760,FLUX.1-schnell,1,2.322296375779736
837,188ae508b4f6f3ec488c28d81f003088,FLUX.1-schnell,1,2.3220838814507685
838,e2dc9b8d9e49bd70ad218f5e3748e3ad,imagen3,1,2.3216402061613017
839,e4f7303a6daa79cc02877343a96f63f7,SD3-medium,1,2.32081719904644
840,2dce1fcbed00e14bdabf369c293b1dee,FLUX.1-schnell,1,2.3195324632106344
841,e22eb9ac525d8d5178014d96f024bb8d,imagen3,1,2.3195125431661694
842,6d56e2fa662dd4c5f9091a324a31400f,SD3-medium,1,2.3187885080589723
843,0c0ba31b279da4b8a0b848b63d302e8b,SD3-medium,1,2.3177588373927027
844,7a663d483f843a589bc41698ce3257e7,FLUX.1-schnell,1,2.315728432076411
845,e40086afe08c89d049278f57c9e07b54,FLUX.1-dev,1,2.314745436051445
846,2a4a019c669ffec1ff91b094c627adaf,FLUX.1-schnell,1,2.314248260244882
847,43a5e7e48d4096304e74e22437200965,SD3-medium,1,2.313740466181582
848,bf1a05045600a8237ba5a5beaade0d02,SD3-medium,1,2.311868539597069
849,f5003421985a7a5de8a4b36e073fd6ef,SD3-medium,1,2.3108027527704094
850,b1400e99ef413c8fee7d5c0be41d7d1e,FLUX.1-schnell,1,2.310014546813319
851,66bb5b4192682480a9d4a0ad344da99f,FLUX.1-dev,1,2.307369892954034
852,c62391423a371279c935644353fbc6d8,FLUX.1-dev,1,2.3047742321084987
853,460cf103189b9443656887053b79ff52,FLUX.1-schnell,1,2.3036639732146744
854,0c0ba31b279da4b8a0b848b63d302e8b,imagen3,1,2.302241308373119
855,1d7ae42f8516d21ebb41441e800f2587,SD3-medium,1,2.301977778127466
856,21950943ce77f421f03a52ada741d1d9,FLUX.1-dev,1,2.301013408168229
857,1ac06ad4b53f9880698aaaaa730363c6,SD3-medium,1,2.3008706788777045
858,df90d2ed9e78b5c9752ea4418fa09e86,FLUX.1-schnell,1,2.3006330772081656
859,9c205eb2c6a21f512fb2209c6d772706,SD3-medium,1,2.2988063502488245
860,3cd255d7ca797035372aa73da26dbd23,imagen3,1,2.2984976660067287
861,d10a23343084780a7a217d1f507dd2ce,SD3-medium,1,2.298475564214275
862,905ff74ab57ed0a81ea4b7bf6f3022f4,FLUX.1-schnell,1,2.297618455600396
863,23b84f3ab4862f3b6812a740fe0f7a9f,imagen3,1,2.297593434676277
864,3f13fd6024c6cdd12d0960415d68af39,SD3-medium,1,2.295278793576959
865,e2dc9b8d9e49bd70ad218f5e3748e3ad,SD3-medium,1,2.2949304428160278
866,cc79618cb154e0bf7a44ae8a46e35c02,imagen3,1,2.293611735794758
867,a881337d5fbc76b41e338c70bbe15427,FLUX.1-schnell,1,2.2899574474841016
868,1eb25e2f93bf239c5498c407e9075359,imagen3,1,2.2889776855894866
869,1cfff8d06348b8de1383a174a1f5722f,FLUX.1-dev,1,2.2884410833169064
870,a044b914e4123a71bcaa4d72088617d9,FLUX.1-dev,1,2.2884257577664866
871,2dae2e141b88cc04e86e1f1368ebe9d4,SD3-medium,1,2.284758368500816
872,26f01d8e605c7ec63b8a98e8c92e4bdb,FLUX.1-schnell,1,2.284689070754218
873,2a52313ea4139f96acb00e8ec39a6462,imagen3,1,2.28241724324741
874,a152fe7dd46972ed231c3f719e0cf9c7,FLUX.1-schnell,1,2.2823431564210304
875,b2ebe67ae558bec4435108d0b1afc6f5,imagen3,1,2.282050375953984
876,b29c46fa542667cf154003cc4a49fe81,FLUX.1-schnell,1,2.2802914375284846
877,2979f1db8de859a2d1a2fe6e396fa6fe,FLUX.1-schnell,1,2.280188077965374
878,c38ea616e3511c8a0abee4750c0fba83,FLUX.1-schnell,1,2.27634979803976
879,6a1c4c1398a8de1ff48645f1d47f5dd1,FLUX.1-dev,1,2.275679844768112
880,b9bad0c68eb9ce94e02e9698c8cc429a,imagen3,1,2.274932063531646
881,24e7cb6c5285eb2003e328e1b7d92881,SD3-medium,1,2.274818257263333
882,1997a83592a917f180664f9ee239109f,FLUX.1-schnell,1,2.2745721244252386
883,fc675141e27165a3cda501eedc542bca,SD3-medium,1,2.2739446920906112
884,a65da8c2d823e65fb171a21915d39f45,SD3-medium,1,2.2724097616264496
885,e40086afe08c89d049278f57c9e07b54,SD3-medium,1,2.2701403694953104
886,12e237070b800d8d4602fb0892591464,SD3-medium,1,2.2695755991932574
887,4651e8e35c365243c4124787633a83c0,FLUX.1-schnell,1,2.2677358167524218
888,e50de866319ab42aaa8892105794cf0f,FLUX.1-schnell,1,2.267661370165759
889,aa8ada79ffbdcdb385aedf23bb89bebe,SD3-medium,1,2.2670845352545
890,01acd87d2ed16037467432a87863113d,SD3-medium,1,2.267039170414214
891,06930eb49786d4ffdb886a19b999e18a,imagen3,1,2.2659253955801835
892,46c1831600829ae8b30c6b06557424ef,FLUX.1-schnell,1,2.265709337408273
893,24e7cb6c5285eb2003e328e1b7d92881,imagen3,1,2.265616110357426
894,0d57c99aa83305d93d8fc5d21910343a,SD3-medium,1,2.264806170959282
895,3abbb07f7c75b68ab4b60c0fea6d3c23,imagen3,1,2.2637862916248865
896,d3193a7f11f8d49e5231d56ba7dbffbc,SD3-medium,1,2.262836012321209
897,7670140abef0ebe20ccabbcf35ddc594,imagen3,1,2.261619144825769
898,460cf103189b9443656887053b79ff52,SD3-medium,1,2.261262729383174
899,d8ed4d9bcb553ba87c94b403133129d1,clic2020,0,2.2610941963909523
900,b1d4da6374ee5912cde1df9b26d93667,FLUX.1-schnell,1,2.260903347833662
901,7aedc9650d5557babce4709d7e0d9809,imagen3,1,2.2592696857473022
902,d1cef2cff53a9223fe63244d91f59c4d,FLUX.1-schnell,1,2.259071102718132
903,01d8472427bf120a4574ee3dbb3f1234,FLUX.1-dev,1,2.2590232094481166
904,c42476f8f2747cf77b4eaac719943677,imagen3,1,2.2583443890160293
905,fc675141e27165a3cda501eedc542bca,FLUX.1-schnell,1,2.2580654754471947
906,47c89585d70d8819fbc0ab9911880f08,FLUX.1-schnell,1,2.257829241704311
907,348e1604dd6a1ec05428fd36ae47c946,FLUX.1-dev,1,2.256940339100926
908,5064e69f56e68b4ad197102503fa4d3a,FLUX.1-dev,1,2.255935472927348
909,2dce1fcbed00e14bdabf369c293b1dee,FLUX.1-dev,1,2.253865884225269
910,1c61ecf97c8ff5e8c46ca8e953e54176,imagen3,1,2.253464636439402
911,9f5a3c436121dd72c45c1adb1597f508,imagen3,1,2.2528831007240115
912,8fcb54ffe7dac41bf1b56cc2586b7f2e,SD3-medium,1,2.2523389721294467
913,8ea6b5d7e5ec536504ec6c60a7c08c57,SD3-medium,1,2.2512259825423824
914,0a0f6e31897ad27cc6e0dacce455634c,FLUX.1-dev,1,2.250171478087085
915,74d62d5759beeed2eb14666d7ee1116c,SD3-medium,1,2.2484805216669264
916,717b3ebd438188f73511a62a27010d6d,SD3-medium,1,2.246893882277046
917,2bb1fee0867d8c551ce51b3bae40e101,SD3-medium,1,2.246873997287808
918,762f398533ac3176407682110fb2d6b1,FLUX.1-dev,1,2.24415017355098
919,88cbc54c42d71cf68280d97778fe3793,SD3-medium,1,2.243595537292847
920,fec5b702c334623cc9e6b5191874364d,FLUX.1-dev,1,2.241717853437783
921,2549da5a85cad05e36b910c942bf373b,SD3-medium,1,2.2408164214877635
922,530c17080546549535625e004d876b0f,imagen3,1,2.240163479137226
923,d67a561c20248b0f2efa2c053fd0d473,imagen3,1,2.240115833555629
924,2549da5a85cad05e36b910c942bf373b,FLUX.1-dev,1,2.2369438826962607
925,717b3ebd438188f73511a62a27010d6d,FLUX.1-dev,1,2.23623821213372
926,887df5b2fa9d2cb3f8080e5c3f2f76c8,FLUX.1-dev,1,2.234661500894397
927,61b8f705d907b64bc4be9b69c25c1fc6,FLUX.1-dev,1,2.2346168384789022
928,84b3901233efc1ee31d52fb30bfd0e9c,SD3-medium,1,2.231606687977387
929,9cbf2594f339c0d3d0f0ea25c62af52b,clic2020,0,2.230937658622516
930,8890934bb871677b22cf1383dfeca314,clic2020,0,2.229112001121968
931,d303ec8579c2eab0b92da121b463ea05,FLUX.1-schnell,1,2.222795512672361
932,9ca5710e0c97e20db8878947c85ca8ed,FLUX.1-dev,1,2.2226300652305144
933,518bc4a10466c7b3f176979a3c5cec12,FLUX.1-dev,1,2.2213287537362216
934,bb7029b98fc30ff560c748bfe8b2ced3,FLUX.1-schnell,1,2.2210924544209902
935,5a5dc6fbbb29b668948f04fde7e50985,FLUX.1-schnell,1,2.2208003073298057
936,2570d11c9dc782fb1b9ccca568e47255,FLUX.1-dev,1,2.219390755230662
937,fd310b01839717c9aa5711e074d8eb7c,FLUX.1-schnell,1,2.2156466271503903
938,8c6fc04c5161cb542be6c1d6fd47ca1b,imagen3,1,2.2131264620109032
939,b89a3febf8ad324260140835bd01734c,FLUX.1-dev,1,2.21304897454641
940,0d57c99aa83305d93d8fc5d21910343a,FLUX.1-schnell,1,2.2094057976879515
941,f08f3ef916c58192dcbd10a8c70d361f,imagen3,1,2.205899106674292
942,3a5f16e4c64fe70f8481e184574867e2,FLUX.1-schnell,1,2.205061581085307
943,30f3a2fd512394b0565c2cc510831132,SD3-medium,1,2.204298654647807
944,36720dbea875d6f7f81ade5b42eef871,FLUX.1-dev,1,2.204075231724146
945,3b9355409dd28c48c7675f2a5cc512b0,FLUX.1-schnell,1,2.200736593616808
946,d5872a43ee17348396975c5997d2e06e,SD3-medium,1,2.199509065378196
947,b1400e99ef413c8fee7d5c0be41d7d1e,SD3-medium,1,2.198449250419847
948,7f2fd43e3381825bd0f9e5fc3c373ba2,FLUX.1-schnell,1,2.196914893041072
949,2a4a019c669ffec1ff91b094c627adaf,clic2020,0,2.195055037325493
950,51306153bf7736a078480b0de74f7256,SD3-medium,1,2.193923772205838
951,97c4621301311fba4c133352c96abcec,SD3-medium,1,2.1937260262070275
952,18089fbcc1e1cec439176833d87eda1d,FLUX.1-dev,1,2.1911918138826385
953,717b3ebd438188f73511a62a27010d6d,imagen3,1,2.188286647731488
954,280538462171f6e9ed9bb87e4bb8b873,FLUX.1-schnell,1,2.1874382004313677
955,d34b6f0fe7d036ba3dc3c6236d4bdc57,imagen3,1,2.1863403885412485
956,7568a5b793df66e1f5d1a43c9cca33fa,FLUX.1-dev,1,2.1830234394904204
957,1246a1ceedd35a125a01a8b0a0e7d370,FLUX.1-schnell,1,2.1830082746873782
958,7670140abef0ebe20ccabbcf35ddc594,FLUX.1-schnell,1,2.1828424607675574
959,65fb073dbb9645e78a6a0c0d3826fbb1,FLUX.1-dev,1,2.180248620288906
960,b1b8f33917a40c9d0b118ef801de67d4,FLUX.1-dev,1,2.1774291646836064
961,348e1604dd6a1ec05428fd36ae47c946,FLUX.1-schnell,1,2.17697638417287
962,70f35e107c8cdba9ced6863af2e1da64,FLUX.1-dev,1,2.176655366352584
963,a65da8c2d823e65fb171a21915d39f45,FLUX.1-dev,1,2.176420656005615
964,4b1593698a8cad4f69d6d37b33d8f5f1,SD3-medium,1,2.1752743998109594
965,b7e4d8bc8f176ddcf2f1b2fb8130d697,FLUX.1-dev,1,2.174055841407146
966,3fd25b58ad168bf098cbb3ea2d7a0919,clic2020,0,2.1721174256637905
967,c9f6a2308316c232484bf2e3a1b92f44,imagen3,1,2.1716772945033576
968,7b15bd76c8b0d936178672036648c8e6,imagen3,1,2.1712413542634623
969,ceb358db324b5d0957b4afe92fd81a81,imagen3,1,2.1711965794844508
970,2ac50c40ad555be5f592f9c391dc3aa6,imagen3,1,2.170669999971274
971,155b69fb7b85c1dd48abcec83b49c3c0,SD3-medium,1,2.170396252518474
972,76d1283076915e256ec0de2d6729f937,imagen3,1,2.168220155536086
973,e2dc9b8d9e49bd70ad218f5e3748e3ad,FLUX.1-dev,1,2.1624218334793786
974,4fa92b8ecb4ee46a942837447de1ac5c,imagen3,1,2.160921044733311
975,458319fbebd20861fa0756e113078b49,FLUX.1-dev,1,2.1599217118398224
976,6bb37f3b828386461d1de3ee5f90576a,SD3-medium,1,2.155044022890732
977,5e78559fa185804354159d4fe8a1b280,SD3-medium,1,2.1549773155329315
978,419069233102c3eefefbc96606e8ef12,imagen3,1,2.150622225509659
979,fdf3d4ac1718040d0ef9492706017309,imagen3,1,2.148316615511184
980,cc9af24acb10683820d78b762aebccf6,SD3-medium,1,2.148060711430218
981,7aa4d894454c867a6d68e2f28d9b42ce,clic2020,0,2.147717612160795
982,13e29b215d633214a14bebf2a3bf9a44,imagen3,1,2.14657448052606
983,0f6066f84db90d35c2426fe28f92ad25,clic2020,0,2.1459660769334343
984,b8e1f555b6fc24eeff1c2a433ff1a797,FLUX.1-dev,1,2.1453399749370368
985,7670140abef0ebe20ccabbcf35ddc594,FLUX.1-dev,1,2.144180324611365
986,154830debaf6a263a2622601b5040477,FLUX.1-schnell,1,2.1441286636922325
987,b78e795dc6c3024b9cbb4fe9e2889609,imagen3,1,2.1440374523325034
988,56ad924f096764d2f564c2cfdfacbdf2,imagen3,1,2.1402322266098786
989,e339986bbfa79387dd93994f6ed68939,SD3-medium,1,2.140119039056783
990,99a9bfeef04059db0e044655999494d2,SD3-medium,1,2.139572508682939
991,1c55a04d89db0050a78e50fe10385da2,imagen3,1,2.1389626109408595
992,4ddc95abbe00775eb3cf90ce54bffac7,SD3-medium,1,2.1376324474702346
993,920e1085a30117a8ffc41ab80dd5d956,imagen3,1,2.1369320545982786
994,c976edc88703e2a2cb127c4f61a0f69b,imagen3,1,2.1354694082497674
995,8181526d9f238726d3e1d3ec3cc56fb7,imagen3,1,2.135237039386415
996,2dd8b68d660657bc856342aa439fdfc9,imagen3,1,2.13480064085845
997,355f9980ae0e0b5ed7fbcbbd0679784a,FLUX.1-schnell,1,2.134731108728733
998,8ea6b5d7e5ec536504ec6c60a7c08c57,clic2020,0,2.1342141264398453
999,9dd8a02a3336649721b0fd6f555339c7,imagen3,1,2.134120526545784
1000,51aa52fd42a26edda0e494f6a985f9b9,FLUX.1-schnell,1,2.1332102326554354
1001,02c3cf767c6845b3ec9a7b102d3b02fe,FLUX.1-schnell,1,2.1310831479862307
1002,fdf3d4ac1718040d0ef9492706017309,FLUX.1-schnell,1,2.12963194157061
1003,3a5f16e4c64fe70f8481e184574867e2,FLUX.1-dev,1,2.126864089407277
1004,58c136e73333a653f526e186ae264606,imagen3,1,2.1253369998161893
1005,e4e99ae9a63d3d68d785152c536a8ca8,FLUX.1-schnell,1,2.125098403869724
1006,824ee80d9bbba876ed71fd3916a9bd1f,FLUX.1-schnell,1,2.1243195094966163
1007,e4f7303a6daa79cc02877343a96f63f7,clic2020,0,2.1242974116628948
1008,35988545802fdaa4d2ea6e064e9a9902,SD3-medium,1,2.122778212479105
1009,3791ad4816a63dce7b6514b15d314b68,imagen3,1,2.1197935193200004
1010,154830debaf6a263a2622601b5040477,imagen3,1,2.1189681046871303
1011,d3688a7285d7b2b81febe1cd72e6e22c,imagen3,1,2.117536749569327
1012,c62391423a371279c935644353fbc6d8,imagen3,1,2.116134268642836
1013,2dae2e141b88cc04e86e1f1368ebe9d4,FLUX.1-dev,1,2.1144909078287992
1014,4aec41b3f871a80e3a1e6af01160ce8c,SD3-medium,1,2.114116512366452
1015,22021159ddb73a620845904ce7c16fd6,FLUX.1-schnell,1,2.111451616260528
1016,81522064f61ba1c9ec111bb349851bca,SD3-medium,1,2.109641620418473
1017,46c1831600829ae8b30c6b06557424ef,FLUX.1-dev,1,2.1082628008243125
1018,a81dec06cacb51e95b0686443cefef85,FLUX.1-schnell,1,2.105361013632407
1019,0f5157fea733e2b9f9808020286df79c,imagen3,1,2.102764855955513
1020,158940ed35886393409fff9d64396325,SD3-medium,1,2.1027136501884693
1021,b3f371e9f3aa7d427d64a22001d156d8,FLUX.1-dev,1,2.100223392302732
1022,d65abb6a325f1cc23ac6d233d0dd0927,imagen3,1,2.09895425959524
1023,a6e24d513319127d5295d6473d5750c0,FLUX.1-dev,1,2.095856375054148
1024,a18105e39854a75582ebaa4eba6ba3aa,SD3-medium,1,2.094536723405131
1025,2979f1db8de859a2d1a2fe6e396fa6fe,SD3-medium,1,2.0944800509458057
1026,adf2eb452772a4fb90820ab239fd0862,FLUX.1-dev,1,2.093293606913914
1027,bb7029b98fc30ff560c748bfe8b2ced3,SD3-medium,1,2.088928367630484
1028,a881337d5fbc76b41e338c70bbe15427,imagen3,1,2.0881950258518107
1029,7fc7ed44a93054286e9710dfc9f8b198,imagen3,1,2.087755357494496
1030,6a1c4c1398a8de1ff48645f1d47f5dd1,FLUX.1-schnell,1,2.0870801187255617
1031,a2c0e93de410f9e3e992572d084f317a,SD3-medium,1,2.0865900202412946
1032,74d62d5759beeed2eb14666d7ee1116c,FLUX.1-schnell,1,2.083923863634883
1033,f1ad89b231af49114e2d733be9f5311b,SD3-medium,1,2.083698605897099
1034,f540ff40a293ad6d035f5299542d72c1,imagen3,1,2.0779580642484503
1035,7f3f4b4b151f81d395e8f4b96a10c4cb,imagen3,1,2.0773420415342376
1036,5409e0e46cb25c4d26df22e345d4fa53,SD3-medium,1,2.076845448002413
1037,88cbc54c42d71cf68280d97778fe3793,imagen3,1,2.0736970101741035
1038,116988640757321d4861a1d9ee2fa3ea,clic2020,0,2.07345839710015
1039,861563ce5244c9db995ad355a9d04726,FLUX.1-dev,1,2.073133361051989
1040,b139de9220b89ec4a31a8574902a4729,imagen3,1,2.0721428198022203
1041,e22eb9ac525d8d5178014d96f024bb8d,SD3-medium,1,2.071224162213521
1042,6d56e2fa662dd4c5f9091a324a31400f,FLUX.1-dev,1,2.07006887290773
1043,f063e002f01557d388b650360f30d7db,imagen3,1,2.069644746140661
1044,12e237070b800d8d4602fb0892591464,imagen3,1,2.068449139218928
1045,dcb535d6f56922f8d54778b046310443,imagen3,1,2.0674683818450736
1046,e1b6c64b3c65e8e76327a4d018a6a519,clic2020,0,2.06729998910755
1047,e569c0814762e9c6b072b875e89680f7,SD3-medium,1,2.067221617874102
1048,369cab8f0b2d7d790f917906e859746f,SD3-medium,1,2.067146727500962
1049,2549da5a85cad05e36b910c942bf373b,FLUX.1-schnell,1,2.066927225888021
1050,55d9113e3e7ce686fd6256f468b0b977,imagen3,1,2.065312071576723
1051,518bc4a10466c7b3f176979a3c5cec12,SD3-medium,1,2.064542852851291
1052,bd6e482945e431c4c036d6a1b1cfd9ce,imagen3,1,2.0631174166078896
1053,d21cc90ccb388935628eabfc044395cd,FLUX.1-schnell,1,2.063086116095445
1054,486f6ff6cda193365d6cc87c69a54423,FLUX.1-dev,1,2.062857921797036
1055,460cf103189b9443656887053b79ff52,FLUX.1-dev,1,2.062712786432536
1056,4d3463878a1be973d246e9a244f68b7d,SD3-medium,1,2.0592424770859443
1057,3abbb07f7c75b68ab4b60c0fea6d3c23,FLUX.1-dev,1,2.0580799008731065
1058,f2fa8ce472bd4021c533d9529c0d55b5,FLUX.1-schnell,1,2.0544298190050903
1059,c4ae84e582eaa22437bf904291595bf2,FLUX.1-schnell,1,2.053101960251479
1060,7601c27e32cf71e3856bc7147057efd9,imagen3,1,2.0528705801407927
1061,977d69628a8fed178d55399007f29ea8,SD3-medium,1,2.0506333152291543
1062,d4264adbfa1f3ab71cb7735f5b4c4217,imagen3,1,2.05026357706935
1063,88cbc54c42d71cf68280d97778fe3793,FLUX.1-dev,1,2.045795923160014
1064,503878b1573c8c95acd532516e6df2aa,FLUX.1-dev,1,2.0449607351125345
1065,8205157acd6ac8837b60e9e31bcd53cf,SD3-medium,1,2.0444194566235465
1066,51aa52fd42a26edda0e494f6a985f9b9,SD3-medium,1,2.0406048838995616
1067,b2889436c6c0ed9d2a56f1ecda561798,FLUX.1-schnell,1,2.0399798724252234
1068,ff9229475734eba392aebf986b65e245,SD3-medium,1,2.0391918619905267
1069,a044b914e4123a71bcaa4d72088617d9,SD3-medium,1,2.038890146564275
1070,18063501d62e8fa785e4f688350bc2b3,imagen3,1,2.038663868868832
1071,355f9980ae0e0b5ed7fbcbbd0679784a,FLUX.1-dev,1,2.0385182705600595
1072,d10a23343084780a7a217d1f507dd2ce,FLUX.1-dev,1,2.0365239801634267
1073,c09af5b238cbc3b75d17ed19e578ad54,FLUX.1-schnell,1,2.0363268561056755
1074,06930eb49786d4ffdb886a19b999e18a,clic2020,0,2.0357664288620434
1075,5ff9e78bb19a8097bcb0baaf6d3f33b5,SD3-medium,1,2.0351628690244614
1076,bf5c2516006cade6a0369cf28395f80d,imagen3,1,2.032749768602737
1077,e8dc7284cf97a1369994b03484c96b6f,imagen3,1,2.032295028491399
1078,a587470bfb97fa33d7d71efc10da6f3f,imagen3,1,2.027357328736815
1079,b7e4d8bc8f176ddcf2f1b2fb8130d697,SD3-medium,1,2.0267995627714006
1080,4fa92b8ecb4ee46a942837447de1ac5c,SD3-medium,1,2.0265058352180607
1081,c976edc88703e2a2cb127c4f61a0f69b,clic2020,0,2.0233549949645635
1082,ca3b42b31af227b5e99d3601f37a7d3d,FLUX.1-schnell,1,2.0230767234194857
1083,937c4977c0e2fb4ca5ff26e7f9b63702,FLUX.1-schnell,1,2.022687721898429
1084,8efee6d2ae7618a4649a5d931c8e0d06,FLUX.1-dev,1,2.020869044159688
1085,3ede82cbfb8ec35a27d27b29cfe126e9,FLUX.1-schnell,1,2.020196156390276
1086,fd310b01839717c9aa5711e074d8eb7c,SD3-medium,1,2.0186704745179163
1087,25bf4453f783b8649e24ecc4c8cf124c,FLUX.1-dev,1,2.0184628486351857
1088,193d05f68824dd6380fffac5f776fbc1,clic2020,0,2.015852807885969
1089,6b1a11db98c6eb1dbd2192201dade5e4,clic2020,0,2.01536183205547
1090,d9d2553779685ab0ecb8090e748c680d,FLUX.1-dev,1,2.0148814534671584
1091,ff52b7548f7024b96d2cea64e5e061b7,FLUX.1-dev,1,2.013429663575732
1092,3fe26cdf751f3543807aa68dbe8a4f76,imagen3,1,2.013150270856456
1093,c42476f8f2747cf77b4eaac719943677,FLUX.1-schnell,1,2.007294702665615
1094,cc831c904a314a0e98530124526e930b,FLUX.1-schnell,1,2.0063545456266745
1095,1891b8e2500c192e3c9ec32b48ab32a7,SD3-medium,1,2.0052493120964154
1096,7e7a5d5f6b6f7d7e1b4c6a06e88ac739,clic2020,0,2.0051729786345307
1097,0f6cd456ade0adf0c1a0d4e522954d00,imagen3,1,2.001281686600447
1098,740baaff3f7035be0c253347edb374dc,FLUX.1-schnell,1,2.000526718409789
1099,7bf886e9dea28f95a747d020ebc085cd,FLUX.1-dev,1,1.9997857319699683
1100,3fe26cdf751f3543807aa68dbe8a4f76,SD3-medium,1,1.9987035733263412
1101,7f3f4b4b151f81d395e8f4b96a10c4cb,FLUX.1-dev,1,1.9963152061324985
1102,4e7f917e80b38da62054e0dff13c6226,SD3-medium,1,1.9962854571110649
1103,aeb3111883ab88e931b96dcdfdd5b9f6,FLUX.1-schnell,1,1.9961354045096629
1104,5064e69f56e68b4ad197102503fa4d3a,FLUX.1-schnell,1,1.9956723685266669
1105,767bcd748d222c2ee1684a98a86b4472,SD3-medium,1,1.9950169662872173
1106,2979f1db8de859a2d1a2fe6e396fa6fe,imagen3,1,1.990109372627349
1107,bb7029b98fc30ff560c748bfe8b2ced3,FLUX.1-dev,1,1.9900694215852892
1108,a587470bfb97fa33d7d71efc10da6f3f,FLUX.1-schnell,1,1.9896994320141088
1109,443caab923ca158ea5f23fff82ebcde0,SD3-medium,1,1.986579913424988
1110,d10a23343084780a7a217d1f507dd2ce,imagen3,1,1.983294838378682
1111,a089920d7fc2e69157a33bc9e11afa6a,SD3-medium,1,1.981677196718906
1112,f38cc4f69a59ba64e5d85c28923e2b32,FLUX.1-schnell,1,1.9809013490242144
1113,ab51b8d51fe3b6df38666e80746ae81d,imagen3,1,1.979687698953888
1114,1c61ecf97c8ff5e8c46ca8e953e54176,FLUX.1-dev,1,1.978533306464321
1115,4b83b096dbf4c2a504cda56163e6e4c6,imagen3,1,1.9762339889660767
1116,4ad43299135101f0770e09c442efe37f,FLUX.1-dev,1,1.975759090427692
1117,b1d4da6374ee5912cde1df9b26d93667,FLUX.1-dev,1,1.9756232713980453
1118,355f9980ae0e0b5ed7fbcbbd0679784a,SD3-medium,1,1.9733991557847776
1119,b98ec5b29d02ef65e57d23ef90660b4d,SD3-medium,1,1.9730952031982725
1120,83741fd2a7d17fe1d6e7bdbc73cd9963,SD3-medium,1,1.9714704596577128
1121,a8a237b591fe13328c534c388b0e74cb,imagen3,1,1.9704665716297391
1122,5bd503f2b35665295fff74efb22a6b6d,SD3-medium,1,1.9698931858321316
1123,0d57c99aa83305d93d8fc5d21910343a,imagen3,1,1.968439268238957
1124,b7e4d8bc8f176ddcf2f1b2fb8130d697,imagen3,1,1.9680029205716305
1125,3ede82cbfb8ec35a27d27b29cfe126e9,SD3-medium,1,1.9677786612961436
1126,d4330aaa55e61b1caf639da7581f9f90,SD3-medium,1,1.9668347329386235
1127,7bf886e9dea28f95a747d020ebc085cd,FLUX.1-schnell,1,1.9667700826525003
1128,f063e002f01557d388b650360f30d7db,FLUX.1-dev,1,1.9631666812926427
1129,8efee6d2ae7618a4649a5d931c8e0d06,FLUX.1-schnell,1,1.962759799220935
1130,a2c0e93de410f9e3e992572d084f317a,FLUX.1-schnell,1,1.9610581099390487
1131,4b83b096dbf4c2a504cda56163e6e4c6,FLUX.1-dev,1,1.9594982417066888
1132,b59e32e7e0fd45d200438d283f1845df,SD3-medium,1,1.958625031598557
1133,bc9380cbd86240d26c0970f48b9d5a86,SD3-medium,1,1.958617126443764
1134,4e7f917e80b38da62054e0dff13c6226,FLUX.1-dev,1,1.9559398466653777
1135,da304ab2b27c21508612f6ea44dae584,imagen3,1,1.9536082130104808
1136,b66122069099f2d09ab52a9867de127a,FLUX.1-dev,1,1.9535811953357296
1137,bbc65982ad8ffb6c04e1f9bc07fd4a71,SD3-medium,1,1.952098912095708
1138,f4f26bc07206b48c47731495b1f34908,imagen3,1,1.951369068906526
1139,06930eb49786d4ffdb886a19b999e18a,FLUX.1-dev,1,1.951244125141412
1140,27fef1939b915a8b3627df6f525d1343,FLUX.1-dev,1,1.9505347742894408
1141,c42476f8f2747cf77b4eaac719943677,SD3-medium,1,1.9497671811508888
1142,7b8504b7861b366de7b559d630c9974b,FLUX.1-dev,1,1.94917181673596
1143,2979f1db8de859a2d1a2fe6e396fa6fe,FLUX.1-dev,1,1.9491694889352655
1144,503878b1573c8c95acd532516e6df2aa,SD3-medium,1,1.9491325004702948
1145,8d3e3ddf0959e772961d10e47f60e72e,imagen3,1,1.9438260567782857
1146,cc831c904a314a0e98530124526e930b,FLUX.1-dev,1,1.943502414179329
1147,d21cc90ccb388935628eabfc044395cd,imagen3,1,1.9434077165921968
1148,5d59a65584961ead3b88c1926ad88ec1,FLUX.1-dev,1,1.942780463947448
1149,988bba76cd470c3c2b10884c6c0a841c,imagen3,1,1.942264062542648
1150,c96c88bb0aaefb472a58193d51d3e50d,SD3-medium,1,1.939911596505486
1151,5d59a65584961ead3b88c1926ad88ec1,imagen3,1,1.9398543308726215
1152,3054890617fa48f6c4db35d9fb972b44,FLUX.1-schnell,1,1.9386831768488413
1153,b97e45dd7422d8709fa0a2fcb004030c,SD3-medium,1,1.9376765582725064
1154,0f6066f84db90d35c2426fe28f92ad25,imagen3,1,1.936646637151047
1155,f1ad89b231af49114e2d733be9f5311b,FLUX.1-dev,1,1.9326360646229344
1156,e56cf453c10279a81700c395e293e4ff,SD3-medium,1,1.9316071674167972
1157,95468782f8b3fc22b2f4b13bf8f675f3,SD3-medium,1,1.930743770223344
1158,a7c9a1e0c3f6ae110682e8b4c9712d9e,clic2020,0,1.9288656688526329
1159,f38cc4f69a59ba64e5d85c28923e2b32,imagen3,1,1.9278857275071744
1160,70f35e107c8cdba9ced6863af2e1da64,FLUX.1-schnell,1,1.9270960667439825
1161,e4e99ae9a63d3d68d785152c536a8ca8,FLUX.1-dev,1,1.924460360011832
1162,9c6937e54c8b2437db605ca9c4282f72,imagen3,1,1.924249972196621
1163,83741fd2a7d17fe1d6e7bdbc73cd9963,FLUX.1-dev,1,1.9214312124740285
1164,a81dec06cacb51e95b0686443cefef85,SD3-medium,1,1.9213175644453888
1165,cb569a93b37b58d834342a84458ed8e9,FLUX.1-schnell,1,1.920688088187852
1166,9f5a3c436121dd72c45c1adb1597f508,FLUX.1-schnell,1,1.920290275321648
1167,9671abb53805f8825d0209c7b5abad86,FLUX.1-dev,1,1.919097628041731
1168,dc5a3d923ffd8347f5b1e92ca52335cf,SD3-medium,1,1.9186411013141704
1169,c26847af1470e880236db4766b42c09d,SD3-medium,1,1.914379311422627
1170,da46dc5a1e9c2e2177afec559943111f,imagen3,1,1.9138620638735004
1171,801dc86d0553892bcac59059f21e836a,clic2020,0,1.9136916204221013
1172,cef63be9f42f596c4043074e4d1bcc48,imagen3,1,1.9117410349970991
1173,85e6554aedd269c6a08c24ee4cd1f74b,clic2020,0,1.9116749364569945
1174,a09cef33f4eff919ad347fbdb9ea2650,FLUX.1-schnell,1,1.90912758100154
1175,1d7ae42f8516d21ebb41441e800f2587,FLUX.1-schnell,1,1.908163851838396
1176,01acd87d2ed16037467432a87863113d,imagen3,1,1.906386716882332
1177,d21cc90ccb388935628eabfc044395cd,SD3-medium,1,1.904154245383252
1178,b59e32e7e0fd45d200438d283f1845df,FLUX.1-schnell,1,1.9032939175671069
1179,a18105e39854a75582ebaa4eba6ba3aa,FLUX.1-schnell,1,1.8998019452012795
1180,4051aeed928b0258553e2e6c7ce36466,SD3-medium,1,1.899027549548589
1181,cced2951ae31e89d336ceeb7a58d2e09,FLUX.1-dev,1,1.8989871561223783
1182,fec5b702c334623cc9e6b5191874364d,SD3-medium,1,1.8944778085634897
1183,fc02b24bd4ed72f9db555a28a8285df6,imagen3,1,1.894143543178888
1184,1891b8e2500c192e3c9ec32b48ab32a7,FLUX.1-dev,1,1.8935368225057811
1185,7aa4d894454c867a6d68e2f28d9b42ce,imagen3,1,1.8911873336279736
1186,ec235ab32e590aaeec61cf6d0c0d5013,FLUX.1-dev,1,1.8889436701019813
1187,486f6ff6cda193365d6cc87c69a54423,FLUX.1-schnell,1,1.8877984200461613
1188,e56cf453c10279a81700c395e293e4ff,FLUX.1-dev,1,1.88773891854951
1189,a81dec06cacb51e95b0686443cefef85,imagen3,1,1.8865678250047733
1190,f5003421985a7a5de8a4b36e073fd6ef,FLUX.1-dev,1,1.885506323956965
1191,b24c97dfebfb0722cc3fd9b3ecfb6634,FLUX.1-dev,1,1.8847993901176097
1192,2c40c8e3c81955912f2c03baf6d5a511,imagen3,1,1.8832745239123545
1193,d4264adbfa1f3ab71cb7735f5b4c4217,clic2020,0,1.883106640112852
1194,da5cb712f89e81f74a944aea5c08705c,imagen3,1,1.8794631666244248
1195,443caab923ca158ea5f23fff82ebcde0,imagen3,1,1.878315043777328
1196,1487aded81fd845e26acc5b869c7fa4a,FLUX.1-dev,1,1.8757612330923397
1197,2145f7acfa352c3dfaf5e53e19675922,FLUX.1-schnell,1,1.8754043694330225
1198,5bd503f2b35665295fff74efb22a6b6d,FLUX.1-schnell,1,1.8749007614229725
1199,7aa4d894454c867a6d68e2f28d9b42ce,FLUX.1-schnell,1,1.8746540304356447
1200,c4ae84e582eaa22437bf904291595bf2,FLUX.1-dev,1,1.8707932834176428
1201,740baaff3f7035be0c253347edb374dc,FLUX.1-dev,1,1.868809604480774
1202,1ddaaaf5b66325f9c53b7ff6812e5617,clic2020,0,1.8685762932792616
1203,ba783d6487425929ba30a57bdc24e85b,clic2020,0,1.8667235744279165
1204,3cd255d7ca797035372aa73da26dbd23,FLUX.1-schnell,1,1.8640292204575528
1205,04f230a6e106c3c74be6105787ed226e,imagen3,1,1.8622247578306843
1206,93c642169ef5e111dde1b823fdc566a2,SD3-medium,1,1.86031466420707
1207,c09af5b238cbc3b75d17ed19e578ad54,SD3-medium,1,1.857722135857112
1208,d3193a7f11f8d49e5231d56ba7dbffbc,imagen3,1,1.8573906477707751
1209,7b15bd76c8b0d936178672036648c8e6,FLUX.1-dev,1,1.8565643904830147
1210,da3d98f041f723b9c1531675d54942ee,SD3-medium,1,1.8540010996202607
1211,b8e9aa00e39cec57a606fb4484969256,SD3-medium,1,1.8539903088799687
1212,9b58149783498a79e4c7f09f324c62ee,SD3-medium,1,1.8520635602968345
1213,cb569a93b37b58d834342a84458ed8e9,imagen3,1,1.8505990679322053
1214,4e097d8074368e03be0f9de961650134,FLUX.1-dev,1,1.849057968309769
1215,1eb25e2f93bf239c5498c407e9075359,SD3-medium,1,1.8488059435869828
1216,e94cae36e4e7ddfd40f611fe0b6a1c16,SD3-medium,1,1.848411138912653
1217,530c17080546549535625e004d876b0f,clic2020,0,1.848213849483796
1218,ff9229475734eba392aebf986b65e245,imagen3,1,1.8474240471399992
1219,369cab8f0b2d7d790f917906e859746f,imagen3,1,1.844285651389252
1220,93c642169ef5e111dde1b823fdc566a2,FLUX.1-schnell,1,1.844184121619533
1221,d4264adbfa1f3ab71cb7735f5b4c4217,SD3-medium,1,1.843655807548181
1222,905ff74ab57ed0a81ea4b7bf6f3022f4,FLUX.1-dev,1,1.8436014033477952
1223,d78b363974ac79908b79012f48de715d,FLUX.1-schnell,1,1.8415876809777207
1224,8c3f64635c07801bc2c9def490a27168,imagen3,1,1.839917501724372
1225,74a98d64088b70aa43dbe906b5a4a2eb,clic2020,0,1.8394130121325372
1226,6f05b342c398f3310f9d97a29a31037b,imagen3,1,1.8365715940569616
1227,25bf4453f783b8649e24ecc4c8cf124c,imagen3,1,1.8327671688828555
1228,1fadb467d5e18a1952eb3d1a9bb1fac3,FLUX.1-dev,1,1.8321455876383583
1229,7a663d483f843a589bc41698ce3257e7,FLUX.1-dev,1,1.8319847000399896
1230,8fcb54ffe7dac41bf1b56cc2586b7f2e,FLUX.1-schnell,1,1.831332474984464
1231,bf5c2516006cade6a0369cf28395f80d,FLUX.1-schnell,1,1.8312607619296672
1232,cd06eb22503ed583b4e3f84515cd5350,FLUX.1-schnell,1,1.83117879353326
1233,0ec4f143050cb4aa6d05646e927b507e,FLUX.1-dev,1,1.831054499454769
1234,cc831c904a314a0e98530124526e930b,imagen3,1,1.8308508568978203
1235,b392d8d4327d90d63e83065a8d61dbd3,FLUX.1-dev,1,1.8287017467008249
1236,f1ad89b231af49114e2d733be9f5311b,imagen3,1,1.8250551173047385
1237,905ff74ab57ed0a81ea4b7bf6f3022f4,SD3-medium,1,1.8208275945326136
1238,b59e32e7e0fd45d200438d283f1845df,FLUX.1-dev,1,1.8201634097434651
1239,80bd7a4aa85272ba69f64e6e682ea255,FLUX.1-dev,1,1.820092901544628
1240,b8e9aa00e39cec57a606fb4484969256,FLUX.1-schnell,1,1.8185869676472657
1241,e94cae36e4e7ddfd40f611fe0b6a1c16,clic2020,0,1.8150142819004889
1242,0ca770c32916dbcb0094ba7905b14665,FLUX.1-dev,1,1.8145528393122656
1243,2ac50c40ad555be5f592f9c391dc3aa6,FLUX.1-schnell,1,1.8144838649967667
1244,055829c676c9e6f3ba6b502583d7018d,imagen3,1,1.8135217088652875
1245,01d8472427bf120a4574ee3dbb3f1234,SD3-medium,1,1.8134511082560012
1246,35a9d773f6b49815407f57f71c9f1371,SD3-medium,1,1.8114983824328716
1247,c75162f6bea06103966d71566285ee15,FLUX.1-dev,1,1.808120982641272
1248,9b5705c33365f295bb607d380dd53994,FLUX.1-schnell,1,1.8078121232201292
1249,36720dbea875d6f7f81ade5b42eef871,FLUX.1-schnell,1,1.8061852265813976
1250,b78e795dc6c3024b9cbb4fe9e2889609,clic2020,0,1.8054748723858465
1251,a65da8c2d823e65fb171a21915d39f45,FLUX.1-schnell,1,1.803719671935585
1252,00b64869422e0011ff5bb492e56042cc,clic2020,0,1.8002504748977697
1253,be12c49d88fead760e8e1656a15e37ca,imagen3,1,1.7966232247267109
1254,70f35e107c8cdba9ced6863af2e1da64,SD3-medium,1,1.7959193750242952
1255,ad0f3343588aea78ed975da9b55d0f6a,FLUX.1-dev,1,1.7953423549320826
1256,751d7da6ed18cb9e4c9412d40540a27c,imagen3,1,1.7949234519990842
1257,e903c4f4684100a6dbac1f0b9b4de760,SD3-medium,1,1.794400078663451
1258,7b15bd76c8b0d936178672036648c8e6,SD3-medium,1,1.7940789294095314
1259,d21cc90ccb388935628eabfc044395cd,FLUX.1-dev,1,1.7939442792259976
1260,5e78559fa185804354159d4fe8a1b280,FLUX.1-dev,1,1.7927998565268617
1261,81522064f61ba1c9ec111bb349851bca,imagen3,1,1.7913811066933745
1262,1d7ae42f8516d21ebb41441e800f2587,FLUX.1-dev,1,1.790902601180028
1263,7b8504b7861b366de7b559d630c9974b,FLUX.1-schnell,1,1.789876129119583
1264,76d1283076915e256ec0de2d6729f937,FLUX.1-dev,1,1.7890463417330411
1265,8ba19447ea8e56002881d89c34d58d92,imagen3,1,1.7887272285371083
1266,da46dc5a1e9c2e2177afec559943111f,clic2020,0,1.7881375831980746
1267,f5b4095e500a5cf50ddd8fdc8cb05899,SD3-medium,1,1.788102064588155
1268,04eddb6adca47bb7caa66cf0f70a842d,FLUX.1-schnell,1,1.78703191384588
1269,2a4a019c669ffec1ff91b094c627adaf,FLUX.1-dev,1,1.7869087164196131
1270,bd66e378552d42b2772361b4f5f80a15,imagen3,1,1.7829591225196415
1271,4cc106e3817048a1f6f9de14ee367f21,imagen3,1,1.7827102846676055
1272,a1051650452c2c9da53fbea52a19f88c,clic2020,0,1.7823148398187498
1273,aeb3111883ab88e931b96dcdfdd5b9f6,imagen3,1,1.782258945750041
1274,977d69628a8fed178d55399007f29ea8,FLUX.1-dev,1,1.7813045669818566
1275,920e1085a30117a8ffc41ab80dd5d956,SD3-medium,1,1.778085539564071
1276,0f5157fea733e2b9f9808020286df79c,FLUX.1-schnell,1,1.7776598297725836
1277,c75162f6bea06103966d71566285ee15,imagen3,1,1.7775136476507385
1278,4662188f30900f0e242df98632adae4e,FLUX.1-dev,1,1.7721070855557977
1279,b29c46fa542667cf154003cc4a49fe81,SD3-medium,1,1.769941821480601
1280,751d7da6ed18cb9e4c9412d40540a27c,FLUX.1-dev,1,1.7696350271851995
1281,181e5e67b826bfa3e5e6d2d43c6a656d,clic2020,0,1.7673427161841275
1282,2145f7acfa352c3dfaf5e53e19675922,SD3-medium,1,1.763976793127936
1283,1c61ecf97c8ff5e8c46ca8e953e54176,FLUX.1-schnell,1,1.7629649395435956
1284,a1ffe07460e45e2fb24bc7bc0bfee584,imagen3,1,1.7606450522817831
1285,da304ab2b27c21508612f6ea44dae584,clic2020,0,1.760355839944017
1286,369cab8f0b2d7d790f917906e859746f,clic2020,0,1.7550596331247068
1287,9ffd913d79523f1322dbfaf6717e2004,imagen3,1,1.7528764773816483
1288,55d9113e3e7ce686fd6256f468b0b977,FLUX.1-dev,1,1.751251397815376
1289,2145f7acfa352c3dfaf5e53e19675922,imagen3,1,1.7505970054592186
1290,b66122069099f2d09ab52a9867de127a,SD3-medium,1,1.7493737085452188
1291,370fbecad58ace69f6dbca19a6957014,SD3-medium,1,1.746204426837387
1292,b343b5eb2b6099e7b985c2952d56861c,clic2020,0,1.7459811852167748
1293,04eddb6adca47bb7caa66cf0f70a842d,SD3-medium,1,1.7441262021603685
1294,08052112d0151f7c9ac4879f838d5a0c,SD3-medium,1,1.7439449725631575
1295,99a9bfeef04059db0e044655999494d2,FLUX.1-dev,1,1.743708996119322
1296,e569c0814762e9c6b072b875e89680f7,FLUX.1-dev,1,1.7428080255104166
1297,586460a320d3e725cdf3f6032dd09f52,FLUX.1-schnell,1,1.7424059728293786
1298,f5be5054c01d8efc834d78a991356ad6,imagen3,1,1.739467142663937
1299,b98ec5b29d02ef65e57d23ef90660b4d,imagen3,1,1.735114382620571
1300,02c3cf767c6845b3ec9a7b102d3b02fe,FLUX.1-dev,1,1.735064209847048
1301,47c89585d70d8819fbc0ab9911880f08,FLUX.1-dev,1,1.7323750542921184
1302,2f997f58b6f4a3301941f5bb543c3b7f,FLUX.1-dev,1,1.7315857838576307
1303,3abbb07f7c75b68ab4b60c0fea6d3c23,SD3-medium,1,1.7299172935557516
1304,f5be5054c01d8efc834d78a991356ad6,FLUX.1-schnell,1,1.729594710563803
1305,9b58149783498a79e4c7f09f324c62ee,FLUX.1-schnell,1,1.7248239494372304
1306,46c1831600829ae8b30c6b06557424ef,imagen3,1,1.7242448861042243
1307,d3688a7285d7b2b81febe1cd72e6e22c,FLUX.1-dev,1,1.7215467930497017
1308,9f5a3c436121dd72c45c1adb1597f508,SD3-medium,1,1.7212221671283112
1309,97c4621301311fba4c133352c96abcec,imagen3,1,1.7198925564171124
1310,530c17080546549535625e004d876b0f,SD3-medium,1,1.71957385736856
1311,a221bc8a7db67f74a3379de0794ddcab,SD3-medium,1,1.715293507482214
1312,c4ae84e582eaa22437bf904291595bf2,SD3-medium,1,1.714968634975797
1313,02c3cf767c6845b3ec9a7b102d3b02fe,imagen3,1,1.7104362909582564
1314,97ef70e989259fe49c501c95bae1134f,clic2020,0,1.7098084770237307
1315,a044b914e4123a71bcaa4d72088617d9,FLUX.1-schnell,1,1.7087061353189206
1316,1035a35332e08ee1e7793f7be86d6ca1,imagen3,1,1.7076643974435664
1317,155b69fb7b85c1dd48abcec83b49c3c0,FLUX.1-dev,1,1.70741786105482
1318,7601c27e32cf71e3856bc7147057efd9,FLUX.1-schnell,1,1.706509869347403
1319,c26847af1470e880236db4766b42c09d,FLUX.1-schnell,1,1.70486020767548
1320,df90d2ed9e78b5c9752ea4418fa09e86,imagen3,1,1.7035034449817883
1321,43a5e7e48d4096304e74e22437200965,FLUX.1-schnell,1,1.7030094123433197
1322,aa716426255844b75298e7a9876e6246,imagen3,1,1.7008698165513152
1323,8efee6d2ae7618a4649a5d931c8e0d06,imagen3,1,1.699374184094392
1324,a1ffe07460e45e2fb24bc7bc0bfee584,SD3-medium,1,1.6990703555723163
1325,8c3f64635c07801bc2c9def490a27168,SD3-medium,1,1.6990077668658086
1326,5bd503f2b35665295fff74efb22a6b6d,FLUX.1-dev,1,1.6948470169841436
1327,b392d8d4327d90d63e83065a8d61dbd3,imagen3,1,1.6933404847070812
1328,f4f26bc07206b48c47731495b1f34908,FLUX.1-dev,1,1.6930927130921458
1329,ff52b7548f7024b96d2cea64e5e061b7,imagen3,1,1.6922235277954167
1330,cef63be9f42f596c4043074e4d1bcc48,SD3-medium,1,1.69086985996907
1331,90b622e11ecc37edd42297427403ee81,imagen3,1,1.6899366164418954
1332,2f997f58b6f4a3301941f5bb543c3b7f,SD3-medium,1,1.6888371185859017
1333,3b9355409dd28c48c7675f2a5cc512b0,SD3-medium,1,1.687034772701098
1334,155b69fb7b85c1dd48abcec83b49c3c0,FLUX.1-schnell,1,1.6868639119942048
1335,04f230a6e106c3c74be6105787ed226e,FLUX.1-schnell,1,1.6849806171935338
1336,d3193a7f11f8d49e5231d56ba7dbffbc,FLUX.1-dev,1,1.6825863671693897
1337,d78b363974ac79908b79012f48de715d,SD3-medium,1,1.6825140552354627
1338,d5872a43ee17348396975c5997d2e06e,clic2020,0,1.6815430670122136
1339,a18105e39854a75582ebaa4eba6ba3aa,imagen3,1,1.6792902282120812
1340,9ca5710e0c97e20db8878947c85ca8ed,FLUX.1-schnell,1,1.6779900505314185
1341,7601c27e32cf71e3856bc7147057efd9,FLUX.1-dev,1,1.677028376358634
1342,8fcb54ffe7dac41bf1b56cc2586b7f2e,imagen3,1,1.6765989241666466
1343,afa0a2b3e76a7bd4f0ded4d9237bdd51,FLUX.1-schnell,1,1.6688927007235237
1344,d4330aaa55e61b1caf639da7581f9f90,FLUX.1-dev,1,1.6688892328943423
1345,767bcd748d222c2ee1684a98a86b4472,clic2020,0,1.6668209862389212
1346,977d69628a8fed178d55399007f29ea8,imagen3,1,1.6644927206265896
1347,af519e368a381a3aaa6ce8d7831929a1,imagen3,1,1.664456119298434
1348,bc27c401acd50c0e7909227cc437081b,SD3-medium,1,1.6643047955065615
1349,2c40c8e3c81955912f2c03baf6d5a511,FLUX.1-dev,1,1.6617738383094975
1350,677a544b4019010dcdcc4912d29ea4df,FLUX.1-dev,1,1.660724680732628
1351,5a5dc6fbbb29b668948f04fde7e50985,FLUX.1-dev,1,1.6562558289783658
1352,a2c0e93de410f9e3e992572d084f317a,FLUX.1-dev,1,1.6560036534403562
1353,762f398533ac3176407682110fb2d6b1,SD3-medium,1,1.655988886131014
1354,530c17080546549535625e004d876b0f,FLUX.1-dev,1,1.653943425606068
1355,aa8ada79ffbdcdb385aedf23bb89bebe,FLUX.1-schnell,1,1.651730292629496
1356,3054890617fa48f6c4db35d9fb972b44,SD3-medium,1,1.6496471371120256
1357,e59de00aa94a46c8af3302273c64971c,FLUX.1-dev,1,1.6493396214315386
1358,937c4977c0e2fb4ca5ff26e7f9b63702,FLUX.1-dev,1,1.6436499857555762
1359,cd06eb22503ed583b4e3f84515cd5350,SD3-medium,1,1.6435770411702653
1360,b1400e99ef413c8fee7d5c0be41d7d1e,imagen3,1,1.6409458015300844
1361,2bb1fee0867d8c551ce51b3bae40e101,FLUX.1-dev,1,1.6386083787351875
1362,f063e002f01557d388b650360f30d7db,clic2020,0,1.6380321432748648
1363,e92090da48b0a9466eb3b259d16b27d4,imagen3,1,1.6372567566772016
1364,12e237070b800d8d4602fb0892591464,clic2020,0,1.6368772265604663
1365,0ae784e3c3fad9064cda2753c0782305,SD3-medium,1,1.6366288367740436
1366,518bc4a10466c7b3f176979a3c5cec12,imagen3,1,1.6288984516910243
1367,2bb1fee0867d8c551ce51b3bae40e101,imagen3,1,1.627364861344328
1368,b59e32e7e0fd45d200438d283f1845df,imagen3,1,1.6256886290182266
1369,ec235ab32e590aaeec61cf6d0c0d5013,imagen3,1,1.6243759366758683
1370,7b22f7d25c42fe87e3e1559477259531,FLUX.1-dev,1,1.6205675438399345
1371,cef63be9f42f596c4043074e4d1bcc48,clic2020,0,1.619845410338964
1372,e50de866319ab42aaa8892105794cf0f,imagen3,1,1.6196025476987794
1373,e92090da48b0a9466eb3b259d16b27d4,SD3-medium,1,1.614504050305752
1374,7b24818b50b237e502099fbde866c691,imagen3,1,1.6124202919392787
1375,d8ed4d9bcb553ba87c94b403133129d1,FLUX.1-schnell,1,1.6096655367716006
1376,1c55a04d89db0050a78e50fe10385da2,SD3-medium,1,1.608048581788318
1377,d13182adddbf6856582581ba39457059,SD3-medium,1,1.605761294740478
1378,b24c97dfebfb0722cc3fd9b3ecfb6634,imagen3,1,1.6035089685776227
1379,f32732119632130510d480c894336143,SD3-medium,1,1.6021168179468974
1380,2c01c3bf314188823f6f3f26edb0feec,imagen3,1,1.601552806518061
1381,d303ec8579c2eab0b92da121b463ea05,imagen3,1,1.6013118873974022
1382,01443654fdc57490d5c2d8b0fd9e065b,FLUX.1-schnell,1,1.6012037810894797
1383,c6658d87c608b631f5cc3fb5a8d89731,SD3-medium,1,1.600688810100348
1384,751d7da6ed18cb9e4c9412d40540a27c,SD3-medium,1,1.6004152840297696
1385,369cab8f0b2d7d790f917906e859746f,FLUX.1-schnell,1,1.599731618073052
1386,0ae784e3c3fad9064cda2753c0782305,FLUX.1-dev,1,1.59702014803486
1387,4eebb376fb5f1e1da2ef224167ed7798,clic2020,0,1.5933728797244977
1388,fdf3d4ac1718040d0ef9492706017309,FLUX.1-dev,1,1.5929106258826633
1389,751d7da6ed18cb9e4c9412d40540a27c,FLUX.1-schnell,1,1.591966907986616
1390,b5cf844d1140abfb736be201153c729c,FLUX.1-schnell,1,1.590482645397124
1391,63645228d4a0a835d8ffdcc46ab7e464,FLUX.1-dev,1,1.5895299893173704
1392,a1051650452c2c9da53fbea52a19f88c,imagen3,1,1.5893393065699148
1393,f12c6f76b22c29f2ee1681e575e7d487,FLUX.1-dev,1,1.588163452727684
1394,8c6fc04c5161cb542be6c1d6fd47ca1b,FLUX.1-dev,1,1.5836333735403323
1395,f917410f6a2f5e6ff29b42e40d026981,FLUX.1-dev,1,1.582411303274016
1396,e74885c08f264b026dead7d94cf6594d,SD3-medium,1,1.5801297446743323
1397,84b3901233efc1ee31d52fb30bfd0e9c,imagen3,1,1.5722859937914953
1398,9671abb53805f8825d0209c7b5abad86,clic2020,0,1.572010344745522
1399,01443654fdc57490d5c2d8b0fd9e065b,FLUX.1-dev,1,1.5675590554748629
1400,f5bd415c8855b11d15c48bc2c238ce79,clic2020,0,1.565969436758679
1401,b3f25cd2833a0d0b196600245ba71f57,imagen3,1,1.559809768852956
1402,04eddb6adca47bb7caa66cf0f70a842d,FLUX.1-dev,1,1.5589499294404343
1403,70f35e107c8cdba9ced6863af2e1da64,imagen3,1,1.5587813270055482
1404,3cd255d7ca797035372aa73da26dbd23,FLUX.1-dev,1,1.5548261209001732
1405,fdf3d4ac1718040d0ef9492706017309,SD3-medium,1,1.55434528008258
1406,0ec4f143050cb4aa6d05646e927b507e,FLUX.1-schnell,1,1.554308096592962
1407,fd310b01839717c9aa5711e074d8eb7c,clic2020,0,1.5525533846004878
1408,47c89585d70d8819fbc0ab9911880f08,clic2020,0,1.549067463664428
1409,e569c0814762e9c6b072b875e89680f7,imagen3,1,1.547333508134534
1410,25bf4453f783b8649e24ecc4c8cf124c,SD3-medium,1,1.5471078900364643
1411,51306153bf7736a078480b0de74f7256,imagen3,1,1.546546163855799
1412,d3688a7285d7b2b81febe1cd72e6e22c,FLUX.1-schnell,1,1.5442720303850563
1413,091257d3b658024d9921799c583454c5,FLUX.1-schnell,1,1.5439201064053871
1414,bc9380cbd86240d26c0970f48b9d5a86,imagen3,1,1.5398664348564668
1415,80518befd628a47b67fcd9dc9afc50f0,clic2020,0,1.5390406346910086
1416,4651e8e35c365243c4124787633a83c0,clic2020,0,1.5384405003261965
1417,c38ea616e3511c8a0abee4750c0fba83,SD3-medium,1,1.5372450114790848
1418,b78e795dc6c3024b9cbb4fe9e2889609,FLUX.1-schnell,1,1.536388381303799
1419,400984b87394ada6d9627ed918908986,SD3-medium,1,1.5350858362425683
1420,091257d3b658024d9921799c583454c5,SD3-medium,1,1.534059518315096
1421,e4e99ae9a63d3d68d785152c536a8ca8,imagen3,1,1.5337587210922037
1422,2dce1fcbed00e14bdabf369c293b1dee,imagen3,1,1.533532154224522
1423,21950943ce77f421f03a52ada741d1d9,imagen3,1,1.53192569408255
1424,c96c88bb0aaefb472a58193d51d3e50d,imagen3,1,1.529223149200799
1425,b392d8d4327d90d63e83065a8d61dbd3,FLUX.1-schnell,1,1.5284430607112398
1426,1eb25e2f93bf239c5498c407e9075359,clic2020,0,1.5267192323014198
1427,cc79618cb154e0bf7a44ae8a46e35c02,clic2020,0,1.5255188616447946
1428,d1cef2cff53a9223fe63244d91f59c4d,imagen3,1,1.5255004284937588
1429,3c48f2b289ee49af7d78bf43d3e73334,SD3-medium,1,1.523466204228478
1430,944c1dca7495abef15edded463ab6a83,SD3-medium,1,1.5218087756305163
1431,80bd7a4aa85272ba69f64e6e682ea255,imagen3,1,1.519061275125889
1432,63645228d4a0a835d8ffdcc46ab7e464,FLUX.1-schnell,1,1.5165713057898145
1433,944c1dca7495abef15edded463ab6a83,FLUX.1-schnell,1,1.5148998377594949
1434,cad19ed0ee815198beb799d30584a54c,FLUX.1-schnell,1,1.5147353771632324
1435,da304ab2b27c21508612f6ea44dae584,FLUX.1-dev,1,1.514405124682132
1436,30f3a2fd512394b0565c2cc510831132,FLUX.1-schnell,1,1.5112037319692466
1437,99a9bfeef04059db0e044655999494d2,imagen3,1,1.5102252959236933
1438,5064e69f56e68b4ad197102503fa4d3a,imagen3,1,1.5099792750562142
1439,2605533dbf4342badbd4c24c403a9dd7,imagen3,1,1.5045371788820208
1440,55d9113e3e7ce686fd6256f468b0b977,SD3-medium,1,1.502493896601245
1441,7f3f4b4b151f81d395e8f4b96a10c4cb,SD3-medium,1,1.4893254715015565
1442,bd66e378552d42b2772361b4f5f80a15,SD3-medium,1,1.488976510122118
1443,bf5c2516006cade6a0369cf28395f80d,SD3-medium,1,1.4887558710120017
1444,7a663d483f843a589bc41698ce3257e7,SD3-medium,1,1.4859548860002103
1445,d3688a7285d7b2b81febe1cd72e6e22c,SD3-medium,1,1.4844052538727524
1446,4b1593698a8cad4f69d6d37b33d8f5f1,imagen3,1,1.483376190449572
1447,9ca5710e0c97e20db8878947c85ca8ed,SD3-medium,1,1.4806410511442654
1448,ad0f3343588aea78ed975da9b55d0f6a,imagen3,1,1.4794751684650702
1449,419069233102c3eefefbc96606e8ef12,clic2020,0,1.4746617717851314
1450,8f616c54067d0399619749dcad59e24b,FLUX.1-dev,1,1.474054139292642
1451,f08f3ef916c58192dcbd10a8c70d361f,SD3-medium,1,1.4729937863239768
1452,e4f6ab5f5cb9df159221da2b6fc3ff67,clic2020,0,1.467881159419402
1453,26f350af0f6ee2fb314606ebc2b56e56,FLUX.1-dev,1,1.4641642786051403
1454,afa0a2b3e76a7bd4f0ded4d9237bdd51,imagen3,1,1.463980635461009
1455,66bb5b4192682480a9d4a0ad344da99f,imagen3,1,1.4633380916338576
1456,b98ec5b29d02ef65e57d23ef90660b4d,FLUX.1-schnell,1,1.4595006712450445
1457,10039f8067185000522ee5238736f1d8,SD3-medium,1,1.45446818359172
1458,1b8c4dc594ba04518bbd959d339806e6,SD3-medium,1,1.4528910878139951
1459,3aa03f87234a369c7031624cbfdf7436,imagen3,1,1.4521170896823146
1460,486f6ff6cda193365d6cc87c69a54423,imagen3,1,1.44908255737776
1461,7b8504b7861b366de7b559d630c9974b,imagen3,1,1.4433536646220055
1462,b2ebe67ae558bec4435108d0b1afc6f5,clic2020,0,1.442972554693848
1463,0824bfaef8a290439690f35b7602d682,imagen3,1,1.4417492051596663
1464,0ca770c32916dbcb0094ba7905b14665,FLUX.1-schnell,1,1.436999266607693
1465,c26847af1470e880236db4766b42c09d,imagen3,1,1.4368440250422911
1466,677a544b4019010dcdcc4912d29ea4df,clic2020,0,1.435801630453598
1467,348e1604dd6a1ec05428fd36ae47c946,SD3-medium,1,1.4340985200854033
1468,154830debaf6a263a2622601b5040477,FLUX.1-dev,1,1.431441993412018
1469,af519e368a381a3aaa6ce8d7831929a1,clic2020,0,1.4307211747957729
1470,4051aeed928b0258553e2e6c7ce36466,FLUX.1-dev,1,1.4272705517793878
1471,da3d98f041f723b9c1531675d54942ee,imagen3,1,1.4261122181715034
1472,bf5c2516006cade6a0369cf28395f80d,clic2020,0,1.4248872753115915
1473,5ff9e78bb19a8097bcb0baaf6d3f33b5,imagen3,1,1.4245111295857185
1474,937c4977c0e2fb4ca5ff26e7f9b63702,SD3-medium,1,1.422838019785526
1475,bd66e378552d42b2772361b4f5f80a15,FLUX.1-dev,1,1.421630696880916
1476,acda8851def5fe87ebfe17f4ca90e55e,clic2020,0,1.421036725000429
1477,51aa52fd42a26edda0e494f6a985f9b9,FLUX.1-dev,1,1.4179099291969663
1478,286d33d0ee8c243e15b591b390556afa,imagen3,1,1.415810991529374
1479,97c4621301311fba4c133352c96abcec,FLUX.1-dev,1,1.4135320883986742
1480,bbc65982ad8ffb6c04e1f9bc07fd4a71,imagen3,1,1.4117335902105594
1481,f2fa8ce472bd4021c533d9529c0d55b5,imagen3,1,1.4113415791016584
1482,d06035776d93bf5b101d3c377576ce1f,imagen3,1,1.410615913951113
1483,f2fa8ce472bd4021c533d9529c0d55b5,SD3-medium,1,1.4083104744134547
1484,c5d98750587c012da16b14ff0addfc55,SD3-medium,1,1.406792967253273
1485,a152fe7dd46972ed231c3f719e0cf9c7,imagen3,1,1.4065578816149975
1486,b2889436c6c0ed9d2a56f1ecda561798,SD3-medium,1,1.40578170786197
1487,2a4a019c669ffec1ff91b094c627adaf,SD3-medium,1,1.403928779172727
1488,9b58149783498a79e4c7f09f324c62ee,imagen3,1,1.4013617896326125
1489,b98ec5b29d02ef65e57d23ef90660b4d,FLUX.1-dev,1,1.3992493284913885
1490,c0c62f2e001a865543e358a905e3e241,FLUX.1-schnell,1,1.398629486641327
1491,0f6cd456ade0adf0c1a0d4e522954d00,SD3-medium,1,1.3980022964924967
1492,adf2eb452772a4fb90820ab239fd0862,clic2020,0,1.3936992408039983
1493,04eddb6adca47bb7caa66cf0f70a842d,imagen3,1,1.3925559428612964
1494,d13182adddbf6856582581ba39457059,FLUX.1-dev,1,1.386594646576372
1495,e74885c08f264b026dead7d94cf6594d,FLUX.1-dev,1,1.382485381817429
1496,c96c88bb0aaefb472a58193d51d3e50d,FLUX.1-schnell,1,1.3792604134428237
1497,23b84f3ab4862f3b6812a740fe0f7a9f,FLUX.1-dev,1,1.3677659175017327
1498,b2889436c6c0ed9d2a56f1ecda561798,imagen3,1,1.366932483991691
1499,e4e99ae9a63d3d68d785152c536a8ca8,SD3-medium,1,1.3615259981373444
1500,cccd2e76c4f6c04b92c7d5054d9a297c,clic2020,0,1.3605724464527578
1501,6a1c4c1398a8de1ff48645f1d47f5dd1,SD3-medium,1,1.3506503456662056
1502,486f6ff6cda193365d6cc87c69a54423,SD3-medium,1,1.3505365808239298
1503,24e7cb6c5285eb2003e328e1b7d92881,FLUX.1-schnell,1,1.347989640450408
1504,286d33d0ee8c243e15b591b390556afa,FLUX.1-schnell,1,1.3407968325039383
1505,76d1283076915e256ec0de2d6729f937,SD3-medium,1,1.339972821625313
1506,9b5705c33365f295bb607d380dd53994,imagen3,1,1.3354107490981677
1507,3a5f16e4c64fe70f8481e184574867e2,imagen3,1,1.3343447551506096
1508,56ad924f096764d2f564c2cfdfacbdf2,SD3-medium,1,1.334125052281477
1509,aa8ada79ffbdcdb385aedf23bb89bebe,clic2020,0,1.3340774722582638
1510,615db6f953577cdaf9e252c1feb451e8,imagen3,1,1.334035173617461
1511,3fc0e843dfba3586489d42b1a4b68494,imagen3,1,1.3305535777499689
1512,cc831c904a314a0e98530124526e930b,SD3-medium,1,1.330053196210122
1513,9ca5710e0c97e20db8878947c85ca8ed,imagen3,1,1.3276327115150504
1514,cb569a93b37b58d834342a84458ed8e9,clic2020,0,1.3271428105217504
1515,0ca770c32916dbcb0094ba7905b14665,SD3-medium,1,1.323479914506367
1516,355f9980ae0e0b5ed7fbcbbd0679784a,imagen3,1,1.3227131518229078
1517,b4b583b9235055b9edf3891d4d6a72f3,imagen3,1,1.3216007177891962
1518,1ac06ad4b53f9880698aaaaa730363c6,clic2020,0,1.3211708501253812
1519,c7737e81ede69577d2e97baf5546fa4c,FLUX.1-dev,1,1.3188241540130443
1520,52b914dc6a9b34022bfd24cc0c0c410e,SD3-medium,1,1.318386495419765
1521,4651e8e35c365243c4124787633a83c0,imagen3,1,1.3156819552247887
1522,cced2951ae31e89d336ceeb7a58d2e09,imagen3,1,1.3153709129797213
1523,1c1b3b5e278ea84650f4fce29a511b82,SD3-medium,1,1.3137803350999708
1524,8d8e9dfb946c8c62312fe793c674c943,clic2020,0,1.3137015388687556
1525,66bbfb5c3a7df3f47e4b923399e678cc,FLUX.1-schnell,1,1.3100349990640527
1526,e74885c08f264b026dead7d94cf6594d,imagen3,1,1.3094152170337792
1527,ef35faa9748354726c96d555a4ef7fa4,clic2020,0,1.3059369172233648
1528,65fb073dbb9645e78a6a0c0d3826fbb1,imagen3,1,1.303522354767945
1529,762f398533ac3176407682110fb2d6b1,imagen3,1,1.299646572781335
1530,ad0f3343588aea78ed975da9b55d0f6a,SD3-medium,1,1.298362240443212
1531,adf2eb452772a4fb90820ab239fd0862,imagen3,1,1.297728335533726
1532,b2889436c6c0ed9d2a56f1ecda561798,clic2020,0,1.2956783644632537
1533,52b914dc6a9b34022bfd24cc0c0c410e,imagen3,1,1.294041382750963
1534,a09cef33f4eff919ad347fbdb9ea2650,SD3-medium,1,1.2921917449853844
1535,df7784c3c8a69c18b5b1c1d3255991c2,SD3-medium,1,1.2913980875881217
1536,08eba944d75efaf0bf3390e68c8d03b0,clic2020,0,1.289947155284691
1537,d13182adddbf6856582581ba39457059,FLUX.1-schnell,1,1.2878965591181015
1538,e50de866319ab42aaa8892105794cf0f,FLUX.1-dev,1,1.2871179361722267
1539,458319fbebd20861fa0756e113078b49,imagen3,1,1.285324800627833
1540,2a52313ea4139f96acb00e8ec39a6462,FLUX.1-dev,1,1.284866602732739
1541,c1665c556bd2ac16fa7337bc12842980,clic2020,0,1.2811460832585917
1542,d06035776d93bf5b101d3c377576ce1f,clic2020,0,1.279604994499607
1543,c9f6a2308316c232484bf2e3a1b92f44,FLUX.1-dev,1,1.2776551026664211
1544,18089fbcc1e1cec439176833d87eda1d,imagen3,1,1.2763130505793865
1545,6a1c4c1398a8de1ff48645f1d47f5dd1,imagen3,1,1.2735437872421007
1546,f38cc4f69a59ba64e5d85c28923e2b32,FLUX.1-dev,1,1.2717070493438294
1547,6bb37f3b828386461d1de3ee5f90576a,clic2020,0,1.270769603041234
1548,8181526d9f238726d3e1d3ec3cc56fb7,clic2020,0,1.261107648984053
1549,51aa52fd42a26edda0e494f6a985f9b9,imagen3,1,1.2576787801695564
1550,3b9355409dd28c48c7675f2a5cc512b0,clic2020,0,1.2560344503393717
1551,2621b232927be05baa04e60c6a32567b,FLUX.1-schnell,1,1.2556467163214586
1552,091257d3b658024d9921799c583454c5,imagen3,1,1.2494775292543685
1553,fc675141e27165a3cda501eedc542bca,imagen3,1,1.2450428951264745
1554,503878b1573c8c95acd532516e6df2aa,imagen3,1,1.2438202852448927
1555,aeb3111883ab88e931b96dcdfdd5b9f6,FLUX.1-dev,1,1.2435161799115138
1556,a1ffe07460e45e2fb24bc7bc0bfee584,FLUX.1-schnell,1,1.2391870765783732
1557,b24c97dfebfb0722cc3fd9b3ecfb6634,clic2020,0,1.239070663258046
1558,08052112d0151f7c9ac4879f838d5a0c,FLUX.1-schnell,1,1.237847939557703
1559,b9fc47c6e253ce07e5be10c4f73a59a0,FLUX.1-dev,1,1.2364441970175857
1560,a089920d7fc2e69157a33bc9e11afa6a,clic2020,0,1.2288150709225651
1561,0cb87ff168cf338fee6161e5e1892211,imagen3,1,1.2253508543391434
1562,42aa40af12a11b84bcb9232f6ca5253e,SD3-medium,1,1.2215398863892526
1563,da5cb712f89e81f74a944aea5c08705c,SD3-medium,1,1.2166781938004056
1564,fec5b702c334623cc9e6b5191874364d,imagen3,1,1.2161710650892246
1565,bd6e482945e431c4c036d6a1b1cfd9ce,SD3-medium,1,1.2160818587881708
1566,5d59a65584961ead3b88c1926ad88ec1,FLUX.1-schnell,1,1.2074066438243358
1567,35988545802fdaa4d2ea6e064e9a9902,FLUX.1-schnell,1,1.205388682161855
1568,2a52313ea4139f96acb00e8ec39a6462,clic2020,0,1.204927730021224
1569,58f01141f2e59ac84e8f303b637bc865,clic2020,0,1.2039583016566016
1570,6d56e2fa662dd4c5f9091a324a31400f,FLUX.1-schnell,1,1.2039417711048244
1571,4700c79789bc9676b12ab5c6bc3d5e66,imagen3,1,1.2036730261374715
1572,0f6066f84db90d35c2426fe28f92ad25,SD3-medium,1,1.2028075512823913
1573,da3d98f041f723b9c1531675d54942ee,clic2020,0,1.199137887204241
1574,ab853b21122d2dc4b8559eeec283a3e0,clic2020,0,1.1887305779990864
1575,29ef058b5008b035ab00522fe840549b,SD3-medium,1,1.1884032556000712
1576,a881337d5fbc76b41e338c70bbe15427,clic2020,0,1.1873229735782869
1577,a1051650452c2c9da53fbea52a19f88c,FLUX.1-dev,1,1.1856661918638371
1578,f5003421985a7a5de8a4b36e073fd6ef,imagen3,1,1.1853916348497002
1579,e56cf453c10279a81700c395e293e4ff,imagen3,1,1.18533893376429
1580,0bd0bd79bef973496cc9ef97cd85b689,FLUX.1-dev,1,1.1843469081327993
1581,b97e45dd7422d8709fa0a2fcb004030c,FLUX.1-dev,1,1.1834826591191496
1582,b9fc47c6e253ce07e5be10c4f73a59a0,imagen3,1,1.1824429843253788
1583,824ee80d9bbba876ed71fd3916a9bd1f,SD3-medium,1,1.1806000633718576
1584,8d3e3ddf0959e772961d10e47f60e72e,FLUX.1-dev,1,1.1792777708228512
1585,0f6066f84db90d35c2426fe28f92ad25,FLUX.1-dev,1,1.177395995669121
1586,42aa40af12a11b84bcb9232f6ca5253e,clic2020,0,1.1758516180050294
1587,18089fbcc1e1cec439176833d87eda1d,SD3-medium,1,1.175807391395438
1588,e2a0742ef3b9e88a0b4a1ef4f3aad4f3,SD3-medium,1,1.1747373725598933
1589,091257d3b658024d9921799c583454c5,FLUX.1-dev,1,1.1736495897976915
1590,1eb25e2f93bf239c5498c407e9075359,FLUX.1-schnell,1,1.1712743800424898
1591,801dc86d0553892bcac59059f21e836a,SD3-medium,1,1.168954966121624
1592,3fc0e843dfba3586489d42b1a4b68494,FLUX.1-dev,1,1.1685946651786632
1593,cad19ed0ee815198beb799d30584a54c,SD3-medium,1,1.1685571919565738
1594,4051aeed928b0258553e2e6c7ce36466,FLUX.1-schnell,1,1.1680070507556135
1595,63645228d4a0a835d8ffdcc46ab7e464,imagen3,1,1.16341661239291
1596,f38cc4f69a59ba64e5d85c28923e2b32,clic2020,0,1.162555252321136
1597,4ddc95abbe00775eb3cf90ce54bffac7,imagen3,1,1.162403113566645
1598,cef63be9f42f596c4043074e4d1bcc48,FLUX.1-schnell,1,1.1581123733810377
1599,3f13fd6024c6cdd12d0960415d68af39,imagen3,1,1.1549806650699346
1600,66bbfb5c3a7df3f47e4b923399e678cc,SD3-medium,1,1.15497885290945
1601,a881337d5fbc76b41e338c70bbe15427,FLUX.1-dev,1,1.1503272911346096
1602,10039f8067185000522ee5238736f1d8,FLUX.1-schnell,1,1.1496280123858895
1603,5e78559fa185804354159d4fe8a1b280,imagen3,1,1.1486982644028143
1604,1246a1ceedd35a125a01a8b0a0e7d370,FLUX.1-dev,1,1.1428041591442402
1605,861563ce5244c9db995ad355a9d04726,imagen3,1,1.1427121350507672
1606,fc675141e27165a3cda501eedc542bca,clic2020,0,1.133500009149551
1607,280538462171f6e9ed9bb87e4bb8b873,FLUX.1-dev,1,1.1323403772632177
1608,e22eb9ac525d8d5178014d96f024bb8d,clic2020,0,1.1244506117683293
1609,2ac50c40ad555be5f592f9c391dc3aa6,FLUX.1-dev,1,1.1232890015187478
1610,677a544b4019010dcdcc4912d29ea4df,SD3-medium,1,1.1215912960472283
1611,3fc0e843dfba3586489d42b1a4b68494,SD3-medium,1,1.1204932412066184
1612,2dd8b68d660657bc856342aa439fdfc9,clic2020,0,1.1201225489322777
1613,f851c62b712ee4bb3d6f1f997a3d14b6,clic2020,0,1.1156393569677423
1614,29ef058b5008b035ab00522fe840549b,FLUX.1-schnell,1,1.114718766199794
1615,58f01141f2e59ac84e8f303b637bc865,imagen3,1,1.113662391711289
1616,2dce1fcbed00e14bdabf369c293b1dee,SD3-medium,1,1.1113306391090074
1617,3a5f16e4c64fe70f8481e184574867e2,clic2020,0,1.1093953950872764
1618,1487aded81fd845e26acc5b869c7fa4a,clic2020,0,1.1066369749323972
1619,72e19343f46a447bea2206c368a9692a,imagen3,1,1.1055670275534648
1620,fc02b24bd4ed72f9db555a28a8285df6,clic2020,0,1.105462509603744
1621,c0c62f2e001a865543e358a905e3e241,imagen3,1,1.1048777419967208
1622,df90d2ed9e78b5c9752ea4418fa09e86,FLUX.1-dev,1,1.102780191241031
1623,2621b232927be05baa04e60c6a32567b,imagen3,1,1.1014035404162037
1624,7bf886e9dea28f95a747d020ebc085cd,imagen3,1,1.1003261195378806
1625,df90d2ed9e78b5c9752ea4418fa09e86,SD3-medium,1,1.09273625985825
1626,27fef1939b915a8b3627df6f525d1343,clic2020,0,1.0927051158799026
1627,c7737e81ede69577d2e97baf5546fa4c,SD3-medium,1,1.0861769679432274
1628,df7784c3c8a69c18b5b1c1d3255991c2,FLUX.1-schnell,1,1.0814770481081042
1629,055829c676c9e6f3ba6b502583d7018d,clic2020,0,1.0806041576070562
1630,8efee6d2ae7618a4649a5d931c8e0d06,SD3-medium,1,1.0803418080973737
1631,88a7c821c65d6de64ca420a32c24d037,SD3-medium,1,1.0755093025355782
1632,c04f2a9e826cf68a7bca227d957d4b8f,clic2020,0,1.070751810529099
1633,b7e4d8bc8f176ddcf2f1b2fb8130d697,clic2020,0,1.065094619744111
1634,a251fc93b93865a1649bdcdb1989dea0,clic2020,0,1.0642594471347415
1635,0bd0bd79bef973496cc9ef97cd85b689,imagen3,1,1.0632350441365463
1636,4675c8a05dceccacb4445f859bfa7b25,imagen3,1,1.0579547137693277
1637,01443654fdc57490d5c2d8b0fd9e065b,imagen3,1,1.053112059723018
1638,ad249bba099568403dc6b97bc37f8d74,imagen3,1,1.051440367944259
1639,afa0a2b3e76a7bd4f0ded4d9237bdd51,FLUX.1-dev,1,1.0417640125866967
1640,944c1dca7495abef15edded463ab6a83,FLUX.1-dev,1,1.036824943684998
1641,ec235ab32e590aaeec61cf6d0c0d5013,FLUX.1-schnell,1,1.0323433123369072
1642,95468782f8b3fc22b2f4b13bf8f675f3,imagen3,1,1.0321806701700602
1643,7568a5b793df66e1f5d1a43c9cca33fa,FLUX.1-schnell,1,1.0293419969926856
1644,3abbb07f7c75b68ab4b60c0fea6d3c23,clic2020,0,1.0260130217930776
1645,1d7ae42f8516d21ebb41441e800f2587,imagen3,1,1.025852523808908
1646,24e7cb6c5285eb2003e328e1b7d92881,clic2020,0,1.0207002924923143
1647,aa716426255844b75298e7a9876e6246,SD3-medium,1,1.019455839858676
1648,08083126ffe2eaffe89aa1840b508db7,clic2020,0,1.0134371894458023
1649,aadfa4b23c5060bad9c2894facc2714b,clic2020,0,1.0088016156221056
1650,a1ffe07460e45e2fb24bc7bc0bfee584,FLUX.1-dev,1,1.0050115026280388
1651,348e1604dd6a1ec05428fd36ae47c946,imagen3,1,0.9929580855714564
1652,1997a83592a917f180664f9ee239109f,imagen3,1,0.9915814100809222
1653,bd6e482945e431c4c036d6a1b1cfd9ce,FLUX.1-schnell,1,0.989430521118698
1654,0895f500d26929e69910169a8a396050,SD3-medium,1,0.9847098090638868
1655,c62391423a371279c935644353fbc6d8,FLUX.1-schnell,1,0.984296321966834
1656,74d62d5759beeed2eb14666d7ee1116c,FLUX.1-dev,1,0.9791215968059126
1657,9f5a3c436121dd72c45c1adb1597f508,clic2020,0,0.9754812743506888
1658,c0c62f2e001a865543e358a905e3e241,FLUX.1-dev,1,0.9742057980587416
1659,2fcdfc60f8c9d1a32babeab5afc2741e,clic2020,0,0.9722371336845436
1660,3ede82cbfb8ec35a27d27b29cfe126e9,FLUX.1-dev,1,0.97149974315419
1661,d542411baac09dfc9e75b9c1b0532d94,imagen3,1,0.9646480278985924
1662,2dae2e141b88cc04e86e1f1368ebe9d4,FLUX.1-schnell,1,0.957961414060017
1663,d9d2553779685ab0ecb8090e748c680d,imagen3,1,0.9551604663716192
1664,7e920682d80ca287c6d84990ee495b84,imagen3,1,0.9536748143935022
1665,8c6fc04c5161cb542be6c1d6fd47ca1b,clic2020,0,0.9535373040837444
1666,767bcd748d222c2ee1684a98a86b4472,imagen3,1,0.9528868207771786
1667,c7737e81ede69577d2e97baf5546fa4c,FLUX.1-schnell,1,0.9525671028859068
1668,f1ad89b231af49114e2d733be9f5311b,clic2020,0,0.9518033674033972
1669,4ad43299135101f0770e09c442efe37f,imagen3,1,0.9512889694084096
1670,4e7f917e80b38da62054e0dff13c6226,imagen3,1,0.9501069225066344
1671,72e19343f46a447bea2206c368a9692a,SD3-medium,1,0.949207383887509
1672,887df5b2fa9d2cb3f8080e5c3f2f76c8,SD3-medium,1,0.9464576126940928
1673,a09cef33f4eff919ad347fbdb9ea2650,imagen3,1,0.9414567275375856
1674,c26847af1470e880236db4766b42c09d,clic2020,0,0.9373698620761164
1675,9b58149783498a79e4c7f09f324c62ee,FLUX.1-dev,1,0.9351371606588512
1676,0a0f6e31897ad27cc6e0dacce455634c,FLUX.1-schnell,1,0.933368422208455
1677,f12c6f76b22c29f2ee1681e575e7d487,imagen3,1,0.9325402781587926
1678,0ae784e3c3fad9064cda2753c0782305,imagen3,1,0.9319253252281314
1679,3054890617fa48f6c4db35d9fb972b44,FLUX.1-dev,1,0.9296692943336528
1680,458319fbebd20861fa0756e113078b49,SD3-medium,1,0.9296314842087572
1681,c75162f6bea06103966d71566285ee15,SD3-medium,1,0.9288967493509656
1682,0bd0bd79bef973496cc9ef97cd85b689,SD3-medium,1,0.926036784231368
1683,cd06eb22503ed583b4e3f84515cd5350,FLUX.1-dev,1,0.9192801840452552
1684,615db6f953577cdaf9e252c1feb451e8,clic2020,0,0.918436492358356
1685,7f2fd43e3381825bd0f9e5fc3c373ba2,FLUX.1-dev,1,0.9182866591070612
1686,2605533dbf4342badbd4c24c403a9dd7,SD3-medium,1,0.9174594664859084
1687,b5cf844d1140abfb736be201153c729c,imagen3,1,0.9161025941240613
1688,7e920682d80ca287c6d84990ee495b84,SD3-medium,1,0.9146686027940966
1689,8fcb54ffe7dac41bf1b56cc2586b7f2e,FLUX.1-dev,1,0.9138984212343738
1690,2f997f58b6f4a3301941f5bb543c3b7f,clic2020,0,0.9133418102945152
1691,2dce1fcbed00e14bdabf369c293b1dee,clic2020,0,0.913231332917492
1692,188ae508b4f6f3ec488c28d81f003088,FLUX.1-dev,1,0.9128899475768651
1693,3fc0e843dfba3586489d42b1a4b68494,clic2020,0,0.9116154542484882
1694,26f01d8e605c7ec63b8a98e8c92e4bdb,clic2020,0,0.909822615756861
1695,02c3cf767c6845b3ec9a7b102d3b02fe,clic2020,0,0.9085318246637336
1696,2c40c8e3c81955912f2c03baf6d5a511,clic2020,0,0.9049243742770912
1697,1c1b3b5e278ea84650f4fce29a511b82,FLUX.1-schnell,1,0.9022782519028032
1698,6f05b342c398f3310f9d97a29a31037b,clic2020,0,0.901343882624819
1699,3cd255d7ca797035372aa73da26dbd23,SD3-medium,1,0.9006921705898145
1700,586460a320d3e725cdf3f6032dd09f52,clic2020,0,0.898367332989735
1701,3f273e2068377a211ef755f97634dcbf,clic2020,0,0.8970352846816375
1702,6de46b6211e4d1f01022f5eba862806b,clic2020,0,0.8963624640429679
1703,cced2951ae31e89d336ceeb7a58d2e09,FLUX.1-schnell,1,0.8859712689185518
1704,154830debaf6a263a2622601b5040477,clic2020,0,0.8834353052538577
1705,f12c6f76b22c29f2ee1681e575e7d487,SD3-medium,1,0.8830337222936182
1706,0a0f6e31897ad27cc6e0dacce455634c,imagen3,1,0.8808291582047935
1707,b1d4da6374ee5912cde1df9b26d93667,imagen3,1,0.8743404292628004
1708,1035a35332e08ee1e7793f7be86d6ca1,clic2020,0,0.87154137743897
1709,aaec75d88bc62818237cdf29a64eee9d,clic2020,0,0.8708922327301905
1710,155b69fb7b85c1dd48abcec83b49c3c0,imagen3,1,0.8668063468771093
1711,08052112d0151f7c9ac4879f838d5a0c,imagen3,1,0.8659282229909484
1712,4d3463878a1be973d246e9a244f68b7d,clic2020,0,0.8613400461866867
1713,f540ff40a293ad6d035f5299542d72c1,clic2020,0,0.8608870815728765
1714,83741fd2a7d17fe1d6e7bdbc73cd9963,imagen3,1,0.8555097162985342
1715,1c55a04d89db0050a78e50fe10385da2,clic2020,0,0.8551261553745938
1716,9b5705c33365f295bb607d380dd53994,FLUX.1-dev,1,0.852989913863855
1717,4b83b096dbf4c2a504cda56163e6e4c6,clic2020,0,0.8520990039881364
1718,29ef058b5008b035ab00522fe840549b,imagen3,1,0.8520189979523873
1719,7670140abef0ebe20ccabbcf35ddc594,clic2020,0,0.8451331466209738
1720,5ebffc76c148b0da311c2fce2699eeef,FLUX.1-dev,1,0.8424933458213576
1721,977d69628a8fed178d55399007f29ea8,FLUX.1-schnell,1,0.8415605842962465
1722,d67a561c20248b0f2efa2c053fd0d473,clic2020,0,0.8385687004245904
1723,7601c27e32cf71e3856bc7147057efd9,clic2020,0,0.8385364663839519
1724,a152fe7dd46972ed231c3f719e0cf9c7,SD3-medium,1,0.8287403544868834
1725,01443654fdc57490d5c2d8b0fd9e065b,SD3-medium,1,0.8277962256115706
1726,3fc0e843dfba3586489d42b1a4b68494,FLUX.1-schnell,1,0.8274648336412822
1727,7f2fd43e3381825bd0f9e5fc3c373ba2,imagen3,1,0.8272629787212311
1728,01d8472427bf120a4574ee3dbb3f1234,imagen3,1,0.8230929609631238
1729,51aa52fd42a26edda0e494f6a985f9b9,clic2020,0,0.8137785011215293
1730,a81dec06cacb51e95b0686443cefef85,FLUX.1-dev,1,0.8120383080508017
1731,d303ec8579c2eab0b92da121b463ea05,FLUX.1-dev,1,0.806668926641398
1732,2ac50c40ad555be5f592f9c391dc3aa6,SD3-medium,1,0.8059064754641322
1733,df7784c3c8a69c18b5b1c1d3255991c2,clic2020,0,0.8023966682550683
1734,e58eeecc69309177f30808d671d08a55,clic2020,0,0.8008392255850185
1735,2fd9ba5b5b5460400029bd5f0042d70a,clic2020,0,0.796634337106527
1736,6e8e3df4edba76eb404df781a3da8cbb,clic2020,0,0.7933684061683609
1737,4651e8e35c365243c4124787633a83c0,FLUX.1-dev,1,0.7917886130408845
1738,3791ad4816a63dce7b6514b15d314b68,SD3-medium,1,0.7897806885625798
1739,bd66e378552d42b2772361b4f5f80a15,clic2020,0,0.7873954028440245
1740,43a5e7e48d4096304e74e22437200965,FLUX.1-dev,1,0.7849556948719825
1741,2605533dbf4342badbd4c24c403a9dd7,clic2020,0,0.7829303193667504
1742,b59e32e7e0fd45d200438d283f1845df,clic2020,0,0.7792554049380803
1743,e59de00aa94a46c8af3302273c64971c,clic2020,0,0.7789393335236099
1744,c96c88bb0aaefb472a58193d51d3e50d,clic2020,0,0.7785080084206313
1745,9ffd913d79523f1322dbfaf6717e2004,clic2020,0,0.7766364244458235
1746,35a9d773f6b49815407f57f71c9f1371,clic2020,0,0.773776611536834
1747,717b3ebd438188f73511a62a27010d6d,clic2020,0,0.7714442966236045
1748,2a52313ea4139f96acb00e8ec39a6462,FLUX.1-schnell,1,0.7707143684571762
1749,2ac50c40ad555be5f592f9c391dc3aa6,clic2020,0,0.7699972156158797
1750,0bd0bd79bef973496cc9ef97cd85b689,FLUX.1-schnell,1,0.7660617302770553
1751,2aa4494e6e844cfe6b42212568410073,clic2020,0,0.7563483575912605
1752,3aa03f87234a369c7031624cbfdf7436,FLUX.1-schnell,1,0.7512285933123516
1753,b5cf844d1140abfb736be201153c729c,SD3-medium,1,0.7475227334732167
1754,b8e1f555b6fc24eeff1c2a433ff1a797,imagen3,1,0.7451869696137197
1755,d78b363974ac79908b79012f48de715d,FLUX.1-dev,1,0.7413909588917333
1756,36720dbea875d6f7f81ade5b42eef871,SD3-medium,1,0.737621034888177
1757,c5410a4a4f32152af109601cee76f114,clic2020,0,0.7335352927317951
1758,443caab923ca158ea5f23fff82ebcde0,clic2020,0,0.7327061379552803
1759,90b622e11ecc37edd42297427403ee81,clic2020,0,0.7297866237188178
1760,cd06eb22503ed583b4e3f84515cd5350,imagen3,1,0.726333212810901
1761,f917410f6a2f5e6ff29b42e40d026981,clic2020,0,0.7142184937462346
1762,a1051650452c2c9da53fbea52a19f88c,SD3-medium,1,0.7114907647584077
1763,286d33d0ee8c243e15b591b390556afa,FLUX.1-dev,1,0.711192075956553
1764,90b622e11ecc37edd42297427403ee81,SD3-medium,1,0.7092683396758078
1765,0a0f6e31897ad27cc6e0dacce455634c,SD3-medium,1,0.7077894735131491
1766,35988545802fdaa4d2ea6e064e9a9902,FLUX.1-dev,1,0.7038332949635306
1767,d78b363974ac79908b79012f48de715d,clic2020,0,0.7023559347079058
1768,b66122069099f2d09ab52a9867de127a,imagen3,1,0.6987411637434591
1769,4d3463878a1be973d246e9a244f68b7d,FLUX.1-dev,1,0.6958029333041817
1770,0f5157fea733e2b9f9808020286df79c,FLUX.1-dev,1,0.6941814300204926
1771,8d3e3ddf0959e772961d10e47f60e72e,FLUX.1-schnell,1,0.6922050419171475
1772,1b8c4dc594ba04518bbd959d339806e6,clic2020,0,0.6912910324099308
1773,bb7029b98fc30ff560c748bfe8b2ced3,imagen3,1,0.6897003625645048
1774,88c58eb6d07959a2eeed3f92621e1098,imagen3,1,0.6895991865058053
1775,95468782f8b3fc22b2f4b13bf8f675f3,FLUX.1-dev,1,0.6883402489037437
1776,a152fe7dd46972ed231c3f719e0cf9c7,clic2020,0,0.6857374528103735
1777,56ad924f096764d2f564c2cfdfacbdf2,clic2020,0,0.67987752273681
1778,1246a1ceedd35a125a01a8b0a0e7d370,clic2020,0,0.6752235263620656
1779,ad0f3343588aea78ed975da9b55d0f6a,clic2020,0,0.6723423180293073
1780,486f6ff6cda193365d6cc87c69a54423,clic2020,0,0.6699015054666577
1781,f5be5054c01d8efc834d78a991356ad6,clic2020,0,0.6678090818607159
1782,8067178f9601aaeceff4858368e112bf,imagen3,1,0.66632554248661
1783,9c7b270667f567c85d090047271061a6,clic2020,0,0.6651410582325001
1784,ec235ab32e590aaeec61cf6d0c0d5013,SD3-medium,1,0.6642772781135916
1785,cef63be9f42f596c4043074e4d1bcc48,FLUX.1-dev,1,0.663578446767773
1786,e56cf453c10279a81700c395e293e4ff,clic2020,0,0.6562891818604286
1787,988bba76cd470c3c2b10884c6c0a841c,clic2020,0,0.6510420875731109
1788,348e1604dd6a1ec05428fd36ae47c946,clic2020,0,0.6499592029476959
1789,2c01c3bf314188823f6f3f26edb0feec,clic2020,0,0.6462916916152148
1790,10039f8067185000522ee5238736f1d8,clic2020,0,0.6460497865113465
1791,4e097d8074368e03be0f9de961650134,imagen3,1,0.6455813908362943
1792,d13182adddbf6856582581ba39457059,clic2020,0,0.6406081519933338
1793,93c642169ef5e111dde1b823fdc566a2,clic2020,0,0.6373687946026343
1794,afa0a2b3e76a7bd4f0ded4d9237bdd51,clic2020,0,0.6340292593337953
1795,c7737e81ede69577d2e97baf5546fa4c,imagen3,1,0.6328113468200162
1796,c0c62f2e001a865543e358a905e3e241,SD3-medium,1,0.6301999658778021
1797,4d5494621e78f96a102441a5b28d7295,clic2020,0,0.6294676658369268
1798,7b8504b7861b366de7b559d630c9974b,SD3-medium,1,0.6208274512017732
1799,6d56e2fa662dd4c5f9091a324a31400f,clic2020,0,0.6198682614234611
1800,11c35d04096c7832c1dfa8902e30a3b5,clic2020,0,0.6171646813177636
1801,7aedc9650d5557babce4709d7e0d9809,clic2020,0,0.6170885812576252
1802,24e7cb6c5285eb2003e328e1b7d92881,FLUX.1-dev,1,0.6059097401901551
1803,cad19ed0ee815198beb799d30584a54c,imagen3,1,0.6025079177650374
1804,00ce72ef820369df798001e9a28bf34f,clic2020,0,0.6014651746993617
1805,1c1b3b5e278ea84650f4fce29a511b82,FLUX.1-dev,1,0.6006348606801115
1806,29ef058b5008b035ab00522fe840549b,FLUX.1-dev,1,0.598918224561116
1807,8f616c54067d0399619749dcad59e24b,SD3-medium,1,0.5943012285456133
1808,afa0a2b3e76a7bd4f0ded4d9237bdd51,SD3-medium,1,0.5923272483914519
1809,b29c46fa542667cf154003cc4a49fe81,FLUX.1-dev,1,0.5919268128422683
1810,4aec41b3f871a80e3a1e6af01160ce8c,clic2020,0,0.5888471255019132
1811,b1b8f33917a40c9d0b118ef801de67d4,clic2020,0,0.5853904227618304
1812,751d7da6ed18cb9e4c9412d40540a27c,clic2020,0,0.5848617765236808
1813,34d46a0d11895ef3564fc27b617a6da3,clic2020,0,0.5818962535790665
1814,0f5157fea733e2b9f9808020286df79c,clic2020,0,0.5806152590235396
1815,a09cef33f4eff919ad347fbdb9ea2650,clic2020,0,0.5805720209077969
1816,09977e7621465cca10e71993a7f3632c,clic2020,0,0.580102445715877
1817,3054890617fa48f6c4db35d9fb972b44,clic2020,0,0.5784708320676157
1818,7a663d483f843a589bc41698ce3257e7,clic2020,0,0.5709047917741467
1819,3054890617fa48f6c4db35d9fb972b44,imagen3,1,0.5686595798594892
1820,824ee80d9bbba876ed71fd3916a9bd1f,imagen3,1,0.5676051167220344
1821,f917410f6a2f5e6ff29b42e40d026981,imagen3,1,0.5643120330046172
1822,a251fc93b93865a1649bdcdb1989dea0,imagen3,1,0.5635849278148805
1823,e2dc9b8d9e49bd70ad218f5e3748e3ad,clic2020,0,0.5569331280516441
1824,b8e1f555b6fc24eeff1c2a433ff1a797,clic2020,0,0.5539396159282304
1825,c96c88bb0aaefb472a58193d51d3e50d,FLUX.1-dev,1,0.5532666030666995
1826,b89a3febf8ad324260140835bd01734c,imagen3,1,0.5489294786501122
1827,f08f3ef916c58192dcbd10a8c70d361f,clic2020,0,0.5383005849973768
1828,21b5baacb401b42092335cd05bac272d,clic2020,0,0.5334049150339035
1829,7b22f7d25c42fe87e3e1559477259531,SD3-medium,1,0.5296620845292876
1830,88a7c821c65d6de64ca420a32c24d037,FLUX.1-dev,1,0.5253934106431728
1831,e40086afe08c89d049278f57c9e07b54,clic2020,0,0.521015139810043
1832,b392d8d4327d90d63e83065a8d61dbd3,SD3-medium,1,0.5119219290859207
1833,5d59a65584961ead3b88c1926ad88ec1,clic2020,0,0.5111117227408553
1834,99a9bfeef04059db0e044655999494d2,clic2020,0,0.5100961740796903
1835,e569c0814762e9c6b072b875e89680f7,clic2020,0,0.5099713257435043
1836,58f01141f2e59ac84e8f303b637bc865,FLUX.1-schnell,1,0.505544875148626
1837,d3688a7285d7b2b81febe1cd72e6e22c,clic2020,0,0.5016022965853961
1838,88cbc54c42d71cf68280d97778fe3793,clic2020,0,0.4992930626138212
1839,2979f1db8de859a2d1a2fe6e396fa6fe,clic2020,0,0.4985948887813612
1840,dcb535d6f56922f8d54778b046310443,clic2020,0,0.4959777977851587
1841,ab853b21122d2dc4b8559eeec283a3e0,imagen3,1,0.495039979505429
1842,3c48f2b289ee49af7d78bf43d3e73334,clic2020,0,0.4938752597862144
1843,a587470bfb97fa33d7d71efc10da6f3f,clic2020,0,0.492895279720524
1844,213f329f29a7db7a5aa6fdcb223633f6,clic2020,0,0.4909029453460589
1845,8fcb54ffe7dac41bf1b56cc2586b7f2e,clic2020,0,0.4898456549337895
1846,ccb73561248a2d0f4b92d5061926ab58,clic2020,0,0.4868273387069202
1847,24886b1ee94679373a23c4e1f7e284c1,clic2020,0,0.48348460059458
1848,ec235ab32e590aaeec61cf6d0c0d5013,clic2020,0,0.4828375038106419
1849,35988545802fdaa4d2ea6e064e9a9902,clic2020,0,0.4686517351356078
1850,2a52313ea4139f96acb00e8ec39a6462,SD3-medium,1,0.4685858220563959
1851,b3f371e9f3aa7d427d64a22001d156d8,clic2020,0,0.4680603059772981
1852,de9ec6c7868deef6bea804a402b8aa3e,clic2020,0,0.464543139426442
1853,ca3b42b31af227b5e99d3601f37a7d3d,clic2020,0,0.4597254418334315
1854,c09af5b238cbc3b75d17ed19e578ad54,clic2020,0,0.4532392795006106
1855,0f6cd456ade0adf0c1a0d4e522954d00,clic2020,0,0.4526885658618212
1856,3ede82cbfb8ec35a27d27b29cfe126e9,imagen3,1,0.4515374174237977
1857,4ddc95abbe00775eb3cf90ce54bffac7,FLUX.1-dev,1,0.4508287262580548
1858,6bb37f3b828386461d1de3ee5f90576a,imagen3,1,0.4462678311883497
1859,65fb073dbb9645e78a6a0c0d3826fbb1,SD3-medium,1,0.4426941180688905
1860,aadfa4b23c5060bad9c2894facc2714b,imagen3,1,0.438879441348081
1861,c8ecb90fbaa64ebe0c8db558690d6dc9,clic2020,0,0.4376008418802494
1862,43a5e7e48d4096304e74e22437200965,imagen3,1,0.4336214125345932
1863,0824bfaef8a290439690f35b7602d682,clic2020,0,0.417542078002403
1864,55d9113e3e7ce686fd6256f468b0b977,clic2020,0,0.4134119770340392
1865,b1d4da6374ee5912cde1df9b26d93667,clic2020,0,0.4126139457433423
1866,47c89585d70d8819fbc0ab9911880f08,imagen3,1,0.4108757327639969
1867,f7a9e7f720ddedf382957ff3cc40d18c,clic2020,0,0.4084676772387006
1868,6d56e2fa662dd4c5f9091a324a31400f,imagen3,1,0.4081993376971644
1869,d13182adddbf6856582581ba39457059,imagen3,1,0.4080628272709664
1870,3f273e2068377a211ef755f97634dcbf,SD3-medium,1,0.4078862070582749
1871,cc9af24acb10683820d78b762aebccf6,clic2020,0,0.4063357770153714
1872,762f398533ac3176407682110fb2d6b1,FLUX.1-schnell,1,0.401567006488353
1873,ad249bba099568403dc6b97bc37f8d74,clic2020,0,0.4014117473425868
1874,188ae508b4f6f3ec488c28d81f003088,clic2020,0,0.3965004615906067
1875,95468782f8b3fc22b2f4b13bf8f675f3,FLUX.1-schnell,1,0.3963852004407328
1876,a65da8c2d823e65fb171a21915d39f45,clic2020,0,0.3961441211088841
1877,0c0ba31b279da4b8a0b848b63d302e8b,clic2020,0,0.3952029583070339
1878,7568a5b793df66e1f5d1a43c9cca33fa,imagen3,1,0.3866686013614864
1879,4700c79789bc9676b12ab5c6bc3d5e66,clic2020,0,0.3828836428931282
1880,46c1831600829ae8b30c6b06557424ef,clic2020,0,0.3772633689400033
1881,cad19ed0ee815198beb799d30584a54c,FLUX.1-dev,1,0.3750517497908847
1882,1c1e89258c38f044d27681546a343b74,clic2020,0,0.3734260217419438
1883,4ddc95abbe00775eb3cf90ce54bffac7,FLUX.1-schnell,1,0.3724417044166632
1884,5ebffc76c148b0da311c2fce2699eeef,FLUX.1-schnell,1,0.3707871441606556
1885,df90d2ed9e78b5c9752ea4418fa09e86,clic2020,0,0.3627588411524042
1886,2549da5a85cad05e36b910c942bf373b,clic2020,0,0.3548912451901651
1887,cced2951ae31e89d336ceeb7a58d2e09,SD3-medium,1,0.3527342385154384
1888,d59e426900ec5efbab2e68b38a58dd3f,clic2020,0,0.3442953981279903
1889,7b22f7d25c42fe87e3e1559477259531,FLUX.1-schnell,1,0.3364483885127262
1890,26f350af0f6ee2fb314606ebc2b56e56,clic2020,0,0.3334314100397996
1891,d10a23343084780a7a217d1f507dd2ce,clic2020,0,0.3276955905336726
1892,d542411baac09dfc9e75b9c1b0532d94,clic2020,0,0.3262205421445897
1893,04f230a6e106c3c74be6105787ed226e,clic2020,0,0.3246303792108082
1894,13e29b215d633214a14bebf2a3bf9a44,clic2020,0,0.3144645238823468
1895,7b24818b50b237e502099fbde866c691,clic2020,0,0.3121401790460845
1896,36720dbea875d6f7f81ade5b42eef871,imagen3,1,0.3112595029560643
1897,3f13fd6024c6cdd12d0960415d68af39,clic2020,0,0.3087028446283538
1898,4051aeed928b0258553e2e6c7ce36466,imagen3,1,0.3058767376558017
1899,f32732119632130510d480c894336143,imagen3,1,0.291255328684818
1900,b139de9220b89ec4a31a8574902a4729,clic2020,0,0.2886651243308943
1901,8205157acd6ac8837b60e9e31bcd53cf,clic2020,0,0.2853477401835514
1902,0895f500d26929e69910169a8a396050,imagen3,1,0.2824413430591447
1903,61b8f705d907b64bc4be9b69c25c1fc6,clic2020,0,0.2771874927286988
1904,a8a237b591fe13328c534c388b0e74cb,clic2020,0,0.2770747765378037
1905,5064e69f56e68b4ad197102503fa4d3a,clic2020,0,0.2763097390800296
1906,509114453b90646a0356cc663be09800,imagen3,1,0.2617294165367456
1907,b4b583b9235055b9edf3891d4d6a72f3,clic2020,0,0.260954522622302
1908,9c205eb2c6a21f512fb2209c6d772706,clic2020,0,0.2601356886205266
1909,18063501d62e8fa785e4f688350bc2b3,clic2020,0,0.2499902624884525
1910,3aa03f87234a369c7031624cbfdf7436,FLUX.1-dev,1,0.246665535325798
1911,1c1b3b5e278ea84650f4fce29a511b82,imagen3,1,0.2365506877376435
1912,8d3e3ddf0959e772961d10e47f60e72e,clic2020,0,0.2364720605975964
1913,d3193a7f11f8d49e5231d56ba7dbffbc,clic2020,0,0.2337504763856643
1914,f5003421985a7a5de8a4b36e073fd6ef,clic2020,0,0.2336173682325958
1915,22021159ddb73a620845904ce7c16fd6,clic2020,0,0.2328327114922346
1916,da5cb712f89e81f74a944aea5c08705c,clic2020,0,0.2316717959401057
1917,bb7029b98fc30ff560c748bfe8b2ced3,clic2020,0,0.2227893058141262
1918,458319fbebd20861fa0756e113078b49,clic2020,0,0.2133876200276261
1919,52b914dc6a9b34022bfd24cc0c0c410e,clic2020,0,0.2123338378292245
1920,4700c79789bc9676b12ab5c6bc3d5e66,FLUX.1-dev,1,0.2081362321131429
1921,3aa03f87234a369c7031624cbfdf7436,clic2020,0,0.20018752591667
1922,5e78559fa185804354159d4fe8a1b280,clic2020,0,0.1854433438458493
1923,88a7c821c65d6de64ca420a32c24d037,clic2020,0,0.1779803982693408
1924,63645228d4a0a835d8ffdcc46ab7e464,SD3-medium,1,0.1686119026612214
1925,9b5705c33365f295bb607d380dd53994,SD3-medium,1,0.1673248518091855
1926,740baaff3f7035be0c253347edb374dc,imagen3,1,0.1672828826411842
1927,25bf4453f783b8649e24ecc4c8cf124c,clic2020,0,0.1601444853804745
1928,1997a83592a917f180664f9ee239109f,SD3-medium,1,0.1573594369925016
1929,aeb3111883ab88e931b96dcdfdd5b9f6,clic2020,0,0.1505285075163276
1930,0ec4f143050cb4aa6d05646e927b507e,imagen3,1,0.1475433945250939
1931,b1400e99ef413c8fee7d5c0be41d7d1e,clic2020,0,0.1348531559897736
1932,f2fa8ce472bd4021c533d9529c0d55b5,clic2020,0,0.131444425302153
1933,8ba19447ea8e56002881d89c34d58d92,clic2020,0,0.1207825259781017
1934,4662188f30900f0e242df98632adae4e,clic2020,0,0.1188177958324759
1935,e50de866319ab42aaa8892105794cf0f,clic2020,0,0.114592845748516
1936,d65abb6a325f1cc23ac6d233d0dd0927,clic2020,0,0.1137952715080203
1937,2621b232927be05baa04e60c6a32567b,clic2020,0,0.108372364471431
1938,2dae2e141b88cc04e86e1f1368ebe9d4,imagen3,1,0.1055653865134283
1939,5ebffc76c148b0da311c2fce2699eeef,SD3-medium,1,0.1039564993682469
1940,905ff74ab57ed0a81ea4b7bf6f3022f4,clic2020,0,0.1012610346375215
1941,b8e9aa00e39cec57a606fb4484969256,clic2020,0,0.0885162926421267
1942,d1cef2cff53a9223fe63244d91f59c4d,clic2020,0,0.0873072902283289
1943,4b1593698a8cad4f69d6d37b33d8f5f1,clic2020,0,0.0765068025957753
1944,c9f6a2308316c232484bf2e3a1b92f44,clic2020,0,0.0755998068431835
1945,63645228d4a0a835d8ffdcc46ab7e464,clic2020,0,0.0697025074366763
1946,4e097d8074368e03be0f9de961650134,clic2020,0,0.0649359241537232
1947,10039f8067185000522ee5238736f1d8,FLUX.1-dev,1,0.0622073410052314
1948,a6e24d513319127d5295d6473d5750c0,clic2020,0,0.0493612414114077
1949,b3f25cd2833a0d0b196600245ba71f57,clic2020,0,0.0448554632776964
1950,b9fc47c6e253ce07e5be10c4f73a59a0,clic2020,0,0.0430032480663875
1951,10039f8067185000522ee5238736f1d8,imagen3,1,0.0418900998796416
1952,977d69628a8fed178d55399007f29ea8,clic2020,0,0.0394555645758007
1953,5ebffc76c148b0da311c2fce2699eeef,imagen3,1,0.0382318665001158
1954,88c58eb6d07959a2eeed3f92621e1098,clic2020,0,0.0357770901758823
1955,1fadb467d5e18a1952eb3d1a9bb1fac3,imagen3,1,0.0329006595767451
1956,0bd0bd79bef973496cc9ef97cd85b689,clic2020,0,0.0311965518436713
1957,4051aeed928b0258553e2e6c7ce36466,clic2020,0,0.0195606417561511
1958,503878b1573c8c95acd532516e6df2aa,clic2020,0,0.0164392795832191
1959,2570d11c9dc782fb1b9ccca568e47255,clic2020,0,0.0146090887326586
1960,e2a0742ef3b9e88a0b4a1ef4f3aad4f3,clic2020,0,0.0110079440282273
1961,920e1085a30117a8ffc41ab80dd5d956,clic2020,0,0.0085225254556287
1962,1c1b3b5e278ea84650f4fce29a511b82,clic2020,0,0.0076749036611236
1963,c38ea616e3511c8a0abee4750c0fba83,clic2020,0,0.0046904232281337
1964,7e920682d80ca287c6d84990ee495b84,clic2020,0,0.0043344418530709
1965,66bbfb5c3a7df3f47e4b923399e678cc,clic2020,0,-0.0104999835624363
1966,aadfa4b23c5060bad9c2894facc2714b,FLUX.1-schnell,1,-0.0110218293313
1967,460cf103189b9443656887053b79ff52,clic2020,0,-0.0123950053435285
1968,0ca770c32916dbcb0094ba7905b14665,clic2020,0,-0.0134888873764762
1969,d303ec8579c2eab0b92da121b463ea05,clic2020,0,-0.0227362319806614
1970,66bbfb5c3a7df3f47e4b923399e678cc,imagen3,1,-0.024357628420894
1971,1cfff8d06348b8de1383a174a1f5722f,clic2020,0,-0.0492620112584878
1972,df7784c3c8a69c18b5b1c1d3255991c2,FLUX.1-dev,1,-0.0503963477919634
1973,d96927c83af87ff3afdc8c09c77d716c,clic2020,0,-0.0521826697599551
1974,b98ec5b29d02ef65e57d23ef90660b4d,clic2020,0,-0.0593173405599745
1975,bf1a05045600a8237ba5a5beaade0d02,clic2020,0,-0.0632549669809791
1976,b29c46fa542667cf154003cc4a49fe81,clic2020,0,-0.0640792099399799
1977,be12c49d88fead760e8e1656a15e37ca,clic2020,0,-0.0644419711587756
1978,80bd7a4aa85272ba69f64e6e682ea255,clic2020,0,-0.0663883684739218
1979,01acd87d2ed16037467432a87863113d,clic2020,0,-0.0676991599146003
1980,d78b363974ac79908b79012f48de715d,imagen3,1,-0.0694519282014099
1981,4ddc95abbe00775eb3cf90ce54bffac7,clic2020,0,-0.0750309392148322
1982,30f3a2fd512394b0565c2cc510831132,imagen3,1,-0.0801811247607566
1983,a221bc8a7db67f74a3379de0794ddcab,clic2020,0,-0.0869141618799571
1984,04eddb6adca47bb7caa66cf0f70a842d,clic2020,0,-0.0870783102040972
1985,2bb1fee0867d8c551ce51b3bae40e101,clic2020,0,-0.0882639320500827
1986,d34b6f0fe7d036ba3dc3c6236d4bdc57,clic2020,0,-0.088466303302356
1987,4675c8a05dceccacb4445f859bfa7b25,clic2020,0,-0.0932794012094388
1988,51306153bf7736a078480b0de74f7256,clic2020,0,-0.0965882073546824
1989,cc831c904a314a0e98530124526e930b,clic2020,0,-0.0989405326508161
1990,5e78559fa185804354159d4fe8a1b280,FLUX.1-schnell,1,-0.1017161204942544
1991,5ff9e78bb19a8097bcb0baaf6d3f33b5,clic2020,0,-0.1028234488361685
1992,e4e99ae9a63d3d68d785152c536a8ca8,clic2020,0,-0.1032551810684964
1993,b97e45dd7422d8709fa0a2fcb004030c,imagen3,1,-0.1059916146628393
1994,cced2951ae31e89d336ceeb7a58d2e09,clic2020,0,-0.1100824997723027
1995,1c61ecf97c8ff5e8c46ca8e953e54176,clic2020,0,-0.1127761771359077
1996,8067178f9601aaeceff4858368e112bf,clic2020,0,-0.1129923768178616
1997,9ca5710e0c97e20db8878947c85ca8ed,clic2020,0,-0.1340663821291577
1998,fec5b702c334623cc9e6b5191874364d,clic2020,0,-0.137909958148933
1999,8f616c54067d0399619749dcad59e24b,clic2020,0,-0.1380433189823906
2000,08052112d0151f7c9ac4879f838d5a0c,clic2020,0,-0.138318666014835
2001,c42476f8f2747cf77b4eaac719943677,clic2020,0,-0.1398954376974513
2002,8efee6d2ae7618a4649a5d931c8e0d06,clic2020,0,-0.1473291409521269
2003,286d33d0ee8c243e15b591b390556afa,SD3-medium,1,-0.1489089614026074
2004,740baaff3f7035be0c253347edb374dc,clic2020,0,-0.1548965927082206
2005,aadfa4b23c5060bad9c2894facc2714b,FLUX.1-dev,1,-0.1586599948680754
2006,f12c6f76b22c29f2ee1681e575e7d487,clic2020,0,-0.1618805547324922
2007,0ae784e3c3fad9064cda2753c0782305,FLUX.1-schnell,1,-0.1618910708449213
2008,23b84f3ab4862f3b6812a740fe0f7a9f,clic2020,0,-0.1727795074492213
2009,f4f26bc07206b48c47731495b1f34908,clic2020,0,-0.1765315443827842
2010,e74885c08f264b026dead7d94cf6594d,clic2020,0,-0.1801722793726282
2011,3f273e2068377a211ef755f97634dcbf,imagen3,1,-0.1816407217787645
2012,01443654fdc57490d5c2d8b0fd9e065b,clic2020,0,-0.2046325843724818
2013,7b15bd76c8b0d936178672036648c8e6,clic2020,0,-0.2254057214687242
2014,1997a83592a917f180664f9ee239109f,FLUX.1-dev,1,-0.2287778708550671
2015,c6658d87c608b631f5cc3fb5a8d89731,clic2020,0,-0.2384374748237192
2016,b9bad0c68eb9ce94e02e9698c8cc429a,clic2020,0,-0.2506423679374958
2017,b5cf844d1140abfb736be201153c729c,clic2020,0,-0.2658891200286961
2018,5dea3c9ee4b911fa1bbbdcd9d1695f3b,clic2020,0,-0.2694338053735461
2019,97c4621301311fba4c133352c96abcec,clic2020,0,-0.28905771334515
2020,4ad43299135101f0770e09c442efe37f,clic2020,0,-0.2896245507078026
2021,76d1283076915e256ec0de2d6729f937,clic2020,0,-0.2915458857573932
2022,5409e0e46cb25c4d26df22e345d4fa53,clic2020,0,-0.2924383682617145
2023,e92090da48b0a9466eb3b259d16b27d4,clic2020,0,-0.2960782048235717
2024,7f2fd43e3381825bd0f9e5fc3c373ba2,clic2020,0,-0.2994804669836149
2025,81522064f61ba1c9ec111bb349851bca,clic2020,0,-0.3011691519784827
2026,66bbfb5c3a7df3f47e4b923399e678cc,FLUX.1-dev,1,-0.301377455593103
2027,c62391423a371279c935644353fbc6d8,clic2020,0,-0.3126858560432407
2028,0ec4f143050cb4aa6d05646e927b507e,clic2020,0,-0.3128573332878288
2029,fdf3d4ac1718040d0ef9492706017309,clic2020,0,-0.3153120843470247
2030,01d8472427bf120a4574ee3dbb3f1234,clic2020,0,-0.3229607360886615
2031,518bc4a10466c7b3f176979a3c5cec12,clic2020,0,-0.3239998662340449
2032,ff52b7548f7024b96d2cea64e5e061b7,clic2020,0,-0.3262984438261261
2033,5a5dc6fbbb29b668948f04fde7e50985,clic2020,0,-0.3341780416943724
2034,280538462171f6e9ed9bb87e4bb8b873,clic2020,0,-0.3448236282640208
2035,58c136e73333a653f526e186ae264606,clic2020,0,-0.3478546439258645
2036,d21cc90ccb388935628eabfc044395cd,clic2020,0,-0.3685637181229637
2037,65fb073dbb9645e78a6a0c0d3826fbb1,clic2020,0,-0.3843871413610955
2038,bd6e482945e431c4c036d6a1b1cfd9ce,clic2020,0,-0.3897980187659649
2039,a044b914e4123a71bcaa4d72088617d9,clic2020,0,-0.3961950148963449
2040,b392d8d4327d90d63e83065a8d61dbd3,clic2020,0,-0.4018091163606724
2041,ff9229475734eba392aebf986b65e245,clic2020,0,-0.4040493761073391
2042,df7784c3c8a69c18b5b1c1d3255991c2,imagen3,1,-0.4225558904163927
2043,88a7c821c65d6de64ca420a32c24d037,imagen3,1,-0.4227626802701079
2044,7b22f7d25c42fe87e3e1559477259531,imagen3,1,-0.4299796160970092
2045,21950943ce77f421f03a52ada741d1d9,clic2020,0,-0.4396775268767087
2046,400984b87394ada6d9627ed918908986,clic2020,0,-0.4466996146187332
2047,aeb3111883ab88e931b96dcdfdd5b9f6,SD3-medium,1,-0.4581737276006265
2048,dc5a3d923ffd8347f5b1e92ca52335cf,clic2020,0,-0.4651171690531454
2049,2dae2e141b88cc04e86e1f1368ebe9d4,clic2020,0,-0.4676546640737086
2050,4cc106e3817048a1f6f9de14ee367f21,clic2020,0,-0.4775524477693161
2051,d9d2553779685ab0ecb8090e748c680d,clic2020,0,-0.4863295316411732
2052,3791ad4816a63dce7b6514b15d314b68,clic2020,0,-0.4955619925589618
2053,937c4977c0e2fb4ca5ff26e7f9b63702,imagen3,1,-0.4992899640060034
2054,9dd8a02a3336649721b0fd6f555339c7,clic2020,0,-0.5280417318844831
2055,bc9380cbd86240d26c0970f48b9d5a86,clic2020,0,-0.5550853589058549
2056,43a5e7e48d4096304e74e22437200965,clic2020,0,-0.5550982759526498
2057,04f230a6e106c3c74be6105787ed226e,FLUX.1-dev,1,-0.5613689325027066
2058,9b58149783498a79e4c7f09f324c62ee,clic2020,0,-0.5659641179615782
2059,5695a48adb13ae6b78fafeff2f4acf3f,clic2020,0,-0.5782087061272846
2060,0ae784e3c3fad9064cda2753c0782305,clic2020,0,-0.5837087830865558
2061,a2c0e93de410f9e3e992572d084f317a,clic2020,0,-0.5885175159520978
2062,155b69fb7b85c1dd48abcec83b49c3c0,clic2020,0,-0.5897559213531886
2063,72e19343f46a447bea2206c368a9692a,clic2020,0,-0.5999434455933047
2064,c5d98750587c012da16b14ff0addfc55,clic2020,0,-0.6020973684068422
2065,30f3a2fd512394b0565c2cc510831132,clic2020,0,-0.6048874802220816
2066,1d7ae42f8516d21ebb41441e800f2587,clic2020,0,-0.626709750244865
2067,a18105e39854a75582ebaa4eba6ba3aa,clic2020,0,-0.6422132776457689
2068,aa716426255844b75298e7a9876e6246,clic2020,0,-0.6424519772119648
2069,509114453b90646a0356cc663be09800,clic2020,0,-0.646482296485237
2070,3ede82cbfb8ec35a27d27b29cfe126e9,clic2020,0,-0.657028947868951
2071,ab51b8d51fe3b6df38666e80746ae81d,clic2020,0,-0.6596684391973291
2072,355f9980ae0e0b5ed7fbcbbd0679784a,clic2020,0,-0.6693274296541772
2073,29ef058b5008b035ab00522fe840549b,clic2020,0,-0.6767572565397741
2074,e903c4f4684100a6dbac1f0b9b4de760,clic2020,0,-0.6829530382379116
2075,18089fbcc1e1cec439176833d87eda1d,clic2020,0,-0.7074884440944751
2076,1891b8e2500c192e3c9ec32b48ab32a7,clic2020,0,-0.7489812699140124
2077,091257d3b658024d9921799c583454c5,clic2020,0,-0.7540047693813015
2078,84b3901233efc1ee31d52fb30bfd0e9c,clic2020,0,-0.7570492646496807
2079,7bf886e9dea28f95a747d020ebc085cd,clic2020,0,-0.7727080056233708
2080,4fa92b8ecb4ee46a942837447de1ac5c,clic2020,0,-0.7736530170768277
2081,7f3f4b4b151f81d395e8f4b96a10c4cb,clic2020,0,-0.7749607070505459
2082,cd06eb22503ed583b4e3f84515cd5350,clic2020,0,-0.7802107267248513
2083,5bd503f2b35665295fff74efb22a6b6d,imagen3,1,-0.7897875648627863
2084,824ee80d9bbba876ed71fd3916a9bd1f,clic2020,0,-0.7984508841095899
2085,7b8504b7861b366de7b559d630c9974b,clic2020,0,-0.8049102961193384
2086,f5b4095e500a5cf50ddd8fdc8cb05899,clic2020,0,-0.8167164349995766
2087,83741fd2a7d17fe1d6e7bdbc73cd9963,clic2020,0,-0.83728469664197
2088,74d62d5759beeed2eb14666d7ee1116c,clic2020,0,-0.8431033083775643
2089,7fc7ed44a93054286e9710dfc9f8b198,clic2020,0,-0.8441683771154168
2090,30f3a2fd512394b0565c2cc510831132,FLUX.1-dev,1,-0.8690919607888954
2091,944c1dca7495abef15edded463ab6a83,clic2020,0,-0.882091276741044
2092,7b22f7d25c42fe87e3e1559477259531,clic2020,0,-0.8900727195794479
2093,0a0f6e31897ad27cc6e0dacce455634c,clic2020,0,-0.9010485769966238
2094,a1ffe07460e45e2fb24bc7bc0bfee584,clic2020,0,-0.9033612591365476
2095,74d62d5759beeed2eb14666d7ee1116c,imagen3,1,-0.9120401624080278
2096,2145f7acfa352c3dfaf5e53e19675922,clic2020,0,-0.9133322691019458
2097,0895f500d26929e69910169a8a396050,clic2020,0,-0.9526721503955652
2098,bc27c401acd50c0e7909227cc437081b,clic2020,0,-0.9565562129589812
2099,66bb5b4192682480a9d4a0ad344da99f,clic2020,0,-0.9715876347947022
2100,e0256b47ba201d02f3628a28b9e25458,clic2020,0,-0.9717949740104496
2101,bbc65982ad8ffb6c04e1f9bc07fd4a71,clic2020,0,-0.9817243717690876
2102,3fe26cdf751f3543807aa68dbe8a4f76,clic2020,0,-0.9932765945489704
2103,cad19ed0ee815198beb799d30584a54c,clic2020,0,-1.0135024791328129
2104,937c4977c0e2fb4ca5ff26e7f9b63702,clic2020,0,-1.0360305152404363
2105,a81dec06cacb51e95b0686443cefef85,clic2020,0,-1.041435951603132
2106,9b5705c33365f295bb607d380dd53994,clic2020,0,-1.0663351874362497
2107,70f35e107c8cdba9ced6863af2e1da64,clic2020,0,-1.071937952045308
2108,1fadb467d5e18a1952eb3d1a9bb1fac3,clic2020,0,-1.095442302192761
2109,e339986bbfa79387dd93994f6ed68939,clic2020,0,-1.1020478206452766
2110,d4330aaa55e61b1caf639da7581f9f90,clic2020,0,-1.1468879875462568
2111,5cd94dfb0a4e090a7fd208735dfb07f9,clic2020,0,-1.1585246844247112
2112,9c6937e54c8b2437db605ca9c4282f72,clic2020,0,-1.186632843919363
2113,762f398533ac3176407682110fb2d6b1,clic2020,0,-1.215935903944307
2114,e8dc7284cf97a1369994b03484c96b6f,clic2020,0,-1.2275420539024418
2115,b97e45dd7422d8709fa0a2fcb004030c,clic2020,0,-1.2278589179537134
2116,3cd255d7ca797035372aa73da26dbd23,clic2020,0,-1.251322257544705
2117,c75162f6bea06103966d71566285ee15,clic2020,0,-1.2778179825883755
2118,0cb87ff168cf338fee6161e5e1892211,clic2020,0,-1.2859286731239532
2119,4e7f917e80b38da62054e0dff13c6226,clic2020,0,-1.2993136241288157
2120,1997a83592a917f180664f9ee239109f,clic2020,0,-1.3012665592248167
2121,ceb358db324b5d0957b4afe92fd81a81,clic2020,0,-1.3273712752645108
2122,c4ae84e582eaa22437bf904291595bf2,clic2020,0,-1.329869469924
2123,b89a3febf8ad324260140835bd01734c,clic2020,0,-1.33908909161547
2124,36720dbea875d6f7f81ade5b42eef871,clic2020,0,-1.3484982981594245
2125,5ebffc76c148b0da311c2fce2699eeef,clic2020,0,-1.3741342164175618
2126,5bd503f2b35665295fff74efb22a6b6d,clic2020,0,-1.4189311920456666
2127,7568a5b793df66e1f5d1a43c9cca33fa,clic2020,0,-1.4252121714374435
2128,b66122069099f2d09ab52a9867de127a,clic2020,0,-1.4454852127765228
2129,c7737e81ede69577d2e97baf5546fa4c,clic2020,0,-1.4743873603948072
2130,88a7c821c65d6de64ca420a32c24d037,FLUX.1-schnell,1,-1.518845296181785
2131,286d33d0ee8c243e15b591b390556afa,clic2020,0,-1.6320704049634815
2132,c0c62f2e001a865543e358a905e3e241,clic2020,0,-1.654577092198274
2133,370fbecad58ace69f6dbca19a6957014,clic2020,0,-1.7040709276326202
2134,6a1c4c1398a8de1ff48645f1d47f5dd1,clic2020,0,-1.751415351044954
2135,95468782f8b3fc22b2f4b13bf8f675f3,clic2020,0,-1.7527616997552853
2136,671c5054b0d360ecde05cf691d00749a,clic2020,0,-1.7960602726763808
2137,0d57c99aa83305d93d8fc5d21910343a,clic2020,0,-1.833415322219321
2138,2cf106dff80465f974931b802427e6ea,clic2020,0,-1.9212569632366516
2139,8c3f64635c07801bc2c9def490a27168,clic2020,0,-2.2196472207032
2140,f32732119632130510d480c894336143,clic2020,0,-3.4673464681991217
