rank,image_id,source,label,logit
1,progan/bottle/1_fake/06154.png,progan,1,3.275069898974573
2,gaugan/1_fake/000000407524.png,gaugan,1,2.8891073202769464
3,progan/boat/1_fake/03711.png,progan,1,2.805932865469367
4,gaugan/1_fake/000000352900.png,gaugan,1,2.7301553045845117
5,gaugan/1_fake/000000036936.png,gaugan,1,2.729563495982436
6,gaugan/1_fake/000000124636.png,gaugan,1,2.715178249646545
7,progan/person/1_fake/14864.png,progan,1,2.6915273851024373
8,whichfaceisreal/1_fake/image-2019-02-17_003040.jpeg,whichfaceisreal,1,2.686736001862655
9,imle/1_fake/00104926.png,imle,1,2.6865549662240085
10,progan/boat/1_fake/17426.png,progan,1,2.663149325303196
11,progan/chair/1_fake/15994.png,progan,1,2.657117471175978
12,gaugan/1_fake/000000481573.png,gaugan,1,2.64726606214629
13,progan/person/1_fake/10641.png,progan,1,2.637960719904676
14,gaugan/1_fake/000000145020.png,gaugan,1,2.636444645243806
15,imle/1_fake/00103040.png,imle,1,2.630282551853035
16,progan/tvmonitor/1_fake/08828.png,progan,1,2.6264187033940694
17,gaugan/1_fake/000000246308.png,gaugan,1,2.622277785199432
18,gaugan/1_fake/000000098633.png,gaugan,1,2.617117477093367
19,gaugan/1_fake/000000147729.png,gaugan,1,2.6123241959697143
20,progan/bottle/1_fake/19433.png,progan,1,2.603966071009957
21,gaugan/1_fake/000000440336.png,gaugan,1,2.5993794151245417
22,imle/1_fake/00104913.png,imle,1,2.596895391324682
23,biggan/1_fake/00103278.png,biggan,1,2.592263575796341
24,gaugan/1_fake/000000521259.png,gaugan,1,2.5884194386798685
25,stylegan2/car/1_fake/000468.png,stylegan2,1,2.57784002097839
26,imle/1_fake/00102118.png,imle,1,2.577566618357092
27,gaugan/1_fake/000000110784.png,gaugan,1,2.5617449566047874
28,gaugan/1_fake/000000287959.png,gaugan,1,2.5598217719872136
29,gaugan/1_fake/000000273420.png,gaugan,1,2.5592476360868286
30,progan/horse/1_fake/00519.png,progan,1,2.5588079844229297
31,progan/train/1_fake/14798.png,progan,1,2.5355514777231427
32,biggan/1_fake/00492280.png,biggan,1,2.5332969052847867
33,gaugan/1_fake/000000186422.png,gaugan,1,2.532444336688843
34,gaugan/1_fake/000000301718.png,gaugan,1,2.5303376443762806
35,progan/bottle/1_fake/12455.png,progan,1,2.5286740386370496
36,gaugan/1_fake/000000320642.png,gaugan,1,2.525056860365805
37,progan/motorbike/1_fake/15133.png,progan,1,2.5217586564974743
38,gaugan/1_fake/000000179265.png,gaugan,1,2.5203553201609648
39,gaugan/1_fake/000000348488.png,gaugan,1,2.5128857389081
40,imle/1_fake/00102063.png,imle,1,2.5092471116687625
41,gaugan/1_fake/000000430056.png,gaugan,1,2.4948881883826264
42,gaugan/1_fake/000000300276.png,gaugan,1,2.493882519086791
43,gaugan/1_fake/000000316666.png,gaugan,1,2.4910812121266783
44,gaugan/1_fake/000000165518.png,gaugan,1,2.489898389818343
45,progan/horse/1_fake/18207.png,progan,1,2.48599921875714
46,imle/1_fake/00100182.png,imle,1,2.4834935429531644
47,progan/bird/1_fake/03527.png,progan,1,2.4833844229977045
48,gaugan/1_fake/000000516601.png,gaugan,1,2.475413215182292
49,gaugan/1_fake/000000259571.png,gaugan,1,2.4737280504011405
50,imle/1_fake/00103885.png,imle,1,2.4715078909261625
51,gaugan/1_fake/000000532530.png,gaugan,1,2.470265492652757
52,gaugan/1_fake/000000571718.png,gaugan,1,2.4699976992491908
53,gaugan/1_fake/000000057760.png,gaugan,1,2.4590499123572567
54,gaugan/1_fake/000000159791.png,gaugan,1,2.458986014543299
55,biggan/1_fake/00394594.png,biggan,1,2.45221409965981
56,progan/chair/1_fake/19497.png,progan,1,2.45175072723689
57,progan/motorbike/1_fake/08411.png,progan,1,2.4487693280296594
58,whichfaceisreal/1_fake/image-2019-02-17_023919.jpeg,whichfaceisreal,1,2.447778502452226
59,gaugan/1_fake/000000195918.png,gaugan,1,2.446023716593404
60,biggan/1_fake/00160173.png,biggan,1,2.4398584422412224
61,progan/cat/1_fake/01557.png,progan,1,2.4379529790173717
62,cyclegan/winter/1_fake/2011-07-12 17:33:01_fake.png,cyclegan,1,2.437523924668024
63,ldm_200/1_fake/aadlygmazf.png,ldm_200,1,2.4362498396342365
64,progan/chair/1_fake/00305.png,progan,1,2.436149067983692
65,biggan/1_fake/00145890.png,biggan,1,2.435063313271507
66,gaugan/1_fake/000000335450.png,gaugan,1,2.4343459044572198
67,gaugan/1_fake/000000048924.png,gaugan,1,2.433972938766955
68,progan/tvmonitor/1_fake/16108.png,progan,1,2.433908530568007
69,gaugan/1_fake/000000286523.png,gaugan,1,2.433884095030612
70,progan/cat/1_fake/15766.png,progan,1,2.4300221925998398
71,progan/person/1_fake/00834.png,progan,1,2.4276963212184257
72,stylegan/cat/1_fake/084935.png,stylegan,1,2.427326032645962
73,gaugan/1_fake/000000153527.png,gaugan,1,2.416928987734096
74,gaugan/1_fake/000000133778.png,gaugan,1,2.415887461803582
75,progan/bottle/1_fake/10558.png,progan,1,2.4155740334146305
76,progan/airplane/1_fake/02313.png,progan,1,2.4066092368950573
77,progan/chair/1_fake/10105.png,progan,1,2.4060189225250226
78,gaugan/1_fake/000000445999.png,gaugan,1,2.4007070503595385
79,gaugan/1_fake/000000516173.png,gaugan,1,2.399824610679356
80,gaugan/1_fake/000000157124.png,gaugan,1,2.3995407891989444
81,progan/bottle/1_fake/06142.png,progan,1,2.398490245408764
82,gaugan/1_fake/000000481413.png,gaugan,1,2.396994456500048
83,progan/car/1_fake/07013.png,progan,1,2.3964561148523997
84,progan/bicycle/1_fake/17399.png,progan,1,2.394560770851034
85,progan/tvmonitor/1_fake/11975.png,progan,1,2.393924446867735
86,gaugan/1_fake/000000026941.png,gaugan,1,2.393493882363189
87,gaugan/1_fake/000000353180.png,gaugan,1,2.392777054164911
88,gaugan/1_fake/000000085682.png,gaugan,1,2.387257231010892
89,gaugan/1_fake/000000258911.png,gaugan,1,2.3865541306732574
90,progan/motorbike/1_fake/04656.png,progan,1,2.3826593665396536
91,progan/chair/1_fake/19776.png,progan,1,2.3795510235598467
92,progan/car/1_fake/16219.png,progan,1,2.3780868286855377
93,gaugan/1_fake/000000577959.png,gaugan,1,2.376989655237441
94,progan/dog/1_fake/03505.png,progan,1,2.376620912555687
95,gaugan/1_fake/000000329614.png,gaugan,1,2.3751631675264577
96,gaugan/1_fake/000000494759.png,gaugan,1,2.372802759604084
97,progan/person/1_fake/16329.png,progan,1,2.3707489293696176
98,cyclegan/summer/1_fake/2011-07-06 14:48:30_fake.png,cyclegan,1,2.367062926493982
99,gaugan/1_fake/000000172595.png,gaugan,1,2.3664175443807247
100,gaugan/1_fake/000000264968.png,gaugan,1,2.3601019376674537
101,gaugan/1_fake/000000434297.png,gaugan,1,2.35999234135412
102,gaugan/1_fake/000000097679.png,gaugan,1,2.357857375057037
103,gaugan/1_fake/000000340894.png,gaugan,1,2.3577355962743933
104,gaugan/1_fake/000000480985.png,gaugan,1,2.356709097285582
105,progan/sheep/1_fake/11801.png,progan,1,2.356258091993051
106,biggan/1_fake/00454753.png,biggan,1,2.355307590952118
107,gaugan/1_fake/000000537802.png,gaugan,1,2.351942510027908
108,gaugan/1_fake/000000273711.png,gaugan,1,2.351714749965839
109,progan/chair/1_fake/15766.png,progan,1,2.349601279276444
110,biggan/1_fake/00332129.png,biggan,1,2.3489894775208224
111,gaugan/1_fake/000000515445.png,gaugan,1,2.347359600636681
112,gaugan/1_fake/000000212166.png,gaugan,1,2.345758493401017
113,progan/sheep/1_fake/15599.png,progan,1,2.344382996855056
114,imle/1_fake/00105295.png,imle,1,2.342707033092509
115,progan/horse/1_fake/16996.png,progan,1,2.3423863480812868
116,dalle/1_fake/newahshtuc.png,dalle,1,2.3423372224827936
117,biggan/1_fake/00028147.png,biggan,1,2.340495539043269
118,stylegan/car/1_fake/007462.png,stylegan,1,2.3364894842780224
119,gaugan/1_fake/000000259854.png,gaugan,1,2.335722180242525
120,progan/bus/1_fake/15994.png,progan,1,2.3281149378832438
121,gaugan/1_fake/000000356531.png,gaugan,1,2.3278738990401067
122,progan/chair/1_fake/12901.png,progan,1,2.325145031667176
123,gaugan/1_fake/000000015335.png,gaugan,1,2.324386855490353
124,gaugan/1_fake/000000273132.png,gaugan,1,2.3229634599893862
125,gaugan/1_fake/000000170595.png,gaugan,1,2.3225854287654624
126,gaugan/1_fake/000000279541.png,gaugan,1,2.3199093940423907
127,gaugan/1_fake/000000283318.png,gaugan,1,2.316752285602719
128,progan/bird/1_fake/07543.png,progan,1,2.31651911322629
129,progan/horse/1_fake/13026.png,progan,1,2.3152602515337675
130,gaugan/1_fake/000000380913.png,gaugan,1,2.315199770419658
131,progan/train/1_fake/18857.png,progan,1,2.3141549863403945
132,gaugan/1_fake/000000296317.png,gaugan,1,2.3131225278267973
133,biggan/1_fake/00345668.png,biggan,1,2.3106176723085694
134,progan/bird/1_fake/02135.png,progan,1,2.309744426567347
135,progan/chair/1_fake/17680.png,progan,1,2.308511335342728
136,imle/1_fake/00102723.png,imle,1,2.305364517152659
137,stylegan/cat/1_fake/084338.png,stylegan,1,2.300504946993795
138,gaugan/1_fake/000000453584.png,gaugan,1,2.2973098268606966
139,whichfaceisreal/1_fake/image-2019-02-17_015940.jpeg,whichfaceisreal,1,2.2968478619593498
140,progan/sofa/1_fake/11336.png,progan,1,2.2963069575687385
141,stargan/1_fake/1651.png,stargan,1,2.296262218401012
142,biggan/1_fake/00304208.png,biggan,1,2.2959833513067878
143,progan/person/1_fake/12749.png,progan,1,2.291132018563752
144,imle/1_fake/00103214.png,imle,1,2.2908275859980827
145,progan/bus/1_fake/15105.png,progan,1,2.2907290399182774
146,biggan/1_fake/00488915.png,biggan,1,2.290698933300629
147,progan/chair/1_fake/05339.png,progan,1,2.289765150220992
148,gaugan/1_fake/000000395701.png,gaugan,1,2.286720593777436
149,progan/cat/1_fake/05560.png,progan,1,2.286536925118278
150,progan/bus/1_fake/05961.png,progan,1,2.284529148842785
151,gaugan/1_fake/000000112997.png,gaugan,1,2.284466518970188
152,progan/sheep/1_fake/00305.png,progan,1,2.28348677959539
153,cyclegan/zebra/1_fake/n02381460_3040_fake.png,cyclegan,1,2.282263185075057
154,ldm_100/1_fake/fvfgzexjcm.png,ldm_100,1,2.282177939678297
155,biggan/1_fake/00124671.png,biggan,1,2.281992680197357
156,biggan/1_fake/00239909.png,biggan,1,2.281379940466651
157,progan/person/1_fake/08556.png,progan,1,2.279637211579875
158,gaugan/1_fake/000000192047.png,gaugan,1,2.278667980380309
159,stylegan/cat/1_fake/075017.png,stylegan,1,2.2778344852284045
160,gaugan/1_fake/000000475572.png,gaugan,1,2.277778304298827
161,progan/horse/1_fake/03032.png,progan,1,2.277754307241716
162,progan/diningtable/1_fake/15465.png,progan,1,2.2771980997400663
163,gaugan/1_fake/000000367386.png,gaugan,1,2.276594101791396
164,biggan/1_fake/00171146.png,biggan,1,2.2744882336690697
165,gaugan/1_fake/000000404601.png,gaugan,1,2.2694978229193468
166,imle/1_fake/00105315.png,imle,1,2.269318771814179
167,imle/1_fake/00102072.png,imle,1,2.2682980888213
168,imle/1_fake/00101222.png,imle,1,2.2674378284190597
169,progan/bottle/1_fake/03986.png,progan,1,2.2673610654624885
170,gaugan/1_fake/000000208208.png,gaugan,1,2.263989005922264
171,gaugan/1_fake/000000411754.png,gaugan,1,2.2519269819838827
172,ldm_100/1_fake/hkjmvhgmso.png,ldm_100,1,2.250777504626124
173,gaugan/1_fake/000000078748.png,gaugan,1,2.2504093610049427
174,gaugan/1_fake/000000298994.png,gaugan,1,2.248332912213478
175,progan/motorbike/1_fake/06154.png,progan,1,2.247322535924692
176,progan/diningtable/1_fake/02135.png,progan,1,2.246318959088094
177,progan/person/1_fake/17882.png,progan,1,2.245029038726923
178,stylegan/cat/1_fake/077764.png,stylegan,1,2.24381385589907
179,progan/sheep/1_fake/00049.png,progan,1,2.2436842005525257
180,cyclegan/summer/1_fake/2015-12-31 17:23:30_fake.png,cyclegan,1,2.241901114101744
181,gaugan/1_fake/000000047801.png,gaugan,1,2.2413496453055366
182,gaugan/1_fake/000000552371.png,gaugan,1,2.241293955836648
183,gaugan/1_fake/000000166166.png,gaugan,1,2.240912663461068
184,imle/1_fake/00101843.png,imle,1,2.240629625808808
185,gaugan/1_fake/000000426253.png,gaugan,1,2.237730737561968
186,gaugan/1_fake/000000180751.png,gaugan,1,2.2365550932585734
187,gaugan/1_fake/000000375015.png,gaugan,1,2.235716166031211
188,progan/bus/1_fake/10492.png,progan,1,2.2339294051802536
189,gaugan/1_fake/000000092177.png,gaugan,1,2.232313551083059
190,progan/bird/1_fake/06462.png,progan,1,2.2296439729437894
191,gaugan/1_fake/000000155145.png,gaugan,1,2.2288754213970057
192,stylegan/car/1_fake/088094.png,stylegan,1,2.228817724326446
193,imle/1_fake/00101638.png,imle,1,2.226897429063412
194,progan/pottedplant/1_fake/13527.png,progan,1,2.2255522335921376
195,progan/cow/1_fake/05450.png,progan,1,2.224827118960782
196,stylegan2/car/1_fake/001565.png,stylegan2,1,2.2197315066381598
197,progan/sofa/1_fake/16670.png,progan,1,2.2186984356377626
198,progan/pottedplant/1_fake/07413.png,progan,1,2.217312221199946
199,gaugan/1_fake/000000213816.png,gaugan,1,2.2160663275545014
200,gaugan/1_fake/000000369812.png,gaugan,1,2.2154825172043617
201,imle/1_fake/00106096.png,imle,1,2.2147161152731125
202,progan/horse/1_fake/02909.png,progan,1,2.21418055153649
203,progan/chair/1_fake/18724.png,progan,1,2.213186955473093
204,gaugan/1_fake/000000492968.png,gaugan,1,2.212947480710477
205,glide_100_27/1_fake/rxsgddveyy.png,glide_100_27,1,2.21263216004367
206,gaugan/1_fake/000000193884.png,gaugan,1,2.212383011476228
207,stylegan/car/1_fake/095580.png,stylegan,1,2.210178468821087
208,stylegan/cat/1_fake/099544.png,stylegan,1,2.2097651705676284
209,stylegan/car/1_fake/022532.png,stylegan,1,2.209188969054324
210,progan/bicycle/1_fake/10641.png,progan,1,2.2087667201614183
211,progan/sofa/1_fake/10105.png,progan,1,2.206933865497
212,progan/dog/1_fake/10105.png,progan,1,2.20530580026636
213,gaugan/1_fake/000000563758.png,gaugan,1,2.204712911058297
214,cyclegan/zebra/1_fake/n02381460_3120_fake.png,cyclegan,1,2.204156429494453
215,progan/person/1_fake/04656.png,progan,1,2.2032201874043214
216,progan/sofa/1_fake/17882.png,progan,1,2.202783231035801
217,gaugan/1_fake/000000480275.png,gaugan,1,2.202207603345677
218,stylegan2/horse/1_fake/000745.png,stylegan2,1,2.200865187964661
219,imle/1_fake/00105637.png,imle,1,2.200596500804508
220,gaugan/1_fake/000000224093.png,gaugan,1,2.200550290987384
221,stylegan/cat/1_fake/084173.png,stylegan,1,2.19784200069959
222,gaugan/1_fake/000000160728.png,gaugan,1,2.196838492075329
223,progan/pottedplant/1_fake/08243.png,progan,1,2.1893186920630945
224,gaugan/1_fake/000000084477.png,gaugan,1,2.187813086496272
225,gaugan/1_fake/000000281693.png,gaugan,1,2.185791922153789
226,progan/airplane/1_fake/07552.png,progan,1,2.1856068769369883
227,progan/person/1_fake/09428.png,progan,1,2.18412420619295
228,gaugan/1_fake/000000439994.png,gaugan,1,2.1811699909353988
229,progan/horse/1_fake/17289.png,progan,1,2.179485796944343
230,gaugan/1_fake/000000293804.png,gaugan,1,2.1787345429269376
231,gaugan/1_fake/000000098261.png,gaugan,1,2.1786539265409184
232,gaugan/1_fake/000000273760.png,gaugan,1,2.176985683459441
233,biggan/1_fake/00434266.png,biggan,1,2.1740103596680056
234,progan/pottedplant/1_fake/03634.png,progan,1,2.173449354085079
235,progan/cat/1_fake/03986.png,progan,1,2.172384292029072
236,gaugan/1_fake/000000198915.png,gaugan,1,2.167982361991124
237,progan/diningtable/1_fake/14085.png,progan,1,2.1672443884766617
238,progan/horse/1_fake/17882.png,progan,1,2.1655803721610343
239,cyclegan/summer/1_fake/2011-12-29 09:02:31_fake.png,cyclegan,1,2.1641508194674257
240,progan/horse/1_fake/15599.png,progan,1,2.163734356115328
241,gaugan/1_fake/000000057150.png,gaugan,1,2.1625555769657265
242,progan/airplane/1_fake/05687.png,progan,1,2.1620787353329405
243,gaugan/1_fake/000000488673.png,gaugan,1,2.160718236400708
244,stylegan/cat/1_fake/074203.png,stylegan,1,2.1567130997952697
245,stylegan/cat/1_fake/075335.png,stylegan,1,2.1563344110717746
246,progan/sofa/1_fake/17265.png,progan,1,2.1558433206521124
247,biggan/1_fake/00403214.png,biggan,1,2.1518973892638096
248,gaugan/1_fake/000000515025.png,gaugan,1,2.151032156842257
249,imle/1_fake/00100738.png,imle,1,2.1508141412613044
250,progan/pottedplant/1_fake/18641.png,progan,1,2.148251488236756
251,ldm_200/1_fake/sswokizojd.png,ldm_200,1,2.1449405295921
252,gaugan/1_fake/000000181816.png,gaugan,1,2.1447719810465813
253,gaugan/1_fake/000000006954.png,gaugan,1,2.144240322338732
254,progan/bird/1_fake/17566.png,progan,1,2.1436145631581702
255,gaugan/1_fake/000000008277.png,gaugan,1,2.1435604308720686
256,biggan/1_fake/00145928.png,biggan,1,2.1424535044465496
257,crn/1_fake/100970_output.png,crn,1,2.1407210962361374
258,crn/1_fake/104014_output.png,crn,1,2.140403992520585
259,gaugan/1_fake/000000527750.png,gaugan,1,2.138340821410983
260,stylegan/cat/1_fake/096483.png,stylegan,1,2.1383125199123185
261,cyclegan/apple/1_fake/n07749192_11991_fake.png,cyclegan,1,2.138016066397904
262,progan/chair/1_fake/13761.png,progan,1,2.137469424309102
263,progan/cow/1_fake/03199.png,progan,1,2.137043373872727
264,stargan/1_fake/0041.png,stargan,1,2.1356041128254413
265,ldm_200/1_fake/tycynadkoj.png,ldm_200,1,2.134638520640117
266,gaugan/1_fake/000000071756.png,gaugan,1,2.1315409510949928
267,gaugan/1_fake/000000422998.png,gaugan,1,2.131537836749549
268,progan/chair/1_fake/16394.png,progan,1,2.131398975070082
269,imle/1_fake/00101102.png,imle,1,2.131127791354733
270,progan/sheep/1_fake/16526.png,progan,1,2.129714197660281
271,progan/car/1_fake/02313.png,progan,1,2.1294777580754856
272,progan/sheep/1_fake/08243.png,progan,1,2.129381370946389
273,gaugan/1_fake/000000507975.png,gaugan,1,2.1290960448960483
274,gaugan/1_fake/000000052507.png,gaugan,1,2.124041796627512
275,progan/bird/1_fake/17882.png,progan,1,2.122926802570309
276,progan/dog/1_fake/17399.png,progan,1,2.1226857588600927
277,progan/bird/1_fake/00642.png,progan,1,2.121855123291349
278,stylegan/cat/1_fake/091676.png,stylegan,1,2.121455818032496
279,stylegan/cat/1_fake/085652.png,stylegan,1,2.120846761372257
280,progan/bus/1_fake/02617.png,progan,1,2.120587143986799
281,progan/cow/1_fake/12892.png,progan,1,2.1197669939492
282,progan/car/1_fake/09016.png,progan,1,2.1168556082631724
283,imle/1_fake/00103185.png,imle,1,2.115629004854937
284,cyclegan/winter/1_fake/2011-05-23 17:46:40_fake.png,cyclegan,1,2.1120994834940605
285,biggan/1_fake/00040489.png,biggan,1,2.1114664676524004
286,progan/bus/1_fake/08727.png,progan,1,2.1112676749053807
287,stylegan2/horse/1_fake/000844.png,stylegan2,1,2.1095347806125573
288,imle/1_fake/00101960.png,imle,1,2.106534838746299
289,progan/bird/1_fake/02022.png,progan,1,2.105478333314121
290,cyclegan/summer/1_fake/2017-01-14 08:55:50_fake.png,cyclegan,1,2.102859882943216
291,progan/person/1_fake/06062.png,progan,1,2.100628877962534
292,ldm_200/1_fake/okuolqaypa.png,ldm_200,1,2.0964212874516264
293,imle/1_fake/00101561.png,imle,1,2.093179461448731
294,imle/1_fake/00102334.png,imle,1,2.092069963118281
295,stylegan2/horse/1_fake/001339.png,stylegan2,1,2.09124769525629
296,progan/sheep/1_fake/13761.png,progan,1,2.091017367223277
297,biggan/1_fake/00411015.png,biggan,1,2.0904204471558434
298,gaugan/1_fake/000000550797.png,gaugan,1,2.088271345659069
299,gaugan/1_fake/000000261706.png,gaugan,1,2.0866951884025804
300,imle/1_fake/00100873.png,imle,1,2.084915507944657
301,gaugan/1_fake/000000074058.png,gaugan,1,2.084357434978256
302,progan/bicycle/1_fake/00880.png,progan,1,2.0828468818230923
303,progan/dog/1_fake/09346.png,progan,1,2.082297121245197
304,gaugan/1_fake/000000236690.png,gaugan,1,2.080692478635953
305,cyclegan/winter/1_fake/2011-10-12 01:13:31_fake.png,cyclegan,1,2.0801389762653475
306,imle/1_fake/00102844.png,imle,1,2.080067615244919
307,whichfaceisreal/1_fake/image-2019-02-17_030655.jpeg,whichfaceisreal,1,2.0790518498183514
308,gaugan/1_fake/000000096549.png,gaugan,1,2.078705958273387
309,gaugan/1_fake/000000523807.png,gaugan,1,2.078571293861681
310,imle/1_fake/00101108.png,imle,1,2.0784906862348325
311,progan/bus/1_fake/05830.png,progan,1,2.0782979211820924
312,gaugan/1_fake/000000161397.png,gaugan,1,2.078295199743138
313,progan/diningtable/1_fake/08949.png,progan,1,2.077403192524442
314,imle/1_fake/00100739.png,imle,1,2.076625412552496
315,progan/sofa/1_fake/13281.png,progan,1,2.0759813307360795
316,gaugan/1_fake/000000163562.png,gaugan,1,2.075474450838352
317,biggan/1_fake/00398117.png,biggan,1,2.0722868455131023
318,gaugan/1_fake/000000277197.png,gaugan,1,2.07112036700676
319,gaugan/1_fake/000000035279.png,gaugan,1,2.0708221100546
320,progan/diningtable/1_fake/12307.png,progan,1,2.0690688304317284
321,cyclegan/winter/1_fake/2016-08-01 21:03:01_fake.png,cyclegan,1,2.0685123523938205
322,gaugan/1_fake/000000058655.png,gaugan,1,2.0683699248030605
323,gaugan/1_fake/000000282912.png,gaugan,1,2.064244585422587
324,gaugan/1_fake/000000161875.png,gaugan,1,2.0635101478976354
325,imle/1_fake/00104350.png,imle,1,2.0633612505194963
326,imle/1_fake/00102070.png,imle,1,2.061518527773777
327,progan/diningtable/1_fake/00069.png,progan,1,2.0581177794290166
328,biggan/1_fake/00303445.png,biggan,1,2.05765893477869
329,dalle/1_fake/smdvfqmevj.png,dalle,1,2.05711405901462
330,cyclegan/summer/1_fake/2017-02-19 07:50:41_fake.png,cyclegan,1,2.054505364075333
331,gaugan/1_fake/000000039477.png,gaugan,1,2.054065161875933
332,biggan/1_fake/00016700.png,biggan,1,2.0536567805423163
333,imle/1_fake/00102382.png,imle,1,2.051450043734101
334,progan/motorbike/1_fake/13527.png,progan,1,2.0512041912319736
335,progan/horse/1_fake/12364.png,progan,1,2.050574244764187
336,gaugan/1_fake/000000261732.png,gaugan,1,2.0493759698863334
337,gaugan/1_fake/000000036539.png,gaugan,1,2.04874843350299
338,dalle/1_fake/gbzvqfsaud.png,dalle,1,2.0482220184387243
339,biggan/1_fake/00159499.png,biggan,1,2.0479274141420287
340,whichfaceisreal/1_fake/image-2019-02-17_021634.jpeg,whichfaceisreal,1,2.04699843395599
341,stylegan/car/1_fake/066285.png,stylegan,1,2.046387084164416
342,imle/1_fake/00105788.png,imle,1,2.0460287029702307
343,stylegan/cat/1_fake/084161.png,stylegan,1,2.0459702359674075
344,progan/cow/1_fake/15599.png,progan,1,2.045471449048346
345,gaugan/1_fake/000000011760.png,gaugan,1,2.043248943479723
346,gaugan/1_fake/000000248752.png,gaugan,1,2.043026410735315
347,imle/1_fake/00103361.png,imle,1,2.042712544223299
348,gaugan/1_fake/000000509451.png,gaugan,1,2.042701001966627
349,stylegan/cat/1_fake/071545.png,stylegan,1,2.0421526762704048
350,gaugan/1_fake/000000189828.png,gaugan,1,2.041315394964882
351,gaugan/1_fake/000000218424.png,gaugan,1,2.039886656195022
352,progan/sofa/1_fake/17680.png,progan,1,2.0398400719274425
353,stylegan/cat/1_fake/077853.png,stylegan,1,2.0378802989499607
354,gaugan/1_fake/000000252294.png,gaugan,1,2.037672857653143
355,gaugan/1_fake/000000532690.png,gaugan,1,2.03730945949232
356,biggan/1_fake/00020408.png,biggan,1,2.036140680613636
357,stylegan/cat/1_fake/081759.png,stylegan,1,2.0356820283148807
358,dalle/1_fake/tbganwxklb.png,dalle,1,2.034166315552248
359,stylegan/cat/1_fake/074712.png,stylegan,1,2.0341249299551096
360,gaugan/1_fake/000000079651.png,gaugan,1,2.0329193797131992
361,progan/bird/1_fake/03505.png,progan,1,2.0310638063657787
362,progan/motorbike/1_fake/06559.png,progan,1,2.0305625450939897
363,progan/bottle/1_fake/03505.png,progan,1,2.029755981248628
364,progan/diningtable/1_fake/10378.png,progan,1,2.0293620060336632
365,progan/boat/1_fake/14005.png,progan,1,2.0290512736982094
366,stylegan/cat/1_fake/094371.png,stylegan,1,2.0210719614928907
367,imle/1_fake/00103611.png,imle,1,2.021065298963078
368,imle/1_fake/00103433.png,imle,1,2.020068525065676
369,progan/cat/1_fake/13281.png,progan,1,2.018966612485573
370,imle/1_fake/00104533.png,imle,1,2.018548826948924
371,progan/bird/1_fake/03711.png,progan,1,2.014397835966986
372,gaugan/1_fake/000000393469.png,gaugan,1,2.0136709513659867
373,gaugan/1_fake/000000309938.png,gaugan,1,2.0121036334001943
374,imle/1_fake/00103582.png,imle,1,2.0096899585306143
375,gaugan/1_fake/000000474170.png,gaugan,1,2.0084052033552906
376,progan/train/1_fake/13527.png,progan,1,2.0067173129967784
377,dalle/1_fake/ixykpgtooh.png,dalle,1,2.0052640963769437
378,progan/cat/1_fake/17882.png,progan,1,1.999642798248629
379,dalle/1_fake/yfnrrhachx.png,dalle,1,1.998671157822471
380,stargan/1_fake/0824.png,stargan,1,1.9986027783622209
381,cyclegan/horse/1_fake/n02391049_2290_fake.png,cyclegan,1,1.9965185315566811
382,imle/1_fake/00100204.png,imle,1,1.991494558120261
383,stylegan/cat/1_fake/076864.png,stylegan,1,1.9913627595091865
384,gaugan/1_fake/000000216516.png,gaugan,1,1.9908392481396835
385,gaugan/1_fake/000000182021.png,gaugan,1,1.989388656980458
386,gaugan/1_fake/000000520301.png,gaugan,1,1.9882484044426725
387,crn/1_fake/104231_output.png,crn,1,1.9881874038474023
388,crn/1_fake/105056_output.png,crn,1,1.9875590145954425
389,gaugan/1_fake/000000530624.png,gaugan,1,1.9807487287072012
390,progan/motorbike/1_fake/06062.png,progan,1,1.9800516017473344
391,stylegan/cat/1_fake/092561.png,stylegan,1,1.978469668448421
392,crn/1_fake/102437_output.png,crn,1,1.976745248100777
393,progan/pottedplant/1_fake/04656.png,progan,1,1.97647026920876
394,stylegan2/horse/1_fake/000415.png,stylegan2,1,1.9744214561146516
395,imle/1_fake/00103250.png,imle,1,1.973776814015622
396,cyclegan/winter/1_fake/2015-07-10 14:27:51_fake.png,cyclegan,1,1.9725650221540048
397,progan/chair/1_fake/15909.png,progan,1,1.972465500098714
398,progan/bottle/1_fake/17882.png,progan,1,1.9693136122850652
399,imle/1_fake/00104820.png,imle,1,1.967250997276226
400,stargan/1_fake/0254.png,stargan,1,1.967245978718834
401,gaugan/1_fake/000000503755.png,gaugan,1,1.966966403991424
402,biggan/1_fake/00321760.png,biggan,1,1.9668954495660511
403,crn/1_fake/100795_output.png,crn,1,1.9648637940270943
404,biggan/1_fake/00059302.png,biggan,1,1.9646500544609
405,progan/car/1_fake/17289.png,progan,1,1.964422271999945
406,imle/1_fake/00104089.png,imle,1,1.9631017386031335
407,biggan/1_fake/00277234.png,biggan,1,1.962863630918096
408,cyclegan/winter/1_fake/2016-06-11 16:42:20_fake.png,cyclegan,1,1.9618807232354
409,imle/1_fake/00103713.png,imle,1,1.9616540876478248
410,biggan/1_fake/00255685.png,biggan,1,1.9612428216101756
411,stylegan/car/1_fake/048072.png,stylegan,1,1.960541603567481
412,gaugan/1_fake/000000053624.png,gaugan,1,1.9570194337298623
413,progan/motorbike/1_fake/19497.png,progan,1,1.955682150407624
414,dalle/1_fake/xiubxgyhcs.png,dalle,1,1.9548348814609493
415,imle/1_fake/00103732.png,imle,1,1.9542512562099643
416,gaugan/1_fake/000000459153.png,gaugan,1,1.9509283940425508
417,stylegan/car/1_fake/024549.png,stylegan,1,1.9500846248821413
418,progan/bicycle/1_fake/18560.png,progan,1,1.9490914326512796
419,stylegan/cat/1_fake/088992.png,stylegan,1,1.9474885634374064
420,progan/horse/1_fake/06720.png,progan,1,1.9461390435279315
421,imle/1_fake/00100344.png,imle,1,1.944731070834933
422,gaugan/1_fake/000000082688.png,gaugan,1,1.9445929376600088
423,imle/1_fake/00103329.png,imle,1,1.9444747617352056
424,imle/1_fake/00103130.png,imle,1,1.9431319975790984
425,gaugan/1_fake/000000055950.png,gaugan,1,1.9397905916530835
426,stylegan2/horse/1_fake/000340.png,stylegan2,1,1.9383949048864384
427,imle/1_fake/00105240.png,imle,1,1.935276708678354
428,imle/1_fake/00102258.png,imle,1,1.934452127777408
429,whichfaceisreal/1_fake/image-2019-02-17_004311.jpeg,whichfaceisreal,1,1.9343984798814269
430,imle/1_fake/00102125.png,imle,1,1.933407981252519
431,gaugan/1_fake/000000184762.png,gaugan,1,1.93317306724468
432,crn/1_fake/103812_output.png,crn,1,1.931432538102748
433,progan/dog/1_fake/07013.png,progan,1,1.9303013176906312
434,cyclegan/winter/1_fake/2015-09-08 18:12:30_fake.png,cyclegan,1,1.929857038352668
435,gaugan/1_fake/000000311518.png,gaugan,1,1.929410177593706
436,cyclegan/apple/1_fake/n07749192_5241_fake.png,cyclegan,1,1.9276425950418756
437,progan/sofa/1_fake/06062.png,progan,1,1.9268144708641348
438,stylegan/cat/1_fake/092454.png,stylegan,1,1.9246040041417127
439,imle/1_fake/00102914.png,imle,1,1.9237365710936236
440,progan/pottedplant/1_fake/13281.png,progan,1,1.9230440213081244
441,stylegan/cat/1_fake/092721.png,stylegan,1,1.922821200477633
442,biggan/1_fake/00392591.png,biggan,1,1.9226509370467384
443,biggan/1_fake/00235310.png,biggan,1,1.9176217789421997
444,stylegan/car/1_fake/095504.png,stylegan,1,1.916581923218064
445,biggan/1_fake/00060134.png,biggan,1,1.9161968826638789
446,gaugan/1_fake/000000315001.png,gaugan,1,1.914958476452285
447,gaugan/1_fake/000000088432.png,gaugan,1,1.9140613319670257
448,stargan/1_fake/0426.png,stargan,1,1.9128455777007305
449,cyclegan/summer/1_fake/2011-03-12 23:16:01_fake.png,cyclegan,1,1.911379232979593
450,crn/1_fake/101650_output.png,crn,1,1.910036941389586
451,biggan/1_fake/00180120.png,biggan,1,1.9092164171185968
452,progan/motorbike/1_fake/05687.png,progan,1,1.908014244102474
453,imle/1_fake/00103376.png,imle,1,1.907735746141462
454,imle/1_fake/00105455.png,imle,1,1.9076075163140824
455,progan/train/1_fake/19497.png,progan,1,1.906934038015002
456,cyclegan/orange/1_fake/n07740461_6781_fake.png,cyclegan,1,1.9062200944890888
457,gaugan/1_fake/000000506656.png,gaugan,1,1.9050892321217283
458,imle/1_fake/00104308.png,imle,1,1.9037355554511592
459,whichfaceisreal/1_fake/image-2019-02-17_024529.jpeg,whichfaceisreal,1,1.901732405596861
460,gaugan/1_fake/000000292024.png,gaugan,1,1.898239084224924
461,gaugan/1_fake/000000246454.png,gaugan,1,1.8979615946458064
462,stylegan/cat/1_fake/098739.png,stylegan,1,1.8961064857305705
463,biggan/1_fake/00250168.png,biggan,1,1.893376643893452
464,whichfaceisreal/1_fake/image-2019-02-17_025744.jpeg,whichfaceisreal,1,1.893308154391012
465,biggan/1_fake/00147579.png,biggan,1,1.8929459239300568
466,imle/1_fake/00105689.png,imle,1,1.8915169852514615
467,stargan/1_fake/1706.png,stargan,1,1.891500416124475
468,stylegan/car/1_fake/039279.png,stylegan,1,1.8910832211513728
469,stargan/1_fake/1052.png,stargan,1,1.8909691519251488
470,cyclegan/winter/1_fake/2012-08-03 21:43:11_fake.png,cyclegan,1,1.8909601465597257
471,stylegan/cat/1_fake/085878.png,stylegan,1,1.8893127254697333
472,progan/bus/1_fake/06152.png,progan,1,1.8887526481947896
473,cyclegan/horse/1_fake/n02391049_130_fake.png,cyclegan,1,1.8811407704130527
474,gaugan/1_fake/000000183391.png,gaugan,1,1.8800457880176635
475,whichfaceisreal/1_fake/image-2019-02-17_002136.jpeg,whichfaceisreal,1,1.8799796506601003
476,imle/1_fake/00104392.png,imle,1,1.8774557399040903
477,imle/1_fake/00102016.png,imle,1,1.8737824300778168
478,stylegan/cat/1_fake/089398.png,stylegan,1,1.872640619404071
479,gaugan/1_fake/000000512248.png,gaugan,1,1.867307455153004
480,imle/1_fake/00101250.png,imle,1,1.8664565632642929
481,imle/1_fake/00105023.png,imle,1,1.8657755314894888
482,gaugan/1_fake/000000391290.png,gaugan,1,1.8642150537544664
483,dalle/1_fake/sdpkvjboba.png,dalle,1,1.8619201490219863
484,imle/1_fake/00105738.png,imle,1,1.858618900522635
485,crn/1_fake/101909_output.png,crn,1,1.856824435457128
486,crn/1_fake/103933_output.png,crn,1,1.8532356678237385
487,stylegan/cat/1_fake/089974.png,stylegan,1,1.850800720307568
488,imle/1_fake/00103410.png,imle,1,1.850543693071562
489,imle/1_fake/00103191.png,imle,1,1.8502556985027527
490,imle/1_fake/00102355.png,imle,1,1.849858594879936
491,cyclegan/orange/1_fake/n07740461_1990_fake.png,cyclegan,1,1.8490425025862487
492,stylegan/cat/1_fake/099314.png,stylegan,1,1.847269466369204
493,progan/pottedplant/1_fake/09253.png,progan,1,1.8460126304948468
494,imle/1_fake/00106236.png,imle,1,1.843988157322712
495,stylegan/cat/1_fake/086676.png,stylegan,1,1.8438302935625428
496,crn/1_fake/104168_output.png,crn,1,1.842669113164296
497,progan/sheep/1_fake/10175.png,progan,1,1.8423225254136832
498,whichfaceisreal/1_fake/image-2019-02-17_023121.jpeg,whichfaceisreal,1,1.8415769936671644
499,cyclegan/winter/1_fake/2012-05-17 13:40:40_fake.png,cyclegan,1,1.8411025212123904
500,gaugan/1_fake/000000020553.png,gaugan,1,1.839856906807055
501,gaugan/1_fake/000000289059.png,gaugan,1,1.8390296760617564
502,stylegan/car/1_fake/028308.png,stylegan,1,1.8383353929076487
503,gaugan/1_fake/000000080666.png,gaugan,1,1.8366761367269104
504,dalle/1_fake/hzrxscnjew.png,dalle,1,1.834592218390904
505,biggan/1_fake/00219638.png,biggan,1,1.8334647147855183
506,imle/1_fake/00100539.png,imle,1,1.832612759546314
507,cyclegan/apple/1_fake/n07749192_970_fake.png,cyclegan,1,1.831693685828521
508,biggan/1_fake/00320001.png,biggan,1,1.8313288200533169
509,stylegan/cat/1_fake/073001.png,stylegan,1,1.8300672510306888
510,stargan/1_fake/0218.png,stargan,1,1.827927413359844
511,crn/1_fake/105934_output.png,crn,1,1.8260650850770084
512,gaugan/1_fake/000000405279.png,gaugan,1,1.8254778507638216
513,stylegan/cat/1_fake/082200.png,stylegan,1,1.825217175704388
514,stylegan2/horse/1_fake/000244.png,stylegan2,1,1.8203528329028085
515,biggan/1_fake/00052639.png,biggan,1,1.816279378513232
516,progan/diningtable/1_fake/14798.png,progan,1,1.8150152897525376
517,cyclegan/apple/1_fake/n07749192_1491_fake.png,cyclegan,1,1.810617873168967
518,stylegan/cat/1_fake/076292.png,stylegan,1,1.8093875570350613
519,stylegan/cat/1_fake/096303.png,stylegan,1,1.8066980246528344
520,biggan/1_fake/00422883.png,biggan,1,1.8060891800192167
521,stylegan2/cat/1_fake/000857.png,stylegan2,1,1.804096762753628
522,imle/1_fake/00101750.png,imle,1,1.804033229190011
523,dalle/1_fake/rprdsmygod.png,dalle,1,1.8026843673612143
524,stylegan/cat/1_fake/096769.png,stylegan,1,1.8015527625639505
525,imle/1_fake/00105472.png,imle,1,1.7987396708980763
526,imle/1_fake/00105519.png,imle,1,1.7975269899102075
527,cyclegan/summer/1_fake/2012-12-05 18:32:11_fake.png,cyclegan,1,1.7962789313635787
528,gaugan/1_fake/000000566524.png,gaugan,1,1.7962077316804828
529,dalle/1_fake/shkxdbeqpn.png,dalle,1,1.796182534675004
530,gaugan/1_fake/000000390826.png,gaugan,1,1.795482186311515
531,imle/1_fake/00102199.png,imle,1,1.794984055017224
532,stylegan2/car/1_fake/000163.png,stylegan2,1,1.7947364466039395
533,glide_100_27/1_fake/bucfscjvsb.png,glide_100_27,1,1.7938308746466798
534,crn/1_fake/105223_output.png,crn,1,1.7904858047630283
535,gaugan/1_fake/000000273712.png,gaugan,1,1.7892782305747688
536,imle/1_fake/00106331.png,imle,1,1.7885300524149517
537,progan/horse/1_fake/10890.png,progan,1,1.7882651966873306
538,imle/1_fake/00104608.png,imle,1,1.787889574157307
539,stylegan2/cat/1_fake/001493.png,stylegan2,1,1.7876590047503735
540,biggan/1_fake/00180268.png,biggan,1,1.7872169438216754
541,crn/1_fake/106037_output.png,crn,1,1.7846515812455936
542,stargan/1_fake/1546.png,stargan,1,1.7838983258676815
543,crn/1_fake/104913_output.png,crn,1,1.7833158776864426
544,imle/1_fake/00100516.png,imle,1,1.7832135755332648
545,stylegan/car/1_fake/018909.png,stylegan,1,1.783015100665776
546,dalle/1_fake/rjddhlzmqd.png,dalle,1,1.7828220641514123
547,gaugan/1_fake/000000129113.png,gaugan,1,1.7800460338247
548,stargan/1_fake/0302.png,stargan,1,1.7796354340810958
549,ldm_200/1_fake/hjovhnpjdf.png,ldm_200,1,1.7787285939793258
550,imle/1_fake/00104821.png,imle,1,1.7784457120723047
551,stargan/1_fake/0035.png,stargan,1,1.7776049006001449
552,ldm_200/1_fake/kbpanibqgu.png,ldm_200,1,1.7772498497207825
553,cyclegan/summer/1_fake/2014-03-08 12:26:51_fake.png,cyclegan,1,1.7770846028984888
554,stylegan/car/1_fake/075639.png,stylegan,1,1.77671438844281
555,imle/1_fake/00103726.png,imle,1,1.7750531958992315
556,imle/1_fake/00103429.png,imle,1,1.774865959604071
557,biggan/1_fake/00247918.png,biggan,1,1.7685247790677778
558,gaugan/1_fake/000000312586.png,gaugan,1,1.7673558171846038
559,progan/bird/1_fake/00820.png,progan,1,1.7662430226689
560,crn/1_fake/102435_output.png,crn,1,1.7656200406123426
561,biggan/1_fake/00417748.png,biggan,1,1.7625924488806115
562,stargan/1_fake/1365.png,stargan,1,1.759414032632188
563,gaugan/1_fake/000000435205.png,gaugan,1,1.7567475406059838
564,ldm_200/1_fake/rzvoxvfpaz.png,ldm_200,1,1.7550131061226344
565,cyclegan/apple/1_fake/n07749192_1520_fake.png,cyclegan,1,1.754932111077963
566,glide_50_27/1_fake/yzkphttipt.png,glide_50_27,1,1.7537193331687655
567,stylegan/cat/1_fake/085529.png,stylegan,1,1.7530739107486886
568,cyclegan/summer/1_fake/2008-07-09 20:32:51_fake.png,cyclegan,1,1.7529544882876245
569,progan/train/1_fake/16108.png,progan,1,1.7515125079889189
570,imle/1_fake/00106241.png,imle,1,1.7509206508917867
571,stylegan/cat/1_fake/084692.png,stylegan,1,1.7504574004781068
572,stylegan2/horse/1_fake/001807.png,stylegan2,1,1.7500252993035317
573,stylegan2/horse/1_fake/000760.png,stylegan2,1,1.7481741388718934
574,progan/dog/1_fake/07716.png,progan,1,1.7480169202693818
575,whichfaceisreal/1_fake/image-2019-02-17_004325.jpeg,whichfaceisreal,1,1.747731366417443
576,biggan/1_fake/00004969.png,biggan,1,1.7473831315994826
577,stylegan/cat/1_fake/092511.png,stylegan,1,1.746165688396121
578,crn/1_fake/102785_output.png,crn,1,1.7458815812873407
579,gaugan/1_fake/000000057725.png,gaugan,1,1.7444218302365706
580,stylegan/car/1_fake/073987.png,stylegan,1,1.7403561607156577
581,imle/1_fake/00101517.png,imle,1,1.737633817336539
582,whichfaceisreal/1_fake/image-2019-02-17_023059.jpeg,whichfaceisreal,1,1.7344818313797534
583,ldm_100/1_fake/gtqyrcambg.png,ldm_100,1,1.7339434836771486
584,biggan/1_fake/00016888.png,biggan,1,1.733241683568885
585,imle/1_fake/00100156.png,imle,1,1.7331331468781028
586,imle/1_fake/00106285.png,imle,1,1.7308237835989504
587,imle/1_fake/00104100.png,imle,1,1.730718671506876
588,imle/1_fake/00102242.png,imle,1,1.7283807725086089
589,gaugan/1_fake/000000249550.png,gaugan,1,1.728165695936487
590,progan/person/1_fake/00820.png,progan,1,1.7266391721098333
591,gaugan/1_fake/000000149770.png,gaugan,1,1.7266343493488434
592,cyclegan/winter/1_fake/2013-09-04 08:52:21_fake.png,cyclegan,1,1.7262319819176766
593,biggan/1_fake/00381295.png,biggan,1,1.7225461894101306
594,cyclegan/orange/1_fake/n07740461_7220_fake.png,cyclegan,1,1.7221671830219158
595,stargan/1_fake/0660.png,stargan,1,1.7210979666019095
596,stylegan/cat/1_fake/076956.png,stylegan,1,1.7209619144417243
597,dalle/1_fake/segiubdggo.png,dalle,1,1.720857297019898
598,ldm_200/1_fake/oddyrvltgg.png,ldm_200,1,1.719207174058955
599,gaugan/1_fake/000000509719.png,gaugan,1,1.7167631845110491
600,imle/1_fake/00101244.png,imle,1,1.7153894937819392
601,imle/1_fake/00101459.png,imle,1,1.7153133237262177
602,biggan/1_fake/00005877.png,biggan,1,1.713626308549663
603,whichfaceisreal/1_fake/image-2019-02-17_001656.jpeg,whichfaceisreal,1,1.7116942368244406
604,cyclegan/apple/1_fake/n07749192_4380_fake.png,cyclegan,1,1.7113063656654903
605,stylegan/car/1_fake/021669.png,stylegan,1,1.710891075812386
606,imle/1_fake/00106185.png,imle,1,1.7101154463057149
607,biggan/1_fake/00139886.png,biggan,1,1.7087497985285376
608,stylegan2/horse/1_fake/001569.png,stylegan2,1,1.708670385137922
609,crn/1_fake/102871_output.png,crn,1,1.7073276113120297
610,imle/1_fake/00103851.png,imle,1,1.705896460034218
611,stylegan/cat/1_fake/096001.png,stylegan,1,1.703295697570378
612,stylegan2/cat/1_fake/000537.png,stylegan2,1,1.7029954376136822
613,crn/1_fake/102442_output.png,crn,1,1.697116521629635
614,imle/1_fake/00104534.png,imle,1,1.696810673604967
615,stargan/1_fake/1621.png,stargan,1,1.6963855872948626
616,ldm_100/1_fake/bthfwgfwqz.png,ldm_100,1,1.696363854572077
617,stylegan/cat/1_fake/078287.png,stylegan,1,1.695890653545678
618,stylegan/cat/1_fake/079173.png,stylegan,1,1.6958790357352482
619,gaugan/1_fake/000000156071.png,gaugan,1,1.6952137877613287
620,imle/1_fake/00100992.png,imle,1,1.6937002463808262
621,imle/1_fake/00105830.png,imle,1,1.6891803054934509
622,imle/1_fake/00100352.png,imle,1,1.6876046760392458
623,biggan/1_fake/00048847.png,biggan,1,1.6869373293593988
624,stylegan/cat/1_fake/074541.png,stylegan,1,1.6865217188078248
625,imle/1_fake/00104244.png,imle,1,1.6814034008705976
626,cyclegan/apple/1_fake/n07749192_12050_fake.png,cyclegan,1,1.6806973162685517
627,stylegan/car/1_fake/057307.png,stylegan,1,1.6806714996399947
628,imle/1_fake/00102959.png,imle,1,1.6802770364226212
629,ldm_100/1_fake/oulguvnvpq.png,ldm_100,1,1.6774862013634753
630,ldm_200/1_fake/hajmuavfdr.png,ldm_200,1,1.676652484201676
631,ldm_100/1_fake/ircqbpmpmn.png,ldm_100,1,1.676211832550762
632,biggan/1_fake/00527446.png,biggan,1,1.675171755717325
633,biggan/1_fake/00039960.png,biggan,1,1.6748884925866312
634,ldm_100/1_fake/npgjxoaxcz.png,ldm_100,1,1.6740759738979063
635,progan/train/1_fake/07463.png,progan,1,1.6677763859492538
636,crn/1_fake/103250_output.png,crn,1,1.6676527049523462
637,stylegan/bedroom/1_fake/002182.png,stylegan,1,1.6670599316721486
638,imle/1_fake/00103342.png,imle,1,1.6669472203788858
639,whichfaceisreal/1_fake/image-2019-02-17_024331.jpeg,whichfaceisreal,1,1.6662072171831703
640,ldm_100/1_fake/iwkrlrqsbn.png,ldm_100,1,1.665732278046464
641,imle/1_fake/00101947.png,imle,1,1.663902837879382
642,imle/1_fake/00105666.png,imle,1,1.6624523323535765
643,imle/1_fake/00100701.png,imle,1,1.6619938732098127
644,stargan/1_fake/0189.png,stargan,1,1.6619162449247873
645,gaugan/1_fake/000000566042.png,gaugan,1,1.6616710540757766
646,stargan/1_fake/1833.png,stargan,1,1.66004123981283
647,crn/1_fake/102793_output.png,crn,1,1.6596094757628357
648,crn/1_fake/102004_output.png,crn,1,1.6571926232366014
649,ldm_200/1_fake/acpwmtyztu.png,ldm_200,1,1.656371713441927
650,imle/1_fake/00103337.png,imle,1,1.6548655130016146
651,stargan/1_fake/1372.png,stargan,1,1.653022673672358
652,imle/1_fake/00100636.png,imle,1,1.6526608246203702
653,imle/1_fake/00104835.png,imle,1,1.6519006139716883
654,biggan/1_fake/00136003.png,biggan,1,1.6499858396283509
655,imle/1_fake/00103545.png,imle,1,1.6495291532280512
656,stylegan/cat/1_fake/076355.png,stylegan,1,1.648171985123332
657,imle/1_fake/00105886.png,imle,1,1.6458153017010213
658,progan/horse/1_fake/00834.png,progan,1,1.645165539178408
659,cyclegan/apple/1_fake/n07749192_8071_fake.png,cyclegan,1,1.642118300622549
660,cyclegan/zebra/1_fake/n02381460_120_fake.png,cyclegan,1,1.64081423995647
661,gaugan/1_fake/000000445365.png,gaugan,1,1.6388478436638103
662,imle/1_fake/00102110.png,imle,1,1.6358283392157826
663,crn/1_fake/102094_output.png,crn,1,1.6339822572075946
664,stargan/1_fake/1212.png,stargan,1,1.6318593211391277
665,imle/1_fake/00100052.png,imle,1,1.6316730695390411
666,progan/diningtable/1_fake/17021.png,progan,1,1.6316106544390483
667,crn/1_fake/103213_output.png,crn,1,1.629542186810834
668,imle/1_fake/00104621.png,imle,1,1.6227404607182574
669,glide_100_27/1_fake/jjplgayvlc.png,glide_100_27,1,1.6225907637442352
670,crn/1_fake/104406_output.png,crn,1,1.6211579279993815
671,dalle/1_fake/kgmqyotoqo.png,dalle,1,1.6189212687298915
672,dalle/1_fake/jecdlrpjba.png,dalle,1,1.618495113949494
673,gaugan/1_fake/000000194506.png,gaugan,1,1.6168160289872002
674,stargan/1_fake/1767.png,stargan,1,1.6152690131043683
675,crn/1_fake/103764_output.png,crn,1,1.6140267602417135
676,imle/1_fake/00103509.png,imle,1,1.6122470722530289
677,ldm_200/1_fake/ztytemyoxv.png,ldm_200,1,1.6116484352946296
678,ldm_200_cfg/1_fake/hnsubaglth.png,ldm_200_cfg,1,1.6105397181815166
679,imle/1_fake/00103109.png,imle,1,1.609951448742826
680,whichfaceisreal/1_fake/image-2019-02-17_021344.jpeg,whichfaceisreal,1,1.6094049938862405
681,imle/1_fake/00101203.png,imle,1,1.608098883880846
682,imle/1_fake/00103141.png,imle,1,1.6069214750730114
683,imle/1_fake/00101364.png,imle,1,1.6043139161633144
684,imle/1_fake/00104273.png,imle,1,1.6041552868631856
685,whichfaceisreal/1_fake/image-2019-02-17_004538.jpeg,whichfaceisreal,1,1.6036712530717931
686,imle/1_fake/00103904.png,imle,1,1.6033713093077735
687,stargan/1_fake/0403.png,stargan,1,1.602878405993164
688,imle/1_fake/00103719.png,imle,1,1.5989441155950157
689,stylegan/bedroom/1_fake/086343.png,stylegan,1,1.5977646970409296
690,imle/1_fake/00102781.png,imle,1,1.596819874162111
691,cyclegan/horse/1_fake/n02391049_750_fake.png,cyclegan,1,1.5954940745502209
692,dalle/1_fake/gbmtgdhzrx.png,dalle,1,1.590661053629107
693,crn/1_fake/105032_output.png,crn,1,1.5901691598838543
694,crn/1_fake/100210_output.png,crn,1,1.5899880291665698
695,imle/1_fake/00104576.png,imle,1,1.5874507966888105
696,imle/1_fake/00105434.png,imle,1,1.5874290305844667
697,crn/1_fake/106052_output.png,crn,1,1.5872933749594351
698,cyclegan/orange/1_fake/n07740461_2550_fake.png,cyclegan,1,1.583893438977042
699,ldm_100/1_fake/hnzpgeledt.png,ldm_100,1,1.583676228387174
700,imle/1_fake/00104839.png,imle,1,1.5828344908529024
701,ldm_100/1_fake/ciwgbjibcd.png,ldm_100,1,1.5826738641683782
702,progan/car/1_fake/08134.png,progan,1,1.5822052407849625
703,stylegan/car/1_fake/016508.png,stylegan,1,1.580800270899969
704,whichfaceisreal/1_fake/image-2019-02-17_001212.jpeg,whichfaceisreal,1,1.5785532506605642
705,imle/1_fake/00100648.png,imle,1,1.57761698560261
706,cyclegan/summer/1_fake/2017-01-04 16:32:01_fake.png,cyclegan,1,1.577256240658239
707,stylegan2/car/1_fake/001360.png,stylegan2,1,1.5751467528504388
708,imle/1_fake/00105922.png,imle,1,1.573903868748331
709,stargan/1_fake/1280.png,stargan,1,1.5737570122537852
710,ldm_100/1_fake/fgbgiwekim.png,ldm_100,1,1.573039687220549
711,guided/1_fake/smdvfqmevj.png,guided,1,1.5717752751788674
712,imle/1_fake/00103962.png,imle,1,1.5715154677311118
713,whichfaceisreal/1_fake/image-2019-02-17_002233.jpeg,whichfaceisreal,1,1.5683053617784202
714,stylegan/bedroom/1_fake/077020.png,stylegan,1,1.56742133762443
715,crn/1_fake/100701_output.png,crn,1,1.5663626697959805
716,crn/1_fake/101266_output.png,crn,1,1.5637411602568327
717,crn/1_fake/105352_output.png,crn,1,1.5636169242263716
718,imle/1_fake/00106313.png,imle,1,1.5615597055782475
719,imle/1_fake/00100627.png,imle,1,1.5613476471837258
720,cyclegan/apple/1_fake/n07749192_8661_fake.png,cyclegan,1,1.5612745696064063
721,stylegan2/car/1_fake/000639.png,stylegan2,1,1.5607555281826684
722,gaugan/1_fake/000000489046.png,gaugan,1,1.560326437813857
723,cyclegan/winter/1_fake/2013-08-21 04:54:41_fake.png,cyclegan,1,1.5565599518065576
724,stylegan2/church/1_fake/001993.png,stylegan2,1,1.556017616693957
725,imle/1_fake/00104456.png,imle,1,1.5551631084987363
726,stylegan/cat/1_fake/078964.png,stylegan,1,1.553758850117123
727,gaugan/1_fake/000000445722.png,gaugan,1,1.5467648522326676
728,ldm_100/1_fake/szebyvzlqt.png,ldm_100,1,1.546729948576736
729,dalle/1_fake/etiolecymt.png,dalle,1,1.5464400029083265
730,gaugan/1_fake/000000387148.png,gaugan,1,1.54601028834914
731,stylegan/cat/1_fake/086469.png,stylegan,1,1.5453047363002477
732,crn/1_fake/104539_output.png,crn,1,1.543289189463202
733,stylegan/bedroom/1_fake/021377.png,stylegan,1,1.5420578151532056
734,crn/1_fake/103701_output.png,crn,1,1.542040067003748
735,stargan/1_fake/0186.png,stargan,1,1.5396534699567543
736,whichfaceisreal/1_fake/image-2019-02-17_003150.jpeg,whichfaceisreal,1,1.5394264040915555
737,whichfaceisreal/1_fake/image-2019-02-17_023044.jpeg,whichfaceisreal,1,1.5387279144302073
738,imle/1_fake/00104063.png,imle,1,1.5379392781944017
739,gaugan/1_fake/000000085911.png,gaugan,1,1.5368533642585884
740,imle/1_fake/00101392.png,imle,1,1.5350959683521428
741,whichfaceisreal/1_fake/image-2019-02-17_001059.jpeg,whichfaceisreal,1,1.53420959086733
742,stylegan/cat/1_fake/083672.png,stylegan,1,1.5332782296474745
743,imle/1_fake/00103300.png,imle,1,1.5314080660979088
744,whichfaceisreal/1_fake/image-2019-02-17_001942.jpeg,whichfaceisreal,1,1.531304904348778
745,imle/1_fake/00105042.png,imle,1,1.5282354608547268
746,stylegan/car/1_fake/044145.png,stylegan,1,1.5260441916864134
747,ldm_100/1_fake/onojezltok.png,ldm_100,1,1.5244148671071192
748,crn/1_fake/100495_output.png,crn,1,1.5237526216187578
749,imle/1_fake/00101107.png,imle,1,1.523070262412504
750,stylegan/cat/1_fake/095407.png,stylegan,1,1.5229368534577263
751,stylegan2/horse/1_fake/000076.png,stylegan2,1,1.5201132489586762
752,biggan/1_fake/00263248.png,biggan,1,1.5201085893834476
753,whichfaceisreal/1_fake/image-2019-02-17_004353.jpeg,whichfaceisreal,1,1.519515220455152
754,stargan/1_fake/0313.png,stargan,1,1.5192744582404831
755,ldm_100/1_fake/cmuzaenxtt.png,ldm_100,1,1.5189606980693604
756,imle/1_fake/00101618.png,imle,1,1.5185416735812514
757,ldm_200_cfg/1_fake/likeehktbp.png,ldm_200_cfg,1,1.517994949468108
758,imle/1_fake/00104969.png,imle,1,1.513730595225485
759,stylegan/bedroom/1_fake/076218.png,stylegan,1,1.5127252659761403
760,gaugan/1_fake/000000194471.png,gaugan,1,1.512235925514858
761,stargan/1_fake/1464.png,stargan,1,1.511621901733041
762,imle/1_fake/00103898.png,imle,1,1.510477211331797
763,imle/1_fake/00106044.png,imle,1,1.510433920646174
764,biggan/1_fake/00399579.png,biggan,1,1.5100883260211784
765,crn/1_fake/100175_output.png,crn,1,1.509867635732225
766,imle/1_fake/00102316.png,imle,1,1.5089310170830474
767,stargan/1_fake/0188.png,stargan,1,1.5050845562877777
768,crn/1_fake/100992_output.png,crn,1,1.5049466532634883
769,dalle/1_fake/eqtzpzsbnp.png,dalle,1,1.50248650632048
770,imle/1_fake/00102392.png,imle,1,1.5017445707207138
771,imle/1_fake/00104190.png,imle,1,1.499583162265238
772,imle/1_fake/00106291.png,imle,1,1.4982748641891137
773,biggan/1_fake/00074810.png,biggan,1,1.4982000254866743
774,stylegan2/church/1_fake/000694.png,stylegan2,1,1.4970818739969047
775,imle/1_fake/00104178.png,imle,1,1.4969712508849522
776,crn/1_fake/102049_output.png,crn,1,1.4961389593312135
777,crn/1_fake/100444_output.png,crn,1,1.4940062385462909
778,imle/1_fake/00103472.png,imle,1,1.492301515017284
779,crn/1_fake/101117_output.png,crn,1,1.491974235313399
780,stargan/1_fake/1412.png,stargan,1,1.4915012854478291
781,stylegan2/cat/1_fake/000751.png,stylegan2,1,1.491430706642536
782,stylegan2/cat/1_fake/001116.png,stylegan2,1,1.4912598635385343
783,ldm_200/1_fake/vcsznknzhw.png,ldm_200,1,1.4869764086963333
784,gaugan/1_fake/000000476119.png,gaugan,1,1.485969694861819
785,imle/1_fake/00106018.png,imle,1,1.4850746968961386
786,progan/bird/1_fake/00834.png,progan,1,1.484741947261874
787,imle/1_fake/00103786.png,imle,1,1.4837827834917436
788,gaugan/1_fake/000000153568.png,gaugan,1,1.4831473845958232
789,cyclegan/summer/1_fake/2011-09-23 19:18:00_fake.png,cyclegan,1,1.4819186000605875
790,stargan/1_fake/0195.png,stargan,1,1.4801807726853689
791,dalle/1_fake/dbifuulczh.png,dalle,1,1.479544408739268
792,imle/1_fake/00102416.png,imle,1,1.4789503013901948
793,stylegan/bedroom/1_fake/009803.png,stylegan,1,1.4783720434778498
794,imle/1_fake/00100686.png,imle,1,1.4767381663266783
795,stylegan2/horse/1_fake/001973.png,stylegan2,1,1.4723054858303612
796,stylegan/bedroom/1_fake/083624.png,stylegan,1,1.4721583404609242
797,gaugan/1_fake/000000409211.png,gaugan,1,1.472091042263281
798,stylegan2/horse/1_fake/000566.png,stylegan2,1,1.471813293483844
799,crn/1_fake/106306_output.png,crn,1,1.4699123180819265
800,imle/1_fake/00104701.png,imle,1,1.467654370500698
801,progan/sofa/1_fake/09253.png,progan,1,1.4669907400577518
802,crn/1_fake/102613_output.png,crn,1,1.4652229274861923
803,imle/1_fake/00101271.png,imle,1,1.4638852806247598
804,progan/boat/1_fake/09346.png,progan,1,1.463804188343419
805,stargan/1_fake/1341.png,stargan,1,1.463761395247437
806,imle/1_fake/00103145.png,imle,1,1.4636591548274749
807,imle/1_fake/00100394.png,imle,1,1.4636254350528426
808,gaugan/1_fake/000000574315.png,gaugan,1,1.463132193800767
809,dalle/1_fake/rhwouyajcq.png,dalle,1,1.46215085297493
810,progan/boat/1_fake/07216.png,progan,1,1.461358222605556
811,gaugan/1_fake/000000366611.png,gaugan,1,1.4612460301617962
812,stylegan/cat/1_fake/071838.png,stylegan,1,1.4506245396810922
813,ldm_200/1_fake/sbuowwvzjw.png,ldm_200,1,1.4482214679511178
814,imle/1_fake/00103059.png,imle,1,1.447806649376286
815,ldm_200/1_fake/wjvuvyodzv.png,ldm_200,1,1.4455551659272654
816,stargan/1_fake/1443.png,stargan,1,1.4448230220859035
817,biggan/1_fake/00434444.png,biggan,1,1.4426340984605266
818,stargan/1_fake/0701.png,stargan,1,1.4384841719372117
819,imle/1_fake/00101993.png,imle,1,1.4371751099315988
820,crn/1_fake/102762_output.png,crn,1,1.436275273901713
821,imle/1_fake/00105612.png,imle,1,1.4359655171178396
822,crn/1_fake/100669_output.png,crn,1,1.4347525502225411
823,crn/1_fake/102954_output.png,crn,1,1.434390848244659
824,imle/1_fake/00105208.png,imle,1,1.433743420718558
825,crn/1_fake/105947_output.png,crn,1,1.4334341533282269
826,imle/1_fake/00105178.png,imle,1,1.4325850041416106
827,crn/1_fake/101242_output.png,crn,1,1.4295328191685357
828,imle/1_fake/00106040.png,imle,1,1.4265812969324068
829,gaugan/1_fake/000000087875.png,gaugan,1,1.4262385230490673
830,imle/1_fake/00101546.png,imle,1,1.425726542278
831,dalle/1_fake/lxlphyyeaw.png,dalle,1,1.4254200629148266
832,stargan/1_fake/1403.png,stargan,1,1.4249210359845192
833,ldm_100/1_fake/mrdnzxhmlr.png,ldm_100,1,1.4242575280042462
834,crn/1_fake/100034_output.png,crn,1,1.4235631481978146
835,imle/1_fake/00101705.png,imle,1,1.4215119755859726
836,stylegan/cat/1_fake/073094.png,stylegan,1,1.4201957284520077
837,imle/1_fake/00105831.png,imle,1,1.4201210543607123
838,crn/1_fake/104808_output.png,crn,1,1.4193964019211576
839,crn/1_fake/102033_output.png,crn,1,1.4184124870718022
840,crn/1_fake/102922_output.png,crn,1,1.4163227077866858
841,imle/1_fake/00100634.png,imle,1,1.4158720076970597
842,crn/1_fake/103919_output.png,crn,1,1.4156936144906882
843,imle/1_fake/00106326.png,imle,1,1.4156323833446651
844,imle/1_fake/00103541.png,imle,1,1.4154815670916456
845,imle/1_fake/00104091.png,imle,1,1.4139077782711775
846,stargan/1_fake/1180.png,stargan,1,1.4138033006386503
847,imle/1_fake/00102570.png,imle,1,1.4135868047826343
848,gaugan/1_fake/000000570756.png,gaugan,1,1.4134552452113778
849,imle/1_fake/00104765.png,imle,1,1.413187630137332
850,crn/1_fake/104234_output.png,crn,1,1.4129673307216062
851,imle/1_fake/00105644.png,imle,1,1.4114460226313668
852,imle/1_fake/00103709.png,imle,1,1.411206247122943
853,stylegan2/cat/1_fake/001474.png,stylegan2,1,1.4105920556309126
854,crn/1_fake/102760_output.png,crn,1,1.4095381768198465
855,biggan/1_fake/00380721.png,biggan,1,1.4088911201754135
856,crn/1_fake/100281_output.png,crn,1,1.4082269297604444
857,crn/1_fake/105146_output.png,crn,1,1.4065302972399187
858,imle/1_fake/00104548.png,imle,1,1.405697220539708
859,biggan/1_fake/00523552.png,biggan,1,1.4048843375795363
860,stargan/1_fake/1709.png,stargan,1,1.4037255957839978
861,stargan/1_fake/1712.png,stargan,1,1.403637809480142
862,gaugan/1_fake/000000364297.png,gaugan,1,1.4014309825569051
863,stylegan2/cat/1_fake/001664.png,stylegan2,1,1.401012695113241
864,stargan/1_fake/0825.png,stargan,1,1.400041745111374
865,imle/1_fake/00106003.png,imle,1,1.399989054655188
866,stargan/1_fake/1852.png,stargan,1,1.3985735000077657
867,whichfaceisreal/1_fake/image-2019-02-17_005546.jpeg,whichfaceisreal,1,1.3983517290530705
868,imle/1_fake/00102699.png,imle,1,1.3947029551072714
869,crn/1_fake/100589_output.png,crn,1,1.3943510215316344
870,crn/1_fake/105614_output.png,crn,1,1.3939636866518197
871,crn/1_fake/104974_output.png,crn,1,1.3924964509774922
872,stargan/1_fake/1439.png,stargan,1,1.3908129386534909
873,glide_100_10/1_fake/vipmyyceny.png,glide_100_10,1,1.3902107472832623
874,crn/1_fake/100258_output.png,crn,1,1.388519685106799
875,ldm_200_cfg/1_fake/izuqfuuvtc.png,ldm_200_cfg,1,1.3883936943911954
876,ldm_200/1_fake/ceyagwkqcf.png,ldm_200,1,1.3852439599292374
877,stargan/1_fake/0165.png,stargan,1,1.3846287078561743
878,crn/1_fake/103314_output.png,crn,1,1.3843972738963313
879,stylegan/car/1_fake/036116.png,stylegan,1,1.3836854846206972
880,stylegan2/cat/1_fake/000244.png,stylegan2,1,1.38340413763167
881,glide_50_27/1_fake/surgjkswmj.png,glide_50_27,1,1.3824299245980165
882,stargan/1_fake/1481.png,stargan,1,1.381831186655182
883,stylegan/car/1_fake/010721.png,stylegan,1,1.3792416642616463
884,crn/1_fake/105162_output.png,crn,1,1.3768572040305584
885,stylegan/car/1_fake/061206.png,stylegan,1,1.3765944331571591
886,imle/1_fake/00100958.png,imle,1,1.3747724002927255
887,crn/1_fake/100520_output.png,crn,1,1.374477209505201
888,crn/1_fake/103691_output.png,crn,1,1.3743539389269943
889,crn/1_fake/102804_output.png,crn,1,1.373856387957836
890,whichfaceisreal/1_fake/image-2019-02-17_021131.jpeg,whichfaceisreal,1,1.3737468224552596
891,stylegan2/cat/1_fake/000677.png,stylegan2,1,1.3727687621515148
892,crn/1_fake/102692_output.png,crn,1,1.3722818049991208
893,crn/1_fake/104326_output.png,crn,1,1.3722757216049466
894,stylegan/car/1_fake/053008.png,stylegan,1,1.3709381825251752
895,stylegan/car/1_fake/014697.png,stylegan,1,1.3650985019874045
896,stylegan/bedroom/1_fake/084235.png,stylegan,1,1.3650212000985205
897,crn/1_fake/105554_output.png,crn,1,1.3648973662287849
898,stylegan/car/1_fake/076573.png,stylegan,1,1.363748151835568
899,crn/1_fake/100006_output.png,crn,1,1.3617117604431177
900,crn/1_fake/101764_output.png,crn,1,1.3605708598154074
901,ldm_100/1_fake/ajdylzvnwn.png,ldm_100,1,1.3560216552321784
902,stargan/1_fake/1399.png,stargan,1,1.3559957895442891
903,ldm_200/1_fake/kgmqyotoqo.png,ldm_200,1,1.355392854849172
904,stylegan/cat/1_fake/099485.png,stylegan,1,1.3522993709725446
905,cyclegan/winter/1_fake/2014-08-30 17:14:40_fake.png,cyclegan,1,1.3515595791617565
906,imle/1_fake/00100429.png,imle,1,1.3489686026262189
907,stargan/1_fake/0911.png,stargan,1,1.348553132802003
908,stargan/1_fake/0260.png,stargan,1,1.3483482963176572
909,stylegan2/cat/1_fake/000595.png,stylegan2,1,1.3480172432368405
910,imle/1_fake/00100294.png,imle,1,1.3463295897121297
911,imle/1_fake/00103201.png,imle,1,1.3452944929341994
912,crn/1_fake/100718_output.png,crn,1,1.344898998748107
913,whichfaceisreal/1_fake/image-2019-02-17_030153.jpeg,whichfaceisreal,1,1.3426592726583206
914,cyclegan/winter/1_fake/2016-07-18 17:05:40_fake.png,cyclegan,1,1.3422075472805446
915,stargan/1_fake/1539.png,stargan,1,1.3417778540217264
916,imle/1_fake/00105221.png,imle,1,1.3405194711082098
917,crn/1_fake/103877_output.png,crn,1,1.340388469785001
918,stylegan/cat/1_fake/072893.png,stylegan,1,1.3397425072200264
919,stylegan2/horse/1_fake/001447.png,stylegan2,1,1.3353588936697611
920,imle/1_fake/00103080.png,imle,1,1.334669437790054
921,cyclegan/winter/1_fake/2011-06-09 12:02:20_fake.png,cyclegan,1,1.3320841457042245
922,crn/1_fake/101060_output.png,crn,1,1.3305123981196385
923,crn/1_fake/105757_output.png,crn,1,1.3268438042559452
924,imle/1_fake/00104205.png,imle,1,1.3264170636740862
925,ldm_200/1_fake/ybbbdeihcf.png,ldm_200,1,1.3252167075542798
926,crn/1_fake/101349_output.png,crn,1,1.323294883253511
927,dalle/1_fake/fdklbxclqv.png,dalle,1,1.3227329371054053
928,crn/1_fake/101616_output.png,crn,1,1.320936209688676
929,stargan/1_fake/0764.png,stargan,1,1.3202083317622004
930,stargan/1_fake/0885.png,stargan,1,1.3184981564440066
931,cyclegan/orange/1_fake/n07740461_780_fake.png,cyclegan,1,1.3178091208859883
932,stylegan2/cat/1_fake/000948.png,stylegan2,1,1.3167183877253703
933,ldm_100/1_fake/qaafihkbbk.png,ldm_100,1,1.3160479738131503
934,glide_50_27/1_fake/lqrkxsvuvt.png,glide_50_27,1,1.314765431442133
935,imle/1_fake/00102135.png,imle,1,1.3138524202404454
936,imle/1_fake/00102869.png,imle,1,1.3124844538577545
937,imle/1_fake/00102498.png,imle,1,1.3110237535876368
938,stylegan/car/1_fake/038209.png,stylegan,1,1.3106419460843814
939,imle/1_fake/00104079.png,imle,1,1.3100091933360716
940,crn/1_fake/100353_output.png,crn,1,1.307800542339494
941,stylegan2/horse/1_fake/000940.png,stylegan2,1,1.306010309455781
942,crn/1_fake/102997_output.png,crn,1,1.3012623444253235
943,gaugan/1_fake/000000224337.png,gaugan,1,1.3004301117991297
944,crn/1_fake/100500_output.png,crn,1,1.3001049966073874
945,imle/1_fake/00103652.png,imle,1,1.299884710844681
946,glide_100_27/1_fake/hlwefvuprq.png,glide_100_27,1,1.296798870629328
947,ldm_100/1_fake/paozbcurkw.png,ldm_100,1,1.296779785888442
948,ldm_100/1_fake/sneggiimdk.png,ldm_100,1,1.2965432912476622
949,imle/1_fake/00100132.png,imle,1,1.2952951719549954
950,stylegan/car/1_fake/005664.png,stylegan,1,1.2951631489503188
951,stylegan2/horse/1_fake/000291.png,stylegan2,1,1.294386979303772
952,imle/1_fake/00101780.png,imle,1,1.2915072838479018
953,crn/1_fake/103534_output.png,crn,1,1.2910678873764545
954,stargan/1_fake/1518.png,stargan,1,1.2892013065145356
955,stargan/1_fake/0656.png,stargan,1,1.2865970977384442
956,ldm_100/1_fake/msujwlrujo.png,ldm_100,1,1.2863187398589615
957,ldm_100/1_fake/xoxubdjnhe.png,ldm_100,1,1.2836131006443452
958,crn/1_fake/102307_output.png,crn,1,1.2817616127840894
959,stargan/1_fake/1935.png,stargan,1,1.2788584913271257
960,stylegan/car/1_fake/058728.png,stylegan,1,1.2775848526495737
961,glide_100_10/1_fake/tibxcunvom.png,glide_100_10,1,1.2761450015342577
962,stylegan/car/1_fake/045071.png,stylegan,1,1.2728011203640364
963,progan/tvmonitor/1_fake/16841.png,progan,1,1.2724965928495215
964,crn/1_fake/103355_output.png,crn,1,1.2705253268879613
965,imle/1_fake/00100659.png,imle,1,1.269546073226529
966,stylegan/cat/1_fake/095132.png,stylegan,1,1.2690751997225544
967,ldm_100/1_fake/wmgazqjjux.png,ldm_100,1,1.2689290568197054
968,stylegan2/horse/1_fake/000435.png,stylegan2,1,1.2673437028515664
969,stylegan/car/1_fake/088487.png,stylegan,1,1.2669882005915225
970,imle/1_fake/00101315.png,imle,1,1.266975127760274
971,ldm_100/1_fake/yytnnkmkun.png,ldm_100,1,1.2668362925925944
972,crn/1_fake/105061_output.png,crn,1,1.2665951773020208
973,whichfaceisreal/1_fake/image-2019-02-17_022801.jpeg,whichfaceisreal,1,1.2665338860923443
974,imle/1_fake/00101303.png,imle,1,1.2661456103353204
975,imle/1_fake/00104989.png,imle,1,1.265142123662081
976,stargan/1_fake/1809.png,stargan,1,1.2650325571221284
977,crn/1_fake/101454_output.png,crn,1,1.2603073014298527
978,stylegan/cat/1_fake/081760.png,stylegan,1,1.2601090942127735
979,imle/1_fake/00104054.png,imle,1,1.259698148220052
980,imle/1_fake/00106002.png,imle,1,1.2591941971293763
981,stylegan/bedroom/1_fake/099762.png,stylegan,1,1.255946286384828
982,glide_100_27/1_fake/mgeezotzdw.png,glide_100_27,1,1.2547820499762907
983,imle/1_fake/00103479.png,imle,1,1.2519760894059333
984,stargan/1_fake/0594.png,stargan,1,1.2504485132114893
985,imle/1_fake/00101306.png,imle,1,1.2480299015952363
986,cyclegan/apple/1_fake/n07749192_6811_fake.png,cyclegan,1,1.2453229173907128
987,imle/1_fake/00106046.png,imle,1,1.244108450219807
988,crn/1_fake/105187_output.png,crn,1,1.2440504104947885
989,crn/1_fake/101593_output.png,crn,1,1.2437098167097975
990,imle/1_fake/00100332.png,imle,1,1.2428966888399713
991,stylegan2/car/1_fake/001203.png,stylegan2,1,1.2402511247831385
992,crn/1_fake/103491_output.png,crn,1,1.2397006495074534
993,ldm_100/1_fake/ybpiflwjwj.png,ldm_100,1,1.2395904609826314
994,crn/1_fake/100458_output.png,crn,1,1.2395795651249124
995,imle/1_fake/00102537.png,imle,1,1.239055717725848
996,crn/1_fake/103854_output.png,crn,1,1.2377724978654645
997,stylegan/car/1_fake/044689.png,stylegan,1,1.2371446395202157
998,crn/1_fake/100901_output.png,crn,1,1.23608904936973
999,imle/1_fake/00105176.png,imle,1,1.2355004426852565
1000,crn/1_fake/102594_output.png,crn,1,1.2347759831215352
1001,deepfake/1_fake/418_507_0251.png,deepfake,1,1.232113156703192
1002,stylegan/cat/1_fake/089124.png,stylegan,1,1.2306850902064983
1003,imle/1_fake/00102066.png,imle,1,1.2268862258085838
1004,stylegan2/horse/1_fake/000863.png,stylegan2,1,1.2263465518716978
1005,crn/1_fake/102288_output.png,crn,1,1.2227593110196258
1006,stylegan2/horse/1_fake/001867.png,stylegan2,1,1.2223791712602958
1007,stargan/1_fake/0256.png,stargan,1,1.2204715424164057
1008,imle/1_fake/00105384.png,imle,1,1.2196062716139977
1009,stargan/1_fake/0804.png,stargan,1,1.2179952510643832
1010,ldm_200_cfg/1_fake/bicflvshvw.png,ldm_200_cfg,1,1.2170184433219418
1011,whichfaceisreal/1_fake/image-2019-02-17_021351.jpeg,whichfaceisreal,1,1.216829686205421
1012,imle/1_fake/00103623.png,imle,1,1.2156628415746114
1013,crn/1_fake/102631_output.png,crn,1,1.2128410609716525
1014,crn/1_fake/105729_output.png,crn,1,1.2126288006502646
1015,crn/1_fake/100463_output.png,crn,1,1.2112756246431131
1016,stargan/1_fake/1948.png,stargan,1,1.2108472289622738
1017,imle/1_fake/00104710.png,imle,1,1.2090028067952967
1018,stylegan/cat/1_fake/085333.png,stylegan,1,1.2081504625473536
1019,stargan/1_fake/0463.png,stargan,1,1.2072117939530953
1020,stylegan2/horse/1_fake/001888.png,stylegan2,1,1.206739830638576
1021,progan/bicycle/1_fake/03634.png,progan,1,1.2060667505090477
1022,stylegan2/cat/1_fake/000080.png,stylegan2,1,1.2026951316843022
1023,stylegan2/cat/1_fake/001694.png,stylegan2,1,1.2019012113411858
1024,crn/1_fake/105123_output.png,crn,1,1.2010035671264288
1025,imle/1_fake/00104110.png,imle,1,1.199449888258605
1026,crn/1_fake/104770_output.png,crn,1,1.1969821852343236
1027,glide_50_27/1_fake/ypvdkreobg.png,glide_50_27,1,1.1966573427567728
1028,stylegan2/horse/1_fake/000604.png,stylegan2,1,1.196045358858712
1029,crn/1_fake/102671_output.png,crn,1,1.1941733256033906
1030,crn/1_fake/106301_output.png,crn,1,1.1934534360637468
1031,crn/1_fake/105137_output.png,crn,1,1.192780453364813
1032,imle/1_fake/00105765.png,imle,1,1.1925265687109723
1033,stylegan/car/1_fake/050505.png,stylegan,1,1.1915408690605866
1034,imle/1_fake/00105546.png,imle,1,1.1886000982667106
1035,crn/1_fake/100219_output.png,crn,1,1.1883185084353711
1036,whichfaceisreal/1_fake/image-2019-02-17_021307.jpeg,whichfaceisreal,1,1.188270970859694
1037,crn/1_fake/103088_output.png,crn,1,1.1879798946908642
1038,stargan/1_fake/0000.png,stargan,1,1.1850287528879382
1039,imle/1_fake/00105668.png,imle,1,1.184220554925669
1040,imle/1_fake/00100789.png,imle,1,1.1837071750730543
1041,progan/car/1_fake/16996.png,progan,1,1.1830896577768089
1042,imle/1_fake/00104907.png,imle,1,1.182269142891841
1043,crn/1_fake/103480_output.png,crn,1,1.1821171695109425
1044,crn/1_fake/100453_output.png,crn,1,1.179982515536859
1045,imle/1_fake/00103168.png,imle,1,1.179461343520381
1046,cyclegan/orange/1_fake/n07740461_2500_fake.png,cyclegan,1,1.177992033866886
1047,imle/1_fake/00104613.png,imle,1,1.1767774740181234
1048,imle/1_fake/00102096.png,imle,1,1.175240265112279
1049,crn/1_fake/103162_output.png,crn,1,1.1749560920515156
1050,stylegan2/cat/1_fake/000516.png,stylegan2,1,1.1722919313663305
1051,crn/1_fake/100763_output.png,crn,1,1.1713910292876752
1052,crn/1_fake/105105_output.png,crn,1,1.1688415414450528
1053,crn/1_fake/102583_output.png,crn,1,1.168342003540417
1054,cyclegan/zebra/1_fake/n02381460_5090_fake.png,cyclegan,1,1.1616001103279898
1055,crn/1_fake/104975_output.png,crn,1,1.1615773176848487
1056,crn/1_fake/101102_output.png,crn,1,1.157834121149271
1057,deepfake/1_fake/479_706_0339.png,deepfake,1,1.156459189522739
1058,biggan/1_fake/00027239.png,biggan,1,1.1513074890883646
1059,stylegan/bedroom/1_fake/088558.png,stylegan,1,1.1504954817596185
1060,imle/1_fake/00103727.png,imle,1,1.1493756420036725
1061,crn/1_fake/101267_output.png,crn,1,1.149081645843513
1062,crn/1_fake/105361_output.png,crn,1,1.1486672039226116
1063,ldm_200/1_fake/xqyjzhnfqu.png,ldm_200,1,1.1466640083642692
1064,crn/1_fake/104149_output.png,crn,1,1.146229358567969
1065,crn/1_fake/101697_output.png,crn,1,1.1454329184061425
1066,crn/1_fake/101511_output.png,crn,1,1.144323214433624
1067,progan/sofa/1_fake/01602.png,progan,1,1.1441421250797217
1068,crn/1_fake/102287_output.png,crn,1,1.141764990730767
1069,imle/1_fake/00105684.png,imle,1,1.138579856566639
1070,crn/1_fake/102255_output.png,crn,1,1.1374568407839911
1071,crn/1_fake/104332_output.png,crn,1,1.1353896849552747
1072,stylegan/car/1_fake/010576.png,stylegan,1,1.1323451144695122
1073,crn/1_fake/100432_output.png,crn,1,1.1321307671921428
1074,crn/1_fake/104494_output.png,crn,1,1.1313278330863237
1075,whichfaceisreal/1_fake/image-2019-02-17_022030.jpeg,whichfaceisreal,1,1.1309692553946833
1076,crn/1_fake/102142_output.png,crn,1,1.1306316695493692
1077,crn/1_fake/101545_output.png,crn,1,1.1282876653241216
1078,progan/cat/1_fake/07156.png,progan,1,1.127969094414841
1079,stylegan/car/1_fake/071486.png,stylegan,1,1.127447128546781
1080,crn/1_fake/102625_output.png,crn,1,1.1247116255145333
1081,imle/1_fake/00104994.png,imle,1,1.12419335942127
1082,imle/1_fake/00104530.png,imle,1,1.1230936932509357
1083,ldm_200/1_fake/myjibkfcjw.png,ldm_200,1,1.1225525631619833
1084,crn/1_fake/105864_output.png,crn,1,1.1223382830690702
1085,ldm_100/1_fake/gtidkpfxcc.png,ldm_100,1,1.121182300054939
1086,stargan/1_fake/0777.png,stargan,1,1.1194424764527535
1087,glide_50_27/1_fake/mlxvdfndsh.png,glide_50_27,1,1.1182618207434305
1088,crn/1_fake/101153_output.png,crn,1,1.1173395747986743
1089,crn/1_fake/101232_output.png,crn,1,1.1165781115757798
1090,crn/1_fake/102714_output.png,crn,1,1.1149517699355456
1091,stylegan2/cat/1_fake/000239.png,stylegan2,1,1.1128118297459828
1092,cyclegan/winter/1_fake/2013-07-11 11:43:11_fake.png,cyclegan,1,1.1108359781159538
1093,dalle/1_fake/awjhtixyqd.png,dalle,1,1.1099137856540595
1094,imle/1_fake/00101384.png,imle,1,1.1054039007389895
1095,imle/1_fake/00104947.png,imle,1,1.1017234870675852
1096,ldm_100/1_fake/vpruwhsipu.png,ldm_100,1,1.1015430295341289
1097,imle/1_fake/00104537.png,imle,1,1.1014892777398375
1098,crn/1_fake/101433_output.png,crn,1,1.0998090107027825
1099,stylegan2/horse/1_fake/000839.png,stylegan2,1,1.0996697487706255
1100,ldm_200/1_fake/xxxlutdoia.png,ldm_200,1,1.099660505410767
1101,dalle/1_fake/qwawgjhkcz.png,dalle,1,1.0988909035895047
1102,crn/1_fake/103326_output.png,crn,1,1.0988128769707906
1103,crn/1_fake/104754_output.png,crn,1,1.096861396040678
1104,stylegan2/horse/1_fake/001182.png,stylegan2,1,1.0962075024950928
1105,ldm_200/1_fake/mizxozzqsb.png,ldm_200,1,1.0958507645819555
1106,crn/1_fake/106101_output.png,crn,1,1.0934870363851896
1107,stylegan2/horse/1_fake/001800.png,stylegan2,1,1.092203504653713
1108,glide_100_27/1_fake/kxyebvmqsl.png,glide_100_27,1,1.0913578023911925
1109,crn/1_fake/102453_output.png,crn,1,1.089142629440956
1110,stylegan2/church/1_fake/000677.png,stylegan2,1,1.0890861440478798
1111,crn/1_fake/101748_output.png,crn,1,1.0861120359482774
1112,crn/1_fake/100383_output.png,crn,1,1.084025567528736
1113,biggan/1_fake/00454657.png,biggan,1,1.0817419570339797
1114,stylegan2/car/1_fake/000111.png,stylegan2,1,1.080794621399865
1115,progan/motorbike/1_fake/13472.png,progan,1,1.0804192751093469
1116,glide_50_27/1_fake/irrlegedjp.png,glide_50_27,1,1.080063296194524
1117,crn/1_fake/101255_output.png,crn,1,1.0792221184763533
1118,crn/1_fake/102093_output.png,crn,1,1.079192397250163
1119,crn/1_fake/104904_output.png,crn,1,1.0781255222902175
1120,crn/1_fake/103594_output.png,crn,1,1.0721958698244216
1121,stargan/1_fake/1995.png,stargan,1,1.0719204012530328
1122,stargan/1_fake/1682.png,stargan,1,1.0713676727458372
1123,crn/1_fake/104199_output.png,crn,1,1.0712816158081548
1124,crn/1_fake/100955_output.png,crn,1,1.0689734327191522
1125,crn/1_fake/100694_output.png,crn,1,1.0678439615247732
1126,imle/1_fake/00100086.png,imle,1,1.067826112571214
1127,stargan/1_fake/0299.png,stargan,1,1.066931547995122
1128,ldm_200/1_fake/sinwhncecv.png,ldm_200,1,1.0664935246843927
1129,imle/1_fake/00101199.png,imle,1,1.065456527273618
1130,crn/1_fake/106378_output.png,crn,1,1.0647625136988037
1131,imle/1_fake/00103090.png,imle,1,1.0646880688227616
1132,imle/1_fake/00103079.png,imle,1,1.0640446028652728
1133,crn/1_fake/103344_output.png,crn,1,1.063199302691308
1134,crn/1_fake/101970_output.png,crn,1,1.062930887731297
1135,crn/1_fake/102066_output.png,crn,1,1.0617036561842237
1136,stylegan/bedroom/1_fake/009626.png,stylegan,1,1.0606483560229627
1137,dalle/1_fake/zxaydtvcbx.png,dalle,1,1.0586712409596075
1138,crn/1_fake/100542_output.png,crn,1,1.0568497283516258
1139,stargan/1_fake/0278.png,stargan,1,1.0554307061727175
1140,stargan/1_fake/1851.png,stargan,1,1.0544369595471437
1141,crn/1_fake/100519_output.png,crn,1,1.0535569781345668
1142,crn/1_fake/104128_output.png,crn,1,1.0525248872476327
1143,stylegan/car/1_fake/045985.png,stylegan,1,1.0522056324352984
1144,crn/1_fake/105626_output.png,crn,1,1.0503400686391613
1145,stylegan2/church/1_fake/001282.png,stylegan2,1,1.0474943445992289
1146,stylegan/bedroom/1_fake/001714.png,stylegan,1,1.0471661563896555
1147,ldm_200/1_fake/ucxiudybpx.png,ldm_200,1,1.0446782616289711
1148,crn/1_fake/101792_output.png,crn,1,1.0439005482026762
1149,ldm_200/1_fake/xbftnrscst.png,ldm_200,1,1.0406449098104895
1150,cyclegan/horse/1_fake/n02391049_10210_fake.png,cyclegan,1,1.040011800163588
1151,crn/1_fake/104529_output.png,crn,1,1.0392268758956966
1152,crn/1_fake/103991_output.png,crn,1,1.0389337716248797
1153,guided/1_fake/ukoxsbspvb.png,guided,1,1.0323877269128814
1154,crn/1_fake/104579_output.png,crn,1,1.0315978748309809
1155,stylegan/cat/1_fake/097432.png,stylegan,1,1.0311783428366703
1156,progan/bottle/1_fake/09850.png,progan,1,1.030370801885767
1157,cyclegan/winter/1_fake/2014-08-24 15:57:50_fake.png,cyclegan,1,1.030052721390615
1158,dalle/1_fake/oddyrvltgg.png,dalle,1,1.0300337648415765
1159,imle/1_fake/00105225.png,imle,1,1.0293088175879903
1160,imle/1_fake/00101086.png,imle,1,1.0259796271589008
1161,progan/sofa/1_fake/01167.png,progan,1,1.0252374461097704
1162,imle/1_fake/00103994.png,imle,1,1.022560984541359
1163,stylegan2/church/1_fake/000515.png,stylegan2,1,1.0215469310941812
1164,imle/1_fake/00102165.png,imle,1,1.019283998776462
1165,stargan/1_fake/1359.png,stargan,1,1.0182148022657629
1166,imle/1_fake/00103441.png,imle,1,1.0142597535526654
1167,imle/1_fake/00102027.png,imle,1,1.012777775232177
1168,crn/1_fake/105750_output.png,crn,1,1.0118061353389347
1169,imle/1_fake/00103595.png,imle,1,1.0111338794119802
1170,stylegan2/cat/1_fake/001392.png,stylegan2,1,1.0079630084483244
1171,ldm_100/1_fake/aakydlwfer.png,ldm_100,1,1.00419026285954
1172,imle/1_fake/00106151.png,imle,1,1.002889865834226
1173,stylegan/car/1_fake/016549.png,stylegan,1,1.0021170496310412
1174,glide_50_27/1_fake/zzrnxnjzyx.png,glide_50_27,1,0.997590238345664
1175,cyclegan/winter/1_fake/2013-07-19 20:17:50_fake.png,cyclegan,1,0.9974503888894746
1176,gaugan/0_real/000000449661.png,gaugan,0,0.9970790147233912
1177,imle/1_fake/00105143.png,imle,1,0.9963322369860576
1178,crn/1_fake/102709_output.png,crn,1,0.9942617362952396
1179,stylegan2/church/1_fake/000109.png,stylegan2,1,0.992068169458174
1180,stylegan2/cat/1_fake/001661.png,stylegan2,1,0.9895010829341218
1181,crn/1_fake/105980_output.png,crn,1,0.986796355368338
1182,crn/1_fake/105820_output.png,crn,1,0.9856665803620636
1183,crn/1_fake/105322_output.png,crn,1,0.9818490058621888
1184,crn/1_fake/106000_output.png,crn,1,0.9810586645677052
1185,crn/1_fake/103401_output.png,crn,1,0.9757871442407366
1186,crn/1_fake/102719_output.png,crn,1,0.9745297849848902
1187,ldm_200/1_fake/shyyqqechu.png,ldm_200,1,0.9732381825245248
1188,glide_100_27/1_fake/oegbyamziq.png,glide_100_27,1,0.9732095342947232
1189,imle/1_fake/00102046.png,imle,1,0.9730160393363892
1190,stylegan2/church/1_fake/001001.png,stylegan2,1,0.9717092947627852
1191,crn/1_fake/101969_output.png,crn,1,0.969060637994034
1192,crn/1_fake/100072_output.png,crn,1,0.9688947022401224
1193,deepfake/1_fake/951_947_1006.png,deepfake,1,0.96691941268554
1194,stylegan2/church/1_fake/001578.png,stylegan2,1,0.9636905856433045
1195,glide_100_27/1_fake/guljtnkdnj.png,glide_100_27,1,0.9630290729024646
1196,crn/1_fake/103861_output.png,crn,1,0.9620864869645364
1197,crn/1_fake/105933_output.png,crn,1,0.961655703738466
1198,crn/1_fake/105663_output.png,crn,1,0.960805085042668
1199,stylegan/bedroom/1_fake/032758.png,stylegan,1,0.9594850510595584
1200,crn/1_fake/105759_output.png,crn,1,0.9565242638523022
1201,ldm_200_cfg/1_fake/nhcqvlreou.png,ldm_200_cfg,1,0.9523541257241114
1202,stylegan/bedroom/1_fake/091464.png,stylegan,1,0.9492563698993646
1203,crn/1_fake/103204_output.png,crn,1,0.94764942893647
1204,stylegan2/church/1_fake/001402.png,stylegan2,1,0.942549133274971
1205,stylegan/bedroom/1_fake/006278.png,stylegan,1,0.9401081387227797
1206,progan/pottedplant/1_fake/03711.png,progan,1,0.9380875819270617
1207,stylegan/bedroom/1_fake/094284.png,stylegan,1,0.937237946977097
1208,crn/1_fake/102848_output.png,crn,1,0.9355235916103296
1209,stylegan2/cat/1_fake/001757.png,stylegan2,1,0.9355016307714674
1210,crn/1_fake/103563_output.png,crn,1,0.9345245078334288
1211,guided/1_fake/tknxjephgy.png,guided,1,0.9335974829957822
1212,crn/1_fake/104845_output.png,crn,1,0.931557305609286
1213,stylegan/cat/1_fake/073479.png,stylegan,1,0.930851666085712
1214,stylegan2/cat/1_fake/001909.png,stylegan2,1,0.9301523213697946
1215,whichfaceisreal/0_real/00004.jpeg,whichfaceisreal,0,0.929648156822598
1216,stylegan/bedroom/1_fake/058039.png,stylegan,1,0.9255286113722276
1217,crn/1_fake/101947_output.png,crn,1,0.9250103356064197
1218,crn/1_fake/105825_output.png,crn,1,0.9248116746406057
1219,stylegan/car/1_fake/038778.png,stylegan,1,0.9228320214941584
1220,deepfake/1_fake/488_399_0477.png,deepfake,1,0.9202843989644404
1221,imle/1_fake/00106320.png,imle,1,0.9156884782428216
1222,imle/1_fake/00102105.png,imle,1,0.9142625634464038
1223,crn/1_fake/104962_output.png,crn,1,0.91422562673585
1224,cyclegan/apple/1_fake/n07749192_5101_fake.png,cyclegan,1,0.9134372849539116
1225,stylegan/car/1_fake/023989.png,stylegan,1,0.9122885784448392
1226,crn/1_fake/103116_output.png,crn,1,0.9092602276043924
1227,ldm_200/1_fake/touiowfclv.png,ldm_200,1,0.908169281451058
1228,ldm_200_cfg/1_fake/uqgovdwcrr.png,ldm_200_cfg,1,0.9067062953476972
1229,crn/1_fake/102222_output.png,crn,1,0.9060540224971798
1230,crn/1_fake/102425_output.png,crn,1,0.905350387753062
1231,imle/1_fake/00104255.png,imle,1,0.9025861063624052
1232,stylegan/car/1_fake/094728.png,stylegan,1,0.8976275915577203
1233,ldm_100/1_fake/jqihknjmkf.png,ldm_100,1,0.8937889749710091
1234,crn/1_fake/101148_output.png,crn,1,0.8935082202721014
1235,crn/1_fake/100260_output.png,crn,1,0.8908788876466804
1236,glide_100_27/1_fake/ffuzczfqav.png,glide_100_27,1,0.8902009556372685
1237,ldm_200/1_fake/ficowhhyiy.png,ldm_200,1,0.8889727996895923
1238,stylegan/car/1_fake/098834.png,stylegan,1,0.8886473272500662
1239,crn/1_fake/102205_output.png,crn,1,0.8875920935904988
1240,crn/1_fake/100365_output.png,crn,1,0.8851464802539953
1241,crn/1_fake/103783_output.png,crn,1,0.8834797859240309
1242,crn/1_fake/105566_output.png,crn,1,0.8819290526347168
1243,crn/1_fake/104886_output.png,crn,1,0.8818285217367094
1244,imle/1_fake/00103161.png,imle,1,0.8814974247613155
1245,crn/1_fake/105517_output.png,crn,1,0.8810178828928312
1246,crn/1_fake/104016_output.png,crn,1,0.8798819801403116
1247,seeingdark/0_real/10006_00_250_gt.png,seeingdark,0,0.8792250270879789
1248,crn/1_fake/104196_output.png,crn,1,0.873241644601735
1249,ldm_100/1_fake/zaqfmruinv.png,ldm_100,1,0.8710323916879477
1250,glide_50_27/1_fake/bbdiioaqyn.png,glide_50_27,1,0.8704866637278361
1251,imle/1_fake/00103104.png,imle,1,0.8699816947414558
1252,crn/1_fake/101014_output.png,crn,1,0.86526858289753
1253,ldm_200_cfg/1_fake/ukoxsbspvb.png,ldm_200_cfg,1,0.8638162955032218
1254,crn/1_fake/101905_output.png,crn,1,0.8632325729919857
1255,stylegan/car/1_fake/074302.png,stylegan,1,0.8618749335094509
1256,ldm_200_cfg/1_fake/tfubqflahj.png,ldm_200_cfg,1,0.858501399346123
1257,stylegan2/church/1_fake/001423.png,stylegan2,1,0.8577526892449129
1258,stylegan/car/1_fake/095319.png,stylegan,1,0.8531972492484292
1259,stylegan2/horse/1_fake/000772.png,stylegan2,1,0.8531511513234156
1260,glide_50_27/1_fake/jirfxpsjiz.png,glide_50_27,1,0.85114662578802
1261,crn/1_fake/104644_output.png,crn,1,0.8498679373229627
1262,glide_50_27/1_fake/rjdnzhbvwc.png,glide_50_27,1,0.8488998209466628
1263,crn/1_fake/100861_output.png,crn,1,0.84718637047188
1264,crn/1_fake/104428_output.png,crn,1,0.8453125063637128
1265,stylegan2/church/1_fake/001414.png,stylegan2,1,0.8439132434967751
1266,imle/1_fake/00100150.png,imle,1,0.8413066455945122
1267,crn/1_fake/104723_output.png,crn,1,0.840518588537772
1268,stylegan/bedroom/1_fake/015541.png,stylegan,1,0.8387076014852817
1269,biggan/1_fake/00285931.png,biggan,1,0.832958542359977
1270,imle/1_fake/00102115.png,imle,1,0.8300170586199781
1271,stylegan2/cat/1_fake/000228.png,stylegan2,1,0.8293903062500527
1272,imle/0_real/00104234.png,imle,0,0.8274919696498757
1273,crn/1_fake/103742_output.png,crn,1,0.8216118823670404
1274,stylegan/car/1_fake/013172.png,stylegan,1,0.8216068281812436
1275,dalle/1_fake/njslnjximf.png,dalle,1,0.8209025872978996
1276,ldm_100/1_fake/yrantjwhqk.png,ldm_100,1,0.8199628501397
1277,crn/1_fake/102552_output.png,crn,1,0.8190823294889688
1278,stylegan2/church/1_fake/000803.png,stylegan2,1,0.8152061839601165
1279,crn/1_fake/105166_output.png,crn,1,0.8150073421080939
1280,crn/1_fake/102927_output.png,crn,1,0.8127455277283602
1281,imle/1_fake/00100698.png,imle,1,0.8122132657490169
1282,crn/1_fake/105072_output.png,crn,1,0.8121939552628391
1283,stylegan/car/1_fake/021068.png,stylegan,1,0.8070901959059886
1284,crn/1_fake/100272_output.png,crn,1,0.8053118370032695
1285,ldm_200_cfg/1_fake/okuolqaypa.png,ldm_200_cfg,1,0.8047430769264753
1286,dalle/1_fake/uxbgzfafqm.png,dalle,1,0.8006957767665573
1287,stargan/1_fake/1292.png,stargan,1,0.8004917991437894
1288,stylegan2/church/1_fake/000084.png,stylegan2,1,0.8003780599763608
1289,ldm_200_cfg/1_fake/ofgvdkgdnd.png,ldm_200_cfg,1,0.7995825227001229
1290,dalle/1_fake/pcudblgobu.png,dalle,1,0.7957681714816967
1291,glide_100_27/1_fake/llbqajpkux.png,glide_100_27,1,0.7922802507842885
1292,crn/1_fake/103887_output.png,crn,1,0.7922752562402461
1293,stylegan2/horse/1_fake/001219.png,stylegan2,1,0.7916082417801896
1294,gaugan/0_real/000000095155.png,gaugan,0,0.7887982430038558
1295,stylegan2/horse/1_fake/000270.png,stylegan2,1,0.7872245212322433
1296,stylegan2/church/1_fake/000367.png,stylegan2,1,0.7871525050845183
1297,crn/1_fake/101319_output.png,crn,1,0.7861874515473846
1298,ldm_100/1_fake/tibxcunvom.png,ldm_100,1,0.7834215515588594
1299,crn/1_fake/103497_output.png,crn,1,0.7805570070726391
1300,stylegan/bedroom/1_fake/028643.png,stylegan,1,0.7792430582874794
1301,stylegan/bedroom/1_fake/015292.png,stylegan,1,0.7774813082301826
1302,imle/1_fake/00102130.png,imle,1,0.7761184462703942
1303,crn/1_fake/102690_output.png,crn,1,0.7753809058207974
1304,deepfake/1_fake/223_586_0203.png,deepfake,1,0.773394059194551
1305,glide_100_27/1_fake/xvrgnnvmdu.png,glide_100_27,1,0.7728550312065683
1306,crn/1_fake/102573_output.png,crn,1,0.7709260644121416
1307,crn/1_fake/104700_output.png,crn,1,0.7674491172639508
1308,dalle/1_fake/dimuqznulw.png,dalle,1,0.7664726134359181
1309,dalle/1_fake/osigoexsbv.png,dalle,1,0.7616013753383629
1310,guided/1_fake/ttfwqkviia.png,guided,1,0.7612237453921671
1311,stylegan2/church/1_fake/000612.png,stylegan2,1,0.758018331250917
1312,stylegan2/cat/1_fake/001754.png,stylegan2,1,0.7546613753911151
1313,ldm_100/1_fake/hhlwjuqsbz.png,ldm_100,1,0.7533736660317017
1314,glide_50_27/1_fake/aofcqpcyfk.png,glide_50_27,1,0.7525925389864676
1315,stargan/1_fake/1517.png,stargan,1,0.7520521913939642
1316,stylegan2/car/1_fake/000805.png,stylegan2,1,0.7517836027921668
1317,stylegan2/horse/1_fake/000681.png,stylegan2,1,0.7498525660548618
1318,crn/1_fake/100083_output.png,crn,1,0.749213709001131
1319,stylegan2/horse/1_fake/000442.png,stylegan2,1,0.747733521774939
1320,ldm_200/1_fake/likeehktbp.png,ldm_200,1,0.7460095111233674
1321,stylegan2/car/1_fake/000428.png,stylegan2,1,0.7454006199092724
1322,crn/1_fake/101567_output.png,crn,1,0.7453820603066074
1323,crn/1_fake/103937_output.png,crn,1,0.7452741970022745
1324,imle/1_fake/00104486.png,imle,1,0.7437706778451184
1325,stylegan/bedroom/1_fake/089681.png,stylegan,1,0.7424134733629879
1326,crn/1_fake/106354_output.png,crn,1,0.7416205690470333
1327,stylegan/cat/1_fake/095261.png,stylegan,1,0.7359303599306041
1328,imle/0_real/00104814.png,imle,0,0.7346384703258078
1329,crn/1_fake/104505_output.png,crn,1,0.7313084220753714
1330,ldm_200/1_fake/jzpjgkemjx.png,ldm_200,1,0.7312702175407344
1331,crn/0_real/00104697.png,crn,0,0.7307642504014455
1332,stylegan2/church/1_fake/001138.png,stylegan2,1,0.7305246843769817
1333,ldm_200_cfg/1_fake/ybbbdeihcf.png,ldm_200_cfg,1,0.7286627663162268
1334,crn/1_fake/101592_output.png,crn,1,0.7273483373515617
1335,glide_100_10/1_fake/shkxdbeqpn.png,glide_100_10,1,0.7203334392489336
1336,dalle/1_fake/ftojusbwcq.png,dalle,1,0.7197881728171871
1337,crn/1_fake/105570_output.png,crn,1,0.7171453246201934
1338,imle/0_real/00100917.png,imle,0,0.716944586661464
1339,ldm_100/1_fake/bucfscjvsb.png,ldm_100,1,0.7161227985528782
1340,glide_50_27/1_fake/bbmeviacjm.png,glide_50_27,1,0.7154350298704819
1341,stylegan2/car/1_fake/000966.png,stylegan2,1,0.7139074183410551
1342,crn/1_fake/105798_output.png,crn,1,0.7123851754701156
1343,glide_50_27/1_fake/qsndeimedb.png,glide_50_27,1,0.7115411319064902
1344,stylegan/car/1_fake/054587.png,stylegan,1,0.7110476189108973
1345,crn/1_fake/101787_output.png,crn,1,0.709783434001803
1346,stylegan/bedroom/1_fake/079826.png,stylegan,1,0.7097275351817351
1347,crn/1_fake/100387_output.png,crn,1,0.7095824672182199
1348,crn/1_fake/105721_output.png,crn,1,0.7056795060995786
1349,crn/1_fake/104942_output.png,crn,1,0.7048328955345871
1350,ldm_200_cfg/1_fake/sepihwqglu.png,ldm_200_cfg,1,0.7030593981285459
1351,stylegan2/church/1_fake/000082.png,stylegan2,1,0.6945169491871248
1352,stylegan/car/1_fake/039061.png,stylegan,1,0.6883164641302882
1353,imle/0_real/00101891.png,imle,0,0.6852267837650149
1354,stylegan2/cat/1_fake/001269.png,stylegan2,1,0.6779711439787163
1355,crn/1_fake/101348_output.png,crn,1,0.6738818975557297
1356,stylegan/bedroom/1_fake/092585.png,stylegan,1,0.6715370215129387
1357,dalle/1_fake/asxtxajrfc.png,dalle,1,0.6696215382249837
1358,stylegan/bedroom/1_fake/008598.png,stylegan,1,0.6690226091754804
1359,dalle/1_fake/msccvtyrqo.png,dalle,1,0.6675848531824284
1360,stylegan2/horse/1_fake/000164.png,stylegan2,1,0.6644412311007133
1361,ldm_200_cfg/1_fake/zdteumqsqf.png,ldm_200_cfg,1,0.6639300866922045
1362,stylegan2/cat/1_fake/000173.png,stylegan2,1,0.661610355622046
1363,stylegan/cat/1_fake/080751.png,stylegan,1,0.6567231275661466
1364,glide_100_27/1_fake/ttfwqkviia.png,glide_100_27,1,0.6562463942706181
1365,stylegan2/church/1_fake/000911.png,stylegan2,1,0.6561177926558739
1366,ldm_200/1_fake/hrayggkgxb.png,ldm_200,1,0.6535534398962206
1367,progan/train/1_fake/04426.png,progan,1,0.6524193520931016
1368,crn/1_fake/101490_output.png,crn,1,0.6487495823732428
1369,stylegan2/church/1_fake/001539.png,stylegan2,1,0.6472825271444892
1370,stylegan/bedroom/1_fake/099075.png,stylegan,1,0.6467337433511494
1371,stylegan2/cat/1_fake/000377.png,stylegan2,1,0.6459878008174533
1372,crn/1_fake/104088_output.png,crn,1,0.6458851280220792
1373,crn/1_fake/104451_output.png,crn,1,0.6454763144011239
1374,crn/1_fake/102369_output.png,crn,1,0.6410070470155096
1375,stylegan/car/1_fake/048418.png,stylegan,1,0.6408028354561379
1376,crn/1_fake/103807_output.png,crn,1,0.6407342109033543
1377,ldm_100/1_fake/dncoarxujc.png,ldm_100,1,0.6375204660601379
1378,deepfake/1_fake/633_529_0444.png,deepfake,1,0.6364993853880014
1379,imle/0_real/00105555.png,imle,0,0.6315575703162516
1380,ldm_100/1_fake/vrwfguctin.png,ldm_100,1,0.629847793534473
1381,crn/1_fake/105020_output.png,crn,1,0.6283178966306159
1382,crn/1_fake/105248_output.png,crn,1,0.6279634975889874
1383,stylegan/car/1_fake/053627.png,stylegan,1,0.6263464339327998
1384,crn/1_fake/101828_output.png,crn,1,0.6259289666906357
1385,glide_50_27/1_fake/ikidgqmbia.png,glide_50_27,1,0.6245183862566791
1386,glide_100_27/1_fake/kgwpuybmdo.png,glide_100_27,1,0.6208766454118834
1387,crn/0_real/00103425.png,crn,0,0.6193228442090513
1388,glide_50_27/1_fake/smdvfqmevj.png,glide_50_27,1,0.6148723682282564
1389,stargan/1_fake/1723.png,stargan,1,0.6103414639326998
1390,crn/1_fake/105801_output.png,crn,1,0.6096441602549441
1391,glide_100_27/1_fake/stzvgskice.png,glide_100_27,1,0.6089716596283257
1392,glide_100_10/1_fake/oftwvuyony.png,glide_100_10,1,0.6047076338071127
1393,stylegan2/cat/1_fake/001861.png,stylegan2,1,0.603657219855761
1394,deepfake/1_fake/514_443_0321.png,deepfake,1,0.6007354264131891
1395,glide_100_10/1_fake/mbtqfbwlry.png,glide_100_10,1,0.600443057851431
1396,stylegan2/horse/1_fake/001147.png,stylegan2,1,0.5987373564780094
1397,deepfake/1_fake/494_445_0215.png,deepfake,1,0.598671270893435
1398,glide_100_27/1_fake/cswedhbgpd.png,glide_100_27,1,0.5948716149974902
1399,stylegan2/horse/1_fake/000445.png,stylegan2,1,0.5916865151931837
1400,stylegan2/church/1_fake/000445.png,stylegan2,1,0.5911799372056682
1401,crn/1_fake/104160_output.png,crn,1,0.5885872852021492
1402,stylegan/cat/1_fake/077305.png,stylegan,1,0.5849676447923804
1403,glide_100_27/1_fake/fwnswugajt.png,glide_100_27,1,0.5834156573712864
1404,biggan/1_fake/00316409.png,biggan,1,0.5806423911307924
1405,imle/0_real/00105458.png,imle,0,0.5801775740505952
1406,stylegan2/church/1_fake/001907.png,stylegan2,1,0.5797633352354624
1407,stylegan2/horse/1_fake/000211.png,stylegan2,1,0.579121579211042
1408,stylegan/bedroom/1_fake/087332.png,stylegan,1,0.578998249380166
1409,glide_50_27/1_fake/djfymdweky.png,glide_50_27,1,0.574195991298563
1410,glide_50_27/1_fake/enmfgbxzpf.png,glide_50_27,1,0.5740067522056114
1411,gaugan/0_real/000000571857.png,gaugan,0,0.5726176846792386
1412,stylegan2/horse/1_fake/001976.png,stylegan2,1,0.5664664702119102
1413,crn/0_real/00105622.png,crn,0,0.565928943993776
1414,glide_100_27/1_fake/fjxuybiebs.png,glide_100_27,1,0.5630680841215125
1415,crn/1_fake/105695_output.png,crn,1,0.5603017323642914
1416,crn/1_fake/100601_output.png,crn,1,0.5567720192080479
1417,guided/1_fake/gpwdhgxzbq.png,guided,1,0.552744046377075
1418,glide_100_27/1_fake/jzcptodnmr.png,glide_100_27,1,0.5521195708484752
1419,stylegan2/cat/1_fake/001460.png,stylegan2,1,0.5505725672387589
1420,dalle/1_fake/irrlegedjp.png,dalle,1,0.5491807987306403
1421,stylegan/car/1_fake/082218.png,stylegan,1,0.5469989730161572
1422,crn/1_fake/105786_output.png,crn,1,0.5452281591810811
1423,crn/1_fake/103492_output.png,crn,1,0.5433593959846019
1424,guided/1_fake/wekyyrslyw.png,guided,1,0.5421377794277856
1425,cyclegan/summer/0_real/2011-08-13 16:50:20_real.png,cyclegan,0,0.5375125685053376
1426,crn/1_fake/101368_output.png,crn,1,0.5372695051521144
1427,stylegan2/cat/1_fake/001019.png,stylegan2,1,0.5369834308484445
1428,stylegan/car/1_fake/081850.png,stylegan,1,0.5344469082004257
1429,ldm_200_cfg/1_fake/jezexlfhiq.png,ldm_200_cfg,1,0.5337309952856337
1430,glide_50_27/1_fake/xiubxgyhcs.png,glide_50_27,1,0.5332345520434472
1431,stylegan2/horse/1_fake/001728.png,stylegan2,1,0.5286925961592475
1432,deepfake/1_fake/847_906_0290.png,deepfake,1,0.5278943384054886
1433,stylegan2/church/1_fake/000034.png,stylegan2,1,0.5258742036162151
1434,biggan/1_fake/00322419.png,biggan,1,0.5213982230631673
1435,stylegan2/church/1_fake/001047.png,stylegan2,1,0.5180924885819105
1436,stargan/1_fake/0933.png,stargan,1,0.5161842218220255
1437,crn/0_real/00104681.png,crn,0,0.5151734666323577
1438,crn/1_fake/105323_output.png,crn,1,0.514621236690302
1439,imle/0_real/00101430.png,imle,0,0.5138390468107951
1440,stylegan2/church/1_fake/000567.png,stylegan2,1,0.5115433918038608
1441,stylegan2/horse/1_fake/001575.png,stylegan2,1,0.5060201030108772
1442,glide_50_27/1_fake/oqgbxaotgn.png,glide_50_27,1,0.505947122427259
1443,glide_100_10/1_fake/wxmydpmpup.png,glide_100_10,1,0.5053476286971613
1444,glide_50_27/1_fake/bnhkqppcfl.png,glide_50_27,1,0.5050601859506965
1445,crn/0_real/00106106.png,crn,0,0.5049379276512351
1446,glide_100_27/1_fake/ahwxcijnxm.png,glide_100_27,1,0.5045169258981568
1447,seeingdark/0_real/10144_00_250_gt.png,seeingdark,0,0.5037563729691238
1448,glide_50_27/1_fake/zacjdmmloj.png,glide_50_27,1,0.4986960880424954
1449,dalle/1_fake/gtjyzhcqoi.png,dalle,1,0.4974106477214783
1450,gaugan/0_real/000000074860.png,gaugan,0,0.4954268842601059
1451,ldm_200_cfg/1_fake/ruyafogtjk.png,ldm_200_cfg,1,0.4944444239331726
1452,ldm_200/1_fake/hisyohahzi.png,ldm_200,1,0.4919537483050482
1453,stylegan2/church/1_fake/000485.png,stylegan2,1,0.4907328526750847
1454,guided/1_fake/wzdhwjmvgy.png,guided,1,0.4900680621119427
1455,stylegan2/horse/1_fake/000068.png,stylegan2,1,0.4889266586215993
1456,crn/0_real/00101862.png,crn,0,0.4886212783037316
1457,crn/0_real/00105512.png,crn,0,0.4857317592508815
1458,crn/0_real/00104880.png,crn,0,0.4848704423219835
1459,whichfaceisreal/1_fake/image-2019-02-17_005128.jpeg,whichfaceisreal,1,0.4832810881545415
1460,glide_50_27/1_fake/ynescstwdk.png,glide_50_27,1,0.4828727406624993
1461,stylegan2/cat/1_fake/000648.png,stylegan2,1,0.4826169942829708
1462,imle/0_real/00105943.png,imle,0,0.4822670795748195
1463,crn/0_real/00101939.png,crn,0,0.4803493939571821
1464,imle/0_real/00102515.png,imle,0,0.4792006017914788
1465,seeingdark/0_real/10154_00_300_gt.png,seeingdark,0,0.4791987850438914
1466,deepfake/1_fake/670_661_0243.png,deepfake,1,0.4785576867457499
1467,stargan/0_real/1131.png,stargan,0,0.4775947735859414
1468,glide_100_27/0_real/ducatuyxdz.jpg,glide_100_27,0,0.4703738181529828
1469,crn/1_fake/104389_output.png,crn,1,0.4692176789666638
1470,biggan/0_real/950--n07747607_28990.png,biggan,0,0.469046278514603
1471,crn/0_real/00104760.png,crn,0,0.4672008006128341
1472,stylegan/bedroom/1_fake/080175.png,stylegan,1,0.4667446791153405
1473,stylegan/car/1_fake/046376.png,stylegan,1,0.4640105180602469
1474,stylegan/bedroom/1_fake/021465.png,stylegan,1,0.4628404677468711
1475,stylegan/bedroom/1_fake/015256.png,stylegan,1,0.4621254478813775
1476,deepfake/1_fake/683_607_0262.png,deepfake,1,0.4619233701604962
1477,crn/0_real/00103060.png,crn,0,0.4608961318698578
1478,crn/1_fake/100971_output.png,crn,1,0.4593268811965694
1479,glide_100_10/1_fake/rsekavebcp.png,glide_100_10,1,0.4593034348674499
1480,crn/0_real/00104190.png,crn,0,0.4584675501265022
1481,imle/0_real/00103968.png,imle,0,0.4578795874045424
1482,glide_50_27/1_fake/lfpytrxtnd.png,glide_50_27,1,0.456528175967628
1483,gaugan/0_real/000000541952.png,gaugan,0,0.4541048178647985
1484,stylegan/car/1_fake/053175.png,stylegan,1,0.4490043419700238
1485,stylegan2/cat/1_fake/001294.png,stylegan2,1,0.4454477443243996
1486,crn/1_fake/102279_output.png,crn,1,0.4451279931343765
1487,ldm_200_cfg/1_fake/fgkquzymgd.png,ldm_200_cfg,1,0.4428636649709599
1488,ldm_200_cfg/1_fake/lkbpelvrth.png,ldm_200_cfg,1,0.4418752911564192
1489,deepfake/1_fake/024_073_0224.png,deepfake,1,0.4408996175006385
1490,crn/0_real/00100146.png,crn,0,0.4406551834027289
1491,guided/1_fake/wpptcqobpu.png,guided,1,0.4391028730583222
1492,glide_100_10/1_fake/kobditubhr.png,glide_100_10,1,0.4356634631163346
1493,deepfake/1_fake/632_548_0328.png,deepfake,1,0.4339732764516701
1494,crn/0_real/00106076.png,crn,0,0.4319035999820875
1495,stylegan/bedroom/1_fake/027042.png,stylegan,1,0.4290182683908607
1496,stylegan2/horse/1_fake/000081.png,stylegan2,1,0.4285183341309604
1497,ldm_200/1_fake/qlqolbjcgb.png,ldm_200,1,0.4279881117400405
1498,imle/0_real/00105691.png,imle,0,0.4230342172775033
1499,stylegan2/horse/1_fake/000145.png,stylegan2,1,0.4229755215733372
1500,seeingdark/0_real/10203_00_250_gt.png,seeingdark,0,0.421703745132401
1501,stylegan2/church/1_fake/001724.png,stylegan2,1,0.4214457453629512
1502,stylegan2/church/1_fake/001473.png,stylegan2,1,0.4212409397917425
1503,stylegan2/car/1_fake/001830.png,stylegan2,1,0.4197607900021993
1504,stylegan2/church/1_fake/000054.png,stylegan2,1,0.4190976751527082
1505,imle/0_real/00102109.png,imle,0,0.4188766103393732
1506,whichfaceisreal/1_fake/image-2019-02-17_005553.jpeg,whichfaceisreal,1,0.4151574282020979
1507,glide_50_27/1_fake/kszghluqlw.png,glide_50_27,1,0.4150852418876951
1508,glide_100_10/1_fake/attqnlwqgz.png,glide_100_10,1,0.414322263291119
1509,crn/1_fake/105925_output.png,crn,1,0.4137222946941302
1510,crn/0_real/00100450.png,crn,0,0.4114539820509134
1511,stylegan2/church/1_fake/001898.png,stylegan2,1,0.4107137192151899
1512,stylegan/car/1_fake/036150.png,stylegan,1,0.4034025595683129
1513,glide_100_10/1_fake/xqyjzhnfqu.png,glide_100_10,1,0.4024428701983072
1514,stylegan2/church/1_fake/000268.png,stylegan2,1,0.4003532201299589
1515,stylegan2/car/1_fake/001346.png,stylegan2,1,0.3999399436887176
1516,glide_100_27/1_fake/aaksjqrtil.png,glide_100_27,1,0.3976808011197877
1517,stylegan/car/1_fake/094953.png,stylegan,1,0.3970200853554166
1518,crn/0_real/00103740.png,crn,0,0.3963689182675405
1519,imle/0_real/00102553.png,imle,0,0.3953253792625403
1520,crn/0_real/00100353.png,crn,0,0.394043337869693
1521,ldm_200_cfg/1_fake/apdgetedbs.png,ldm_200_cfg,1,0.3909301968934153
1522,gaugan/0_real/000000098018.png,gaugan,0,0.3907937134761796
1523,glide_50_27/1_fake/djumibnmaq.png,glide_50_27,1,0.3874339449837548
1524,guided/1_fake/oocykwkype.png,guided,1,0.385618479983594
1525,stylegan2/car/1_fake/001951.png,stylegan2,1,0.3841035196555146
1526,deepfake/1_fake/945_044_0550.png,deepfake,1,0.383403252692093
1527,stylegan2/cat/1_fake/000352.png,stylegan2,1,0.3822940008878167
1528,imle/0_real/00105939.png,imle,0,0.3812564936248318
1529,imle/0_real/00103899.png,imle,0,0.3802186741626211
1530,whichfaceisreal/1_fake/image-2019-02-17_002103.jpeg,whichfaceisreal,1,0.3801012403369071
1531,stylegan/bedroom/1_fake/093211.png,stylegan,1,0.378555273566689
1532,glide_100_10/1_fake/xfhgbduucl.png,glide_100_10,1,0.3759835598620188
1533,biggan/0_real/220--n02102480_4223.png,biggan,0,0.3748981368928071
1534,stylegan2/horse/1_fake/000203.png,stylegan2,1,0.372371785932388
1535,crn/0_real/00104073.png,crn,0,0.3720336912947825
1536,imle/0_real/00105544.png,imle,0,0.3676861939246734
1537,glide_50_27/1_fake/hnzpgeledt.png,glide_50_27,1,0.3666075907005475
1538,imle/0_real/00101313.png,imle,0,0.3631229996158302
1539,stylegan2/church/1_fake/001283.png,stylegan2,1,0.3600355901350729
1540,crn/0_real/00101166.png,crn,0,0.359029220576325
1541,imle/0_real/00104201.png,imle,0,0.3587847457568642
1542,glide_100_10/1_fake/vqrdytkinp.png,glide_100_10,1,0.3568216669652121
1543,stylegan2/church/1_fake/000584.png,stylegan2,1,0.3567445978041496
1544,crn/0_real/00104438.png,crn,0,0.3554117453903866
1545,crn/0_real/00100691.png,crn,0,0.3529391719598975
1546,stylegan/car/1_fake/008740.png,stylegan,1,0.3525595818108036
1547,glide_100_10/1_fake/xvulqfblsf.png,glide_100_10,1,0.3519606988427077
1548,glide_100_27/1_fake/suhpchcpza.png,glide_100_27,1,0.3514812622156979
1549,stylegan/car/1_fake/020209.png,stylegan,1,0.3513004944787685
1550,imle/0_real/00105358.png,imle,0,0.3500096253526813
1551,stargan/0_real/0993.png,stargan,0,0.3486371526173564
1552,ldm_200_cfg/1_fake/olxtdigiux.png,ldm_200_cfg,1,0.3475736182734477
1553,deepfake/1_fake/956_958_0297.png,deepfake,1,0.3469793793352232
1554,imle/0_real/00104449.png,imle,0,0.3460246188100981
1555,imle/0_real/00104267.png,imle,0,0.3443621612223284
1556,stylegan2/cat/1_fake/001485.png,stylegan2,1,0.344237775630568
1557,crn/0_real/00101708.png,crn,0,0.3440441642990517
1558,crn/0_real/00102147.png,crn,0,0.3403728319154946
1559,imle/0_real/00102660.png,imle,0,0.3392103217256934
1560,stylegan2/cat/1_fake/001947.png,stylegan2,1,0.3378222207583864
1561,imle/0_real/00105390.png,imle,0,0.3364686363625479
1562,imle/0_real/00102925.png,imle,0,0.3359637756997132
1563,stylegan2/horse/1_fake/001169.png,stylegan2,1,0.3310592102219397
1564,stylegan2/church/1_fake/000629.png,stylegan2,1,0.3296626923893482
1565,crn/0_real/00100645.png,crn,0,0.3290412029276513
1566,imle/0_real/00100294.png,imle,0,0.3284113871794973
1567,imle/0_real/00100350.png,imle,0,0.32816372613444
1568,crn/0_real/00100637.png,crn,0,0.3279200146005804
1569,stylegan2/car/1_fake/000225.png,stylegan2,1,0.3262927055545764
1570,ldm_200_cfg/1_fake/tgkezflbjz.png,ldm_200_cfg,1,0.323761870307986
1571,crn/0_real/00101514.png,crn,0,0.321252970928772
1572,guided/1_fake/iojhamvzyv.png,guided,1,0.3199372665401718
1573,gaugan/0_real/000000267537.png,gaugan,0,0.3197260409329618
1574,glide_100_27/1_fake/pcwvbmjrea.png,glide_100_27,1,0.3184872519448679
1575,stylegan/car/1_fake/096344.png,stylegan,1,0.3163677117260314
1576,stylegan/bedroom/1_fake/087453.png,stylegan,1,0.3149268013738542
1577,ldm_200_cfg/1_fake/opipzckzef.png,ldm_200_cfg,1,0.3144562938543728
1578,crn/0_real/00105374.png,crn,0,0.3139271556621498
1579,crn/0_real/00103395.png,crn,0,0.3136118365185928
1580,imle/0_real/00104349.png,imle,0,0.3128818096881575
1581,imle/0_real/00104725.png,imle,0,0.3105030460437255
1582,crn/0_real/00103027.png,crn,0,0.3091366010537435
1583,crn/0_real/00100269.png,crn,0,0.3072124680828033
1584,whichfaceisreal/0_real/00088.jpeg,whichfaceisreal,0,0.3069735473431252
1585,glide_50_27/1_fake/mzuykzukvb.png,glide_50_27,1,0.306471540453339
1586,imle/0_real/00105343.png,imle,0,0.305601882747458
1587,stylegan2/car/1_fake/001353.png,stylegan2,1,0.3055086195149247
1588,glide_50_27/1_fake/muszivpifs.png,glide_50_27,1,0.3032745719858349
1589,deepfake/1_fake/511_472_0022.png,deepfake,1,0.3017603341502496
1590,stylegan2/car/1_fake/001187.png,stylegan2,1,0.3000794198493857
1591,glide_100_10/1_fake/kkxuptmzof.png,glide_100_10,1,0.2990618898145729
1592,stylegan2/horse/1_fake/000580.png,stylegan2,1,0.2967024216304154
1593,crn/0_real/00105249.png,crn,0,0.2965840239030664
1594,stylegan/bedroom/1_fake/027583.png,stylegan,1,0.2952298452408886
1595,ldm_200_cfg/1_fake/niehixqsig.png,ldm_200_cfg,1,0.2950435328345566
1596,glide_50_27/1_fake/jtprghimeh.png,glide_50_27,1,0.2947599044127261
1597,imle/0_real/00103860.png,imle,0,0.2934145161471946
1598,whichfaceisreal/0_real/00779.jpeg,whichfaceisreal,0,0.2933617485885031
1599,crn/0_real/00104927.png,crn,0,0.2888578919001696
1600,stylegan2/cat/1_fake/001162.png,stylegan2,1,0.2882498582012546
1601,stylegan2/horse/1_fake/001223.png,stylegan2,1,0.2867963372517654
1602,stylegan2/cat/1_fake/000667.png,stylegan2,1,0.2863587479599469
1603,imle/0_real/00104897.png,imle,0,0.2859967281756428
1604,guided/1_fake/wrplkwvjrk.png,guided,1,0.2815810022730229
1605,glide_50_27/1_fake/ftobdflmuz.png,glide_50_27,1,0.2811177397621603
1606,imle/0_real/00103452.png,imle,0,0.28092970202076
1607,ldm_100/1_fake/ceyagwkqcf.png,ldm_100,1,0.2808158970573807
1608,imle/0_real/00106126.png,imle,0,0.2804046003430177
1609,stargan/0_real/0029.png,stargan,0,0.2729254127612505
1610,glide_50_27/1_fake/xucelwnaqz.png,glide_50_27,1,0.2724664419972862
1611,glide_100_10/1_fake/tfubqflahj.png,glide_100_10,1,0.2718290709532911
1612,imle/0_real/00102687.png,imle,0,0.2711246294136322
1613,crn/0_real/00101980.png,crn,0,0.2705474360794117
1614,crn/0_real/00106237.png,crn,0,0.2683861590508203
1615,stylegan2/cat/1_fake/000630.png,stylegan2,1,0.2681904938181121
1616,deepfake/1_fake/705_707_0078.png,deepfake,1,0.2681598302501077
1617,biggan/1_fake/00421352.png,biggan,1,0.2679551362049524
1618,stylegan2/horse/1_fake/000384.png,stylegan2,1,0.2679176378252431
1619,glide_50_27/1_fake/gpwdhgxzbq.png,glide_50_27,1,0.2677851879014088
1620,ldm_200/1_fake/fihznganle.png,ldm_200,1,0.2653087759799405
1621,imle/0_real/00103422.png,imle,0,0.26493578198886
1622,glide_50_27/1_fake/ltwpiurdob.png,glide_50_27,1,0.264122936761291
1623,imle/0_real/00103995.png,imle,0,0.2637487553292455
1624,stylegan/car/1_fake/036493.png,stylegan,1,0.2636684676813389
1625,imle/0_real/00102174.png,imle,0,0.2635608330609271
1626,imle/0_real/00103305.png,imle,0,0.2629959279223325
1627,stylegan2/church/1_fake/001559.png,stylegan2,1,0.2628658745036511
1628,crn/0_real/00101351.png,crn,0,0.2622084272795616
1629,crn/0_real/00102892.png,crn,0,0.2615845334318107
1630,stylegan2/horse/1_fake/000998.png,stylegan2,1,0.261311246466868
1631,crn/0_real/00101575.png,crn,0,0.2606588017469601
1632,stylegan2/horse/1_fake/000884.png,stylegan2,1,0.2590237482158048
1633,imle/0_real/00105868.png,imle,0,0.2567234030893407
1634,imle/0_real/00102523.png,imle,0,0.2565462133500539
1635,stylegan/bedroom/1_fake/088620.png,stylegan,1,0.2565313965309692
1636,imle/0_real/00104891.png,imle,0,0.2550701009409621
1637,ldm_200/1_fake/ugrxyyeknx.png,ldm_200,1,0.2548309696057307
1638,imle/0_real/00105132.png,imle,0,0.2547097234014279
1639,imle/0_real/00105853.png,imle,0,0.2525231072353721
1640,cyclegan/apple/0_real/n07740461_10950_real.png,cyclegan,0,0.249737669090418
1641,imle/0_real/00104981.png,imle,0,0.2484695150641271
1642,glide_50_27/1_fake/ivvevnakub.png,glide_50_27,1,0.2479249549544335
1643,glide_100_27/1_fake/oocykwkype.png,glide_100_27,1,0.2477084504367965
1644,crn/0_real/00103781.png,crn,0,0.2471225083854841
1645,imle/0_real/00103318.png,imle,0,0.2459579870403666
1646,glide_50_27/1_fake/mfoxhwrofa.png,glide_50_27,1,0.2452817373810845
1647,stylegan2/cat/1_fake/001457.png,stylegan2,1,0.2449114957674808
1648,glide_100_27/1_fake/qtlexhtorg.png,glide_100_27,1,0.2444505689309182
1649,imle/0_real/00105930.png,imle,0,0.2427418452974217
1650,stylegan/car/1_fake/046291.png,stylegan,1,0.2420962098472563
1651,deepfake/1_fake/170_186_0120.png,deepfake,1,0.2420753015481789
1652,gaugan/0_real/000000496409.png,gaugan,0,0.2409017867496463
1653,imle/0_real/00104531.png,imle,0,0.2369783362897588
1654,imle/0_real/00104824.png,imle,0,0.2367525941437492
1655,crn/0_real/00103600.png,crn,0,0.2345311454847714
1656,crn/0_real/00106223.png,crn,0,0.2326225415056818
1657,ldm_200/1_fake/rxrwofckks.png,ldm_200,1,0.2318827149065881
1658,crn/0_real/00104722.png,crn,0,0.231345176645207
1659,imle/0_real/00104578.png,imle,0,0.229257301802494
1660,crn/0_real/00105163.png,crn,0,0.2292366460395855
1661,imle/0_real/00104656.png,imle,0,0.2289688180013582
1662,imle/0_real/00101133.png,imle,0,0.228598272494373
1663,deepfake/1_fake/818_820_0106.png,deepfake,1,0.2277270032441511
1664,crn/0_real/00104298.png,crn,0,0.2276032765280482
1665,imle/0_real/00106229.png,imle,0,0.2262399034682281
1666,stylegan2/church/1_fake/001714.png,stylegan2,1,0.2259173451345637
1667,stylegan2/church/1_fake/001796.png,stylegan2,1,0.225077688992407
1668,ldm_100/1_fake/nuhcuxjnpx.png,ldm_100,1,0.2250532590563341
1669,stylegan/bedroom/1_fake/003621.png,stylegan,1,0.2212633743795463
1670,guided/1_fake/pyydtwntke.png,guided,1,0.2209701573016568
1671,crn/0_real/00105067.png,crn,0,0.2197487544177056
1672,imle/0_real/00101248.png,imle,0,0.2188522250790509
1673,gaugan/0_real/000000468233.png,gaugan,0,0.218840338773611
1674,imle/0_real/00104331.png,imle,0,0.2166501180800814
1675,crn/0_real/00105140.png,crn,0,0.2162320258814144
1676,imle/0_real/00102328.png,imle,0,0.2160767498585008
1677,stylegan/car/1_fake/039406.png,stylegan,1,0.2156808024659783
1678,stylegan2/car/1_fake/000940.png,stylegan2,1,0.2131301015236093
1679,imle/0_real/00105642.png,imle,0,0.2126439038867719
1680,crn/0_real/00104444.png,crn,0,0.212064024565553
1681,imle/0_real/00100850.png,imle,0,0.210788081901934
1682,stylegan2/car/1_fake/000004.png,stylegan2,1,0.2089256042201253
1683,crn/0_real/00101850.png,crn,0,0.2044816377059408
1684,san/1_fake/Urban100_034_BIX4_G20R10P48_11_6_SR_x4.png,san,1,0.2032906169524767
1685,crn/0_real/00105448.png,crn,0,0.2028389784577299
1686,stylegan/bedroom/1_fake/023181.png,stylegan,1,0.2018965715627495
1687,deepfake/1_fake/511_472_0385.png,deepfake,1,0.1997261769076793
1688,imle/0_real/00102434.png,imle,0,0.1993991408092775
1689,imle/0_real/00102977.png,imle,0,0.1993929369715171
1690,whichfaceisreal/0_real/00414.jpeg,whichfaceisreal,0,0.1989881426461908
1691,imle/0_real/00101142.png,imle,0,0.1981807999667309
1692,crn/0_real/00101049.png,crn,0,0.198028607862688
1693,stylegan/cat/1_fake/072339.png,stylegan,1,0.1979003466885769
1694,stylegan/bedroom/1_fake/094523.png,stylegan,1,0.1977057570463037
1695,gaugan/0_real/000000187362.png,gaugan,0,0.1965526280249019
1696,stylegan/bedroom/1_fake/018907.png,stylegan,1,0.196341823121287
1697,stylegan/bedroom/1_fake/006503.png,stylegan,1,0.1954108148038013
1698,glide_50_27/1_fake/gxkmzinhug.png,glide_50_27,1,0.1951440453821981
1699,crn/0_real/00103609.png,crn,0,0.1949462636578287
1700,imle/0_real/00100096.png,imle,0,0.1945347891742472
1701,imle/0_real/00100419.png,imle,0,0.1924118153656001
1702,imle/0_real/00103905.png,imle,0,0.190329695960426
1703,deepfake/1_fake/951_947_1148.png,deepfake,1,0.1881730980518729
1704,stylegan2/car/1_fake/001254.png,stylegan2,1,0.1870458034271055
1705,gaugan/0_real/000000149622.png,gaugan,0,0.1857774892923789
1706,crn/0_real/00100290.png,crn,0,0.1851139830130174
1707,crn/0_real/00104313.png,crn,0,0.1839911573163769
1708,imle/0_real/00104313.png,imle,0,0.1839911573163769
1709,glide_100_27/1_fake/hjshyxnjca.png,glide_100_27,1,0.1815142178090709
1710,glide_100_10/1_fake/ondtlaugas.png,glide_100_10,1,0.1784977548449109
1711,ldm_200_cfg/1_fake/aqdcxmcowi.png,ldm_200_cfg,1,0.1783125982926965
1712,deepfake/1_fake/656_666_0094.png,deepfake,1,0.1772951109653882
1713,san/1_fake/BSD100_053_BIX4_G20R10P48_11_6_SR_x4.png,san,1,0.1772884615198763
1714,stylegan/car/1_fake/093322.png,stylegan,1,0.1771596426587582
1715,imle/0_real/00100073.png,imle,0,0.176976545659991
1716,crn/0_real/00100160.png,crn,0,0.1768697885487351
1717,imle/0_real/00100719.png,imle,0,0.1768604852763115
1718,imle/0_real/00101073.png,imle,0,0.1766913785214381
1719,crn/0_real/00100492.png,crn,0,0.1755157494671325
1720,crn/0_real/00100042.png,crn,0,0.1748410460171141
1721,crn/0_real/00105759.png,crn,0,0.173683606680522
1722,stylegan2/church/1_fake/001412.png,stylegan2,1,0.1723596584320921
1723,crn/0_real/00106379.png,crn,0,0.1719290484402708
1724,imle/0_real/00106379.png,imle,0,0.1719290484402708
1725,imle/0_real/00101564.png,imle,0,0.1716591043903698
1726,imle/0_real/00100047.png,imle,0,0.1711562900720452
1727,stylegan/car/1_fake/062585.png,stylegan,1,0.170899012491284
1728,crn/0_real/00101617.png,crn,0,0.1704589187889042
1729,guided/0_real/ftojusbwcq.JPEG,guided,0,0.1692965616375266
1730,stylegan2/cat/1_fake/001755.png,stylegan2,1,0.1690705212377748
1731,glide_100_10/1_fake/xahepmkkki.png,glide_100_10,1,0.1690013668599403
1732,imle/0_real/00104089.png,imle,0,0.1683282854957595
1733,ldm_200/1_fake/lzgwytfbdh.png,ldm_200,1,0.1678127738530717
1734,imle/0_real/00105001.png,imle,0,0.1678005077889869
1735,stylegan2/church/1_fake/001425.png,stylegan2,1,0.1675735554913212
1736,stylegan2/cat/1_fake/000150.png,stylegan2,1,0.166796413167899
1737,crn/0_real/00102858.png,crn,0,0.1661655919687857
1738,crn/0_real/00101657.png,crn,0,0.1656366588688008
1739,crn/0_real/00104480.png,crn,0,0.1646732638751937
1740,stylegan2/cat/1_fake/001690.png,stylegan2,1,0.1632007116031961
1741,stylegan2/church/1_fake/000551.png,stylegan2,1,0.1608347206472082
1742,crn/0_real/00102243.png,crn,0,0.1599870683720878
1743,glide_100_27/1_fake/mqbzprykrc.png,glide_100_27,1,0.1580723960686478
1744,imle/0_real/00105139.png,imle,0,0.1552511276480188
1745,imle/0_real/00101316.png,imle,0,0.1548091313943518
1746,ldm_200_cfg/1_fake/flcafzqbyt.png,ldm_200_cfg,1,0.1537109720202886
1747,glide_100_10/1_fake/dsxuevcdxk.png,glide_100_10,1,0.153488888670592
1748,crn/0_real/00103773.png,crn,0,0.1529681708925847
1749,deepfake/1_fake/255_214_0199.png,deepfake,1,0.1517963252633506
1750,imle/0_real/00106103.png,imle,0,0.1517840595609032
1751,glide_100_27/1_fake/vuvkrfmrfw.png,glide_100_27,1,0.1516922876867523
1752,stylegan/car/1_fake/028488.png,stylegan,1,0.1504560473315636
1753,glide_100_27/1_fake/tnsrlfrflx.png,glide_100_27,1,0.1504344435690132
1754,imle/0_real/00100985.png,imle,0,0.1501284912192697
1755,stylegan2/car/1_fake/000138.png,stylegan2,1,0.1491303171290828
1756,deepfake/1_fake/623_630_0275.png,deepfake,1,0.148158046131351
1757,glide_100_27/1_fake/xxxlutdoia.png,glide_100_27,1,0.1479465497974715
1758,stylegan2/car/1_fake/001461.png,stylegan2,1,0.1472369637392239
1759,imle/0_real/00106230.png,imle,0,0.1462129807724567
1760,crn/0_real/00100873.png,crn,0,0.1448040193145509
1761,guided/1_fake/huksdpnufs.png,guided,1,0.1443617984459845
1762,imle/0_real/00105537.png,imle,0,0.1437457834408833
1763,imle/0_real/00104856.png,imle,0,0.1423724319291315
1764,imle/0_real/00104675.png,imle,0,0.1416834613367471
1765,stylegan2/cat/1_fake/000161.png,stylegan2,1,0.1408600391849965
1766,crn/0_real/00100305.png,crn,0,0.1402173941530227
1767,guided/1_fake/muszivpifs.png,guided,1,0.1397018613475342
1768,imle/0_real/00101714.png,imle,0,0.1396584877381329
1769,imle/0_real/00100174.png,imle,0,0.1387185919771328
1770,ldm_200_cfg/1_fake/mfcceezfwn.png,ldm_200_cfg,1,0.1380830097799372
1771,crn/0_real/00100564.png,crn,0,0.1378441874286733
1772,crn/0_real/00103743.png,crn,0,0.1374569289065786
1773,crn/0_real/00103962.png,crn,0,0.1370741648283017
1774,glide_50_27/1_fake/jgaqinqawj.png,glide_50_27,1,0.1368025501944945
1775,crn/0_real/00104983.png,crn,0,0.136762757185988
1776,imle/0_real/00105467.png,imle,0,0.1360601373150642
1777,imle/0_real/00102098.png,imle,0,0.1359549100086868
1778,crn/0_real/00105677.png,crn,0,0.1357554235560455
1779,stylegan/cat/1_fake/088153.png,stylegan,1,0.1357040529369088
1780,imle/0_real/00100120.png,imle,0,0.1354195446375256
1781,stylegan2/cat/1_fake/001321.png,stylegan2,1,0.1353847752105198
1782,imle/0_real/00102211.png,imle,0,0.1343524624740387
1783,crn/0_real/00103790.png,crn,0,0.1329448968072597
1784,ldm_100/1_fake/drpsdefmzh.png,ldm_100,1,0.1315915167695508
1785,ldm_200/1_fake/ixykpgtooh.png,ldm_200,1,0.1313861605992909
1786,imle/0_real/00105954.png,imle,0,0.1312184160426635
1787,imle/0_real/00103032.png,imle,0,0.1309198657563479
1788,imle/0_real/00103599.png,imle,0,0.1307310491230276
1789,crn/0_real/00103737.png,crn,0,0.1300830122908269
1790,crn/0_real/00100568.png,crn,0,0.1298937511432571
1791,stylegan2/horse/1_fake/000015.png,stylegan2,1,0.1294344665094695
1792,crn/0_real/00101278.png,crn,0,0.1290438159606209
1793,stylegan2/horse/1_fake/001788.png,stylegan2,1,0.1289181045645243
1794,guided/1_fake/xmppkkdynh.png,guided,1,0.1287666217361502
1795,glide_100_10/1_fake/hhmqvefsdm.png,glide_100_10,1,0.1267878699654104
1796,stylegan2/cat/1_fake/000046.png,stylegan2,1,0.1264440035261112
1797,gaugan/0_real/000000084674.png,gaugan,0,0.1258251896891439
1798,imle/0_real/00101459.png,imle,0,0.1244147138252929
1799,stylegan2/horse/1_fake/000313.png,stylegan2,1,0.1243479426353946
1800,crn/0_real/00102944.png,crn,0,0.1242893639164425
1801,crn/0_real/00101050.png,crn,0,0.1242549834937513
1802,glide_100_27/1_fake/aqawlsbyzw.png,glide_100_27,1,0.1241463127645176
1803,stylegan/car/1_fake/009601.png,stylegan,1,0.1219998684237572
1804,crn/0_real/00100408.png,crn,0,0.1213707467712735
1805,imle/0_real/00106227.png,imle,0,0.1207929523750841
1806,stylegan2/cat/1_fake/000786.png,stylegan2,1,0.1200754558282791
1807,stylegan2/horse/1_fake/001657.png,stylegan2,1,0.119897844144119
1808,crn/0_real/00101945.png,crn,0,0.119683545231429
1809,crn/0_real/00105443.png,crn,0,0.1188136416790592
1810,stylegan2/car/1_fake/001456.png,stylegan2,1,0.1185071138569793
1811,imle/0_real/00105148.png,imle,0,0.1180183440414168
1812,crn/0_real/00100733.png,crn,0,0.1166454591616225
1813,crn/0_real/00104752.png,crn,0,0.1161431440573359
1814,imle/0_real/00101457.png,imle,0,0.1154146672513858
1815,imle/0_real/00101958.png,imle,0,0.1149424744833588
1816,glide_50_27/1_fake/tvdnjojlmh.png,glide_50_27,1,0.1126012312259537
1817,glide_100_27/1_fake/hwfnoawnsx.png,glide_100_27,1,0.1122060819143486
1818,guided/1_fake/ikidgqmbia.png,guided,1,0.1114839717056536
1819,imle/0_real/00102466.png,imle,0,0.1110257161356613
1820,cyclegan/summer/0_real/2010-09-07 12:23:20_real.png,cyclegan,0,0.1108527973999387
1821,crn/0_real/00102315.png,crn,0,0.1103957062528538
1822,stylegan2/horse/1_fake/001104.png,stylegan2,1,0.1090026903017502
1823,stylegan2/car/1_fake/001772.png,stylegan2,1,0.10857857478957
1824,crn/0_real/00105809.png,crn,0,0.1085487745247528
1825,imle/0_real/00100229.png,imle,0,0.107764261914876
1826,deepfake/1_fake/493_538_0099.png,deepfake,1,0.1049753935177275
1827,progan/sheep/0_real/15105.png,progan,0,0.1049342545528649
1828,crn/0_real/00102257.png,crn,0,0.1039733251749734
1829,gaugan/0_real/000000436551.png,gaugan,0,0.103624106500153
1830,stylegan2/cat/1_fake/000922.png,stylegan2,1,0.1029247380653877
1831,glide_50_27/1_fake/ybpiflwjwj.png,glide_50_27,1,0.1003012162146375
1832,imle/0_real/00102740.png,imle,0,0.1001311696215293
1833,glide_50_27/1_fake/glmtywqxhj.png,glide_50_27,1,0.0991980321081079
1834,crn/0_real/00103429.png,crn,0,0.0987762984610426
1835,imle/0_real/00102706.png,imle,0,0.0974511761332423
1836,stylegan2/cat/1_fake/000083.png,stylegan2,1,0.0971907108595975
1837,stylegan/bedroom/1_fake/081244.png,stylegan,1,0.0969037905017529
1838,stylegan/bedroom/1_fake/093967.png,stylegan,1,0.0962182105062202
1839,stylegan/car/1_fake/023787.png,stylegan,1,0.0959226457127347
1840,imle/0_real/00106283.png,imle,0,0.0953633928207837
1841,imle/0_real/00106065.png,imle,0,0.0949240712499613
1842,stylegan2/cat/1_fake/000545.png,stylegan2,1,0.0921153399416864
1843,imle/0_real/00105026.png,imle,0,0.0919547157870826
1844,ldm_200_cfg/1_fake/mtclcgxdyh.png,ldm_200_cfg,1,0.0902214127564788
1845,imle/0_real/00101810.png,imle,0,0.0895001977184258
1846,imle/0_real/00101995.png,imle,0,0.0868927422326836
1847,imle/0_real/00104505.png,imle,0,0.0860369652475886
1848,imle/0_real/00103321.png,imle,0,0.0827259307262149
1849,imle/0_real/00100822.png,imle,0,0.0824232409889252
1850,crn/0_real/00104473.png,crn,0,0.0819112670353932
1851,deepfake/1_fake/421_423_0050.png,deepfake,1,0.0813827634432927
1852,imle/0_real/00106369.png,imle,0,0.0808486957049231
1853,stylegan/cat/1_fake/093266.png,stylegan,1,0.0804512628765586
1854,whichfaceisreal/0_real/00215.jpeg,whichfaceisreal,0,0.0801181270235745
1855,crn/0_real/00102044.png,crn,0,0.0792475746740217
1856,stylegan2/church/1_fake/001816.png,stylegan2,1,0.0786317883342316
1857,stylegan2/cat/1_fake/001380.png,stylegan2,1,0.0784443589889531
1858,deepfake/1_fake/991_064_0243.png,deepfake,1,0.0774434455484426
1859,ldm_200/1_fake/ntwekxxoly.png,ldm_200,1,0.076280369969583
1860,stylegan/car/1_fake/043232.png,stylegan,1,0.0756976187904012
1861,crn/0_real/00102391.png,crn,0,0.0747051267142428
1862,crn/0_real/00106034.png,crn,0,0.0723378968650296
1863,imle/0_real/00105384.png,imle,0,0.0722794129640755
1864,imle/0_real/00105678.png,imle,0,0.0720110682806691
1865,glide_100_10/1_fake/vmouwpueqp.png,glide_100_10,1,0.071865031841407
1866,crn/0_real/00105745.png,crn,0,0.0678910173084887
1867,glide_100_10/1_fake/muszivpifs.png,glide_100_10,1,0.0678447732769975
1868,stylegan2/car/1_fake/001088.png,stylegan2,1,0.0675319437178379
1869,stylegan2/cat/1_fake/001197.png,stylegan2,1,0.0672872720726699
1870,crn/0_real/00104960.png,crn,0,0.0671939569541858
1871,gaugan/0_real/000000581317.png,gaugan,0,0.066738056564652
1872,stylegan2/cat/1_fake/001114.png,stylegan2,1,0.0650523547082854
1873,stylegan2/cat/1_fake/001840.png,stylegan2,1,0.0644643629135058
1874,imle/0_real/00106050.png,imle,0,0.0640305130950614
1875,stylegan2/church/1_fake/000235.png,stylegan2,1,0.0637978313108739
1876,crn/0_real/00102414.png,crn,0,0.063794458252678
1877,ldm_100/1_fake/ovebmmaneb.png,ldm_100,1,0.061184057508017
1878,imle/0_real/00105362.png,imle,0,0.0592444197571687
1879,imle/0_real/00101530.png,imle,0,0.0588089374128493
1880,stylegan2/horse/1_fake/001945.png,stylegan2,1,0.0572395110518978
1881,crn/0_real/00105422.png,crn,0,0.0566708119951628
1882,imle/0_real/00100440.png,imle,0,0.0538531473053212
1883,crn/0_real/00106187.png,crn,0,0.0533930730674477
1884,cyclegan/horse/0_real/n02381460_7250_real.png,cyclegan,0,0.0532445972768007
1885,imle/0_real/00105702.png,imle,0,0.0528281272957593
1886,imle/0_real/00106312.png,imle,0,0.051693707700196
1887,stylegan2/horse/1_fake/001869.png,stylegan2,1,0.0506357161638394
1888,crn/0_real/00102810.png,crn,0,0.0502227592480406
1889,crn/0_real/00105653.png,crn,0,0.0480344247389032
1890,stylegan2/car/1_fake/000228.png,stylegan2,1,0.0462127605475521
1891,imle/0_real/00105575.png,imle,0,0.0455020625275121
1892,crn/0_real/00105575.png,crn,0,0.0455020625275121
1893,guided/1_fake/hpmppyffov.png,guided,1,0.0451493082686939
1894,crn/0_real/00106041.png,crn,0,0.0451252848991897
1895,crn/0_real/00106205.png,crn,0,0.0440011661149847
1896,imle/0_real/00100380.png,imle,0,0.0436160721053614
1897,guided/1_fake/fegqolkrls.png,guided,1,0.0401237249289928
1898,stylegan2/car/1_fake/000895.png,stylegan2,1,0.0401129720231962
1899,crn/0_real/00102152.png,crn,0,0.0399741840395578
1900,stylegan/car/1_fake/027453.png,stylegan,1,0.0388232535777711
1901,gaugan/0_real/000000520264.png,gaugan,0,0.0380245666831134
1902,crn/0_real/00106260.png,crn,0,0.0359339234933078
1903,crn/0_real/00103697.png,crn,0,0.0341336291392358
1904,imle/0_real/00104405.png,imle,0,0.0341009479549449
1905,cyclegan/winter/0_real/2014-01-09 12:33:30_real.png,cyclegan,0,0.0326557828180793
1906,stylegan2/horse/1_fake/000757.png,stylegan2,1,0.0325777767801487
1907,stylegan/car/1_fake/053368.png,stylegan,1,0.0323299780488136
1908,deepfake/1_fake/423_421_0700.png,deepfake,1,0.0312112243611053
1909,stylegan/bedroom/1_fake/076938.png,stylegan,1,0.0302189376288662
1910,deepfake/1_fake/423_421_0803.png,deepfake,1,0.0300780477535098
1911,crn/0_real/00105111.png,crn,0,0.0300756839672636
1912,imle/0_real/00104169.png,imle,0,0.0290090789272148
1913,imle/0_real/00105459.png,imle,0,0.0278483076276716
1914,whichfaceisreal/0_real/00715.jpeg,whichfaceisreal,0,0.0277836385076098
1915,deepfake/1_fake/000_003_0260.png,deepfake,1,0.026042926502962
1916,deepfake/1_fake/566_617_0305.png,deepfake,1,0.0246625842301633
1917,glide_100_10/1_fake/mlxvdfndsh.png,glide_100_10,1,0.0231783612463706
1918,stylegan2/car/1_fake/000176.png,stylegan2,1,0.0229585887811663
1919,stylegan2/church/1_fake/001463.png,stylegan2,1,0.0222494714935683
1920,crn/0_real/00103933.png,crn,0,0.0218708487923875
1921,imle/0_real/00106226.png,imle,0,0.0190908977394855
1922,crn/0_real/00103784.png,crn,0,0.0188632923752341
1923,guided/1_fake/njnnphhwll.png,guided,1,0.0187522014657378
1924,imle/0_real/00103592.png,imle,0,0.0171352415746419
1925,imle/0_real/00102753.png,imle,0,0.0151654050928461
1926,cyclegan/orange/0_real/n07749192_4951_real.png,cyclegan,0,0.0142012489040032
1927,crn/0_real/00100081.png,crn,0,0.0136885930629736
1928,crn/0_real/00105280.png,crn,0,0.0135339151788298
1929,imle/0_real/00102646.png,imle,0,0.0126407221961417
1930,crn/0_real/00101773.png,crn,0,0.0107895539355245
1931,imle/0_real/00104575.png,imle,0,0.0099671061698488
1932,stylegan2/horse/1_fake/001947.png,stylegan2,1,0.0088748233479385
1933,stylegan2/horse/1_fake/000722.png,stylegan2,1,0.0081873429892062
1934,imle/0_real/00105329.png,imle,0,0.0081643260320503
1935,ldm_200_cfg/1_fake/ikidgqmbia.png,ldm_200_cfg,1,0.0073972785854707
1936,gaugan/0_real/000000142324.png,gaugan,0,0.0068317796066271
1937,guided/1_fake/vjkzbfozoo.png,guided,1,0.0065510427277822
1938,deepfake/1_fake/571_746_0178.png,deepfake,1,0.0062532235167472
1939,imle/0_real/00104241.png,imle,0,0.0056293525021536
1940,crn/0_real/00105453.png,crn,0,0.0038647847367023
1941,crn/0_real/00102123.png,crn,0,0.0034201095714098
1942,glide_100_27/1_fake/tecfsxrdsg.png,glide_100_27,1,0.0032578952657636
1943,imle/0_real/00101256.png,imle,0,0.0027680448939457
1944,stylegan2/church/1_fake/000472.png,stylegan2,1,0.0025632609603046
1945,crn/0_real/00102307.png,crn,0,0.002459341119341
1946,glide_100_10/1_fake/lsmostdlua.png,glide_100_10,1,0.0016443392931976
1947,stylegan/car/1_fake/039594.png,stylegan,1,0.0008780069596748
1948,cyclegan/apple/0_real/n07740461_12990_real.png,cyclegan,0,0.0002687625726583
1949,cyclegan/winter/0_real/2011-01-16 08:46:31_real.png,cyclegan,0,-0.0003696968071102
1950,imle/0_real/00103828.png,imle,0,-0.0015105507654474
1951,stylegan2/church/1_fake/000711.png,stylegan2,1,-0.0030298552092852
1952,crn/0_real/00102552.png,crn,0,-0.0031861760180652
1953,imle/0_real/00102552.png,imle,0,-0.0031861760180652
1954,crn/0_real/00104248.png,crn,0,-0.0039713785220253
1955,stylegan2/church/1_fake/001408.png,stylegan2,1,-0.0043413578040217
1956,imle/0_real/00105476.png,imle,0,-0.0044564787942662
1957,imle/0_real/00103450.png,imle,0,-0.0052638940908042
1958,deepfake/1_fake/480_389_0412.png,deepfake,1,-0.0063909399770181
1959,imle/0_real/00104255.png,imle,0,-0.0069892257328044
1960,crn/0_real/00104317.png,crn,0,-0.0070776172078314
1961,crn/0_real/00105506.png,crn,0,-0.0081072346341817
1962,imle/0_real/00100485.png,imle,0,-0.008331234142551
1963,crn/0_real/00105717.png,crn,0,-0.0109217414671743
1964,imle/0_real/00100332.png,imle,0,-0.0123059867420021
1965,imle/0_real/00103238.png,imle,0,-0.0130731897567246
1966,deepfake/1_fake/255_214_0451.png,deepfake,1,-0.0132007822044513
1967,stylegan2/church/1_fake/001580.png,stylegan2,1,-0.0133921924592176
1968,crn/0_real/00104517.png,crn,0,-0.01351274656248
1969,imle/0_real/00101585.png,imle,0,-0.0136574251359068
1970,stylegan/cat/1_fake/097955.png,stylegan,1,-0.0146209026455128
1971,stylegan2/cat/1_fake/000135.png,stylegan2,1,-0.0148906260936019
1972,imle/0_real/00106043.png,imle,0,-0.0157864568108247
1973,crn/0_real/00101189.png,crn,0,-0.0164534551182912
1974,crn/0_real/00102532.png,crn,0,-0.0165334327583739
1975,imagenet/0_real/imkvcjrnck.JPEG,imagenet,0,-0.0168168165064909
1976,stylegan2/cat/1_fake/001195.png,stylegan2,1,-0.0196708174431618
1977,crn/0_real/00100021.png,crn,0,-0.0230746820858245
1978,imle/0_real/00103053.png,imle,0,-0.0239170234331781
1979,imle/0_real/00102153.png,imle,0,-0.0248115174339411
1980,ldm_100/1_fake/bqmyueubdu.png,ldm_100,1,-0.025741089168529
1981,imle/0_real/00105428.png,imle,0,-0.0263945160460802
1982,deepfake/1_fake/647_622_0305.png,deepfake,1,-0.0277788877446135
1983,crn/0_real/00105510.png,crn,0,-0.0279719460981733
1984,guided/1_fake/dexhjtncni.png,guided,1,-0.0282215219262907
1985,deepfake/1_fake/973_970_0322.png,deepfake,1,-0.0312287305581247
1986,deepfake/1_fake/141_161_0368.png,deepfake,1,-0.0334578837043776
1987,stylegan2/horse/1_fake/000659.png,stylegan2,1,-0.0340004633936165
1988,crn/0_real/00100310.png,crn,0,-0.0341359998157299
1989,crn/0_real/00103007.png,crn,0,-0.0343458600607455
1990,imle/0_real/00102125.png,imle,0,-0.037415237343935
1991,imle/0_real/00103428.png,imle,0,-0.0381765914318377
1992,ldm_200/1_fake/vapzubzcvf.png,ldm_200,1,-0.0392168323833488
1993,stylegan2/cat/1_fake/001077.png,stylegan2,1,-0.0392374491731716
1994,stylegan/car/1_fake/021909.png,stylegan,1,-0.0406175487106142
1995,stylegan/bedroom/1_fake/092101.png,stylegan,1,-0.0416383225013571
1996,imle/0_real/00101747.png,imle,0,-0.0442873216646306
1997,imle/0_real/00105009.png,imle,0,-0.0443809846151629
1998,stylegan2/cat/1_fake/001150.png,stylegan2,1,-0.0447031035226156
1999,whichfaceisreal/1_fake/image-2019-02-17_021542.jpeg,whichfaceisreal,1,-0.0463934636537212
2000,imle/0_real/00105826.png,imle,0,-0.0464500985051176
2001,stylegan2/church/1_fake/001257.png,stylegan2,1,-0.0467817611656662
2002,imle/0_real/00102025.png,imle,0,-0.0480063717033197
2003,crn/0_real/00102224.png,crn,0,-0.0481366840066303
2004,imle/0_real/00100389.png,imle,0,-0.0483638339712222
2005,biggan/0_real/405--n02692877_4210.png,biggan,0,-0.0489923834820625
2006,stylegan2/church/1_fake/000552.png,stylegan2,1,-0.049008138823848
2007,imle/0_real/00104534.png,imle,0,-0.0490933248433707
2008,crn/0_real/00104905.png,crn,0,-0.0493473445606917
2009,imle/0_real/00101893.png,imle,0,-0.0500595495702798
2010,imle/0_real/00104416.png,imle,0,-0.0502656714187672
2011,stylegan2/car/1_fake/001240.png,stylegan2,1,-0.0510810634618273
2012,guided/1_fake/phqxvaxgfc.png,guided,1,-0.0511763482754875
2013,deepfake/1_fake/608_675_0340.png,deepfake,1,-0.0534395639390209
2014,imle/0_real/00103495.png,imle,0,-0.0541178983245099
2015,imle/0_real/00104330.png,imle,0,-0.0542441041858121
2016,stylegan2/church/1_fake/000919.png,stylegan2,1,-0.0547698367670879
2017,crn/0_real/00100339.png,crn,0,-0.0551362509740814
2018,imle/0_real/00101398.png,imle,0,-0.0561628671774258
2019,imle/0_real/00100721.png,imle,0,-0.0588560894854407
2020,stylegan/bedroom/1_fake/021472.png,stylegan,1,-0.0590782047414216
2021,deepfake/1_fake/775_742_0148.png,deepfake,1,-0.0593735517727273
2022,imle/0_real/00101523.png,imle,0,-0.0595754328517352
2023,crn/0_real/00100560.png,crn,0,-0.0604908161038052
2024,glide_50_27/1_fake/gxexzzlcld.png,glide_50_27,1,-0.0607135445094063
2025,crn/0_real/00100177.png,crn,0,-0.0617791168859733
2026,imle/0_real/00104489.png,imle,0,-0.0620235811134434
2027,crn/0_real/00101375.png,crn,0,-0.0625495791433071
2028,crn/0_real/00103116.png,crn,0,-0.0628502381421837
2029,imle/0_real/00100925.png,imle,0,-0.0633642078888685
2030,imle/0_real/00105909.png,imle,0,-0.0633931680053027
2031,crn/0_real/00101318.png,crn,0,-0.0642487657994561
2032,gaugan/0_real/000000045728.png,gaugan,0,-0.0642671721868295
2033,crn/0_real/00105227.png,crn,0,-0.0659254582190674
2034,imle/0_real/00105828.png,imle,0,-0.0672372999959612
2035,stylegan/car/1_fake/076150.png,stylegan,1,-0.0677130994532514
2036,deepfake/1_fake/742_775_0325.png,deepfake,1,-0.0689584155574901
2037,stylegan/car/1_fake/022574.png,stylegan,1,-0.0696177501208394
2038,crn/0_real/00103199.png,crn,0,-0.0697858171563607
2039,imle/0_real/00106356.png,imle,0,-0.0707220763920414
2040,stylegan2/car/1_fake/000874.png,stylegan2,1,-0.0710749493235843
2041,imle/0_real/00100217.png,imle,0,-0.0740499646533775
2042,crn/0_real/00101357.png,crn,0,-0.0745346172689163
2043,imagenet/0_real/mzuykzukvb.JPEG,imagenet,0,-0.0753341415239205
2044,crn/0_real/00102616.png,crn,0,-0.0767624849230428
2045,imle/0_real/00101670.png,imle,0,-0.0780792668113933
2046,crn/0_real/00104325.png,crn,0,-0.0787742596992763
2047,crn/0_real/00103699.png,crn,0,-0.0788078828018432
2048,stylegan2/cat/1_fake/000511.png,stylegan2,1,-0.0797575361439371
2049,imle/0_real/00101596.png,imle,0,-0.0812428949787818
2050,stylegan2/car/1_fake/000713.png,stylegan2,1,-0.0825534281059844
2051,ldm_200_cfg/1_fake/hxkeijjlvb.png,ldm_200_cfg,1,-0.0839618290190337
2052,imle/0_real/00100632.png,imle,0,-0.0858346785872762
2053,crn/0_real/00105237.png,crn,0,-0.0859271141960773
2054,stylegan2/church/0_real/06438.png,stylegan2,0,-0.0876205650009247
2055,glide_100_27/1_fake/ybpiflwjwj.png,glide_100_27,1,-0.0882946475291118
2056,crn/0_real/00103433.png,crn,0,-0.0900330897762781
2057,deepfake/1_fake/314_347_0175.png,deepfake,1,-0.094006017653814
2058,guided/1_fake/ikptlvvios.png,guided,1,-0.094118042438955
2059,stylegan/bedroom/1_fake/009686.png,stylegan,1,-0.0941322566289137
2060,crn/0_real/00106246.png,crn,0,-0.0944224160103055
2061,cyclegan/orange/0_real/n07749192_7071_real.png,cyclegan,0,-0.094909295641788
2062,imle/0_real/00104263.png,imle,0,-0.0957015679953413
2063,crn/0_real/00101048.png,crn,0,-0.0962346785650785
2064,crn/0_real/00105783.png,crn,0,-0.0962530562439703
2065,imle/0_real/00100221.png,imle,0,-0.0965876687916549
2066,crn/0_real/00103159.png,crn,0,-0.0966301784272469
2067,imle/0_real/00101806.png,imle,0,-0.0967665642615392
2068,stylegan2/horse/1_fake/000275.png,stylegan2,1,-0.0969797198296686
2069,glide_100_10/1_fake/jbsbxfrewb.png,glide_100_10,1,-0.0983515014598981
2070,deepfake/1_fake/557_560_0157.png,deepfake,1,-0.0989547936176353
2071,imle/0_real/00102122.png,imle,0,-0.0991597401731373
2072,glide_100_27/1_fake/flzalpsilp.png,glide_100_27,1,-0.1023212382456855
2073,stylegan2/cat/1_fake/001821.png,stylegan2,1,-0.1031494763009366
2074,imle/0_real/00101791.png,imle,0,-0.1045032607786336
2075,deepfake/1_fake/381_376_0505.png,deepfake,1,-0.1053736065697674
2076,glide_100_27/1_fake/fzmzemtxkr.png,glide_100_27,1,-0.1065262693233695
2077,imle/0_real/00106119.png,imle,0,-0.1071365588636443
2078,imle/0_real/00103767.png,imle,0,-0.1084712625099484
2079,crn/0_real/00100992.png,crn,0,-0.1108120332291963
2080,stylegan2/car/1_fake/000838.png,stylegan2,1,-0.1108446472931097
2081,crn/0_real/00103150.png,crn,0,-0.1119381815520073
2082,glide_50_27/1_fake/lxlphyyeaw.png,glide_50_27,1,-0.1120795941012084
2083,gaugan/0_real/000000085157.png,gaugan,0,-0.1125395087345882
2084,stylegan2/church/0_real/15545.png,stylegan2,0,-0.1134683485836112
2085,crn/0_real/00106210.png,crn,0,-0.1143294726360546
2086,deepfake/1_fake/485_425_0531.png,deepfake,1,-0.1155617162573714
2087,deepfake/1_fake/608_675_0174.png,deepfake,1,-0.116749128807172
2088,whichfaceisreal/0_real/00628.jpeg,whichfaceisreal,0,-0.1179826575770508
2089,glide_100_10/1_fake/xjokdvoxpk.png,glide_100_10,1,-0.1188074766433144
2090,stylegan2/horse/1_fake/001266.png,stylegan2,1,-0.1191929212780912
2091,crn/0_real/00103317.png,crn,0,-0.1192648778159883
2092,stylegan2/car/1_fake/000209.png,stylegan2,1,-0.1193698127869802
2093,stylegan2/church/1_fake/000185.png,stylegan2,1,-0.1194214783367966
2094,ldm_100/0_real/uyfkdpzowl.jpg,ldm_100,0,-0.1200823264154498
2095,imle/0_real/00105891.png,imle,0,-0.1212155056679147
2096,crn/0_real/00102965.png,crn,0,-0.1231082553934655
2097,crn/0_real/00105304.png,crn,0,-0.1231305786443826
2098,stylegan2/cat/1_fake/000039.png,stylegan2,1,-0.1234337657129608
2099,crn/0_real/00101826.png,crn,0,-0.1249151246699229
2100,crn/0_real/00105689.png,crn,0,-0.1255156043532831
2101,stylegan/bedroom/0_real/03760.png,stylegan,0,-0.1266364447854406
2102,crn/0_real/00101727.png,crn,0,-0.1266988637578904
2103,glide_50_27/1_fake/xvulqfblsf.png,glide_50_27,1,-0.1267427824725897
2104,crn/0_real/00100747.png,crn,0,-0.1277461385866892
2105,imle/0_real/00101836.png,imle,0,-0.1291812483010247
2106,crn/0_real/00101836.png,crn,0,-0.1291812483010247
2107,imle/0_real/00101748.png,imle,0,-0.1291959817779303
2108,biggan/0_real/966--n07892512_15141.png,biggan,0,-0.1292423339264347
2109,imle/0_real/00101463.png,imle,0,-0.1295959588074697
2110,biggan/0_real/490--n03000247_74117.png,biggan,0,-0.1296964400949994
2111,imle/0_real/00104297.png,imle,0,-0.1303481016589013
2112,crn/0_real/00105986.png,crn,0,-0.1306005887070447
2113,imle/0_real/00105880.png,imle,0,-0.1307810206558078
2114,deepfake/1_fake/472_511_0101.png,deepfake,1,-0.1330685217454519
2115,gaugan/0_real/000000433980.png,gaugan,0,-0.1336358064977264
2116,crn/0_real/00104101.png,crn,0,-0.1336383818030307
2117,stylegan2/cat/1_fake/001104.png,stylegan2,1,-0.1336837492959569
2118,glide_100_27/1_fake/ficowhhyiy.png,glide_100_27,1,-0.1352111198268349
2119,crn/0_real/00105518.png,crn,0,-0.136926560049759
2120,stylegan2/church/1_fake/000940.png,stylegan2,1,-0.1382067816575201
2121,gaugan/0_real/000000154087.png,gaugan,0,-0.1383411844605732
2122,stylegan2/horse/1_fake/000555.png,stylegan2,1,-0.1407234800763368
2123,crn/0_real/00102697.png,crn,0,-0.1420756913564309
2124,crn/0_real/00101655.png,crn,0,-0.1440807697439472
2125,stylegan/bedroom/1_fake/097328.png,stylegan,1,-0.1477563668922992
2126,stylegan/bedroom/0_real/06577.png,stylegan,0,-0.1478331476094143
2127,laion/0_real/ikptlvvios.jpg,laion,0,-0.148363586233853
2128,crn/0_real/00105548.png,crn,0,-0.1485509144812491
2129,stylegan/bedroom/1_fake/015810.png,stylegan,1,-0.1490439169059925
2130,crn/0_real/00100758.png,crn,0,-0.149052000860441
2131,imle/0_real/00103382.png,imle,0,-0.1492001829462163
2132,imle/0_real/00103451.png,imle,0,-0.1492953598670882
2133,crn/0_real/00105469.png,crn,0,-0.1502686126805971
2134,imle/0_real/00101266.png,imle,0,-0.1530347521665028
2135,imle/0_real/00105350.png,imle,0,-0.1533361973149709
2136,stylegan/bedroom/1_fake/081839.png,stylegan,1,-0.1539521018681521
2137,imle/0_real/00103667.png,imle,0,-0.1574918747007749
2138,crn/0_real/00102007.png,crn,0,-0.1583368131068534
2139,crn/0_real/00104229.png,crn,0,-0.1601278945959864
2140,stylegan2/church/1_fake/000361.png,stylegan2,1,-0.1604409972553089
2141,gaugan/0_real/000000560371.png,gaugan,0,-0.1605036543222512
2142,crn/0_real/00103251.png,crn,0,-0.1613533735620846
2143,crn/0_real/00100374.png,crn,0,-0.1617649774887757
2144,san/0_real/img_040.png,san,0,-0.1638252140567024
2145,stylegan2/car/1_fake/001614.png,stylegan2,1,-0.1641638412945147
2146,glide_50_27/0_real/vrffpjmuir.jpg,glide_50_27,0,-0.1656956368928671
2147,whichfaceisreal/0_real/00442.jpeg,whichfaceisreal,0,-0.1661220341991199
2148,crn/0_real/00103844.png,crn,0,-0.1692344451501982
2149,imle/0_real/00106202.png,imle,0,-0.1693403482760676
2150,crn/0_real/00106202.png,crn,0,-0.1693403482760676
2151,crn/0_real/00105781.png,crn,0,-0.1694768311918048
2152,stylegan/bedroom/1_fake/077296.png,stylegan,1,-0.1698003732002257
2153,ldm_200_cfg/1_fake/cnthnmxcwh.png,ldm_200_cfg,1,-0.1701154164155545
2154,imle/0_real/00105631.png,imle,0,-0.1716537330915123
2155,crn/0_real/00100749.png,crn,0,-0.1731387961111037
2156,ldm_200_cfg/1_fake/hvuyhhryut.png,ldm_200_cfg,1,-0.1736717188464184
2157,crn/0_real/00101857.png,crn,0,-0.1759247130328845
2158,crn/0_real/00104034.png,crn,0,-0.1764645771822685
2159,stylegan/car/1_fake/082115.png,stylegan,1,-0.1779810988977003
2160,stylegan/bedroom/1_fake/032011.png,stylegan,1,-0.1809815461653808
2161,stylegan/bedroom/1_fake/032063.png,stylegan,1,-0.1816580113663126
2162,crn/0_real/00104236.png,crn,0,-0.1843439190773231
2163,crn/0_real/00100288.png,crn,0,-0.1860316459055463
2164,deepfake/1_fake/875_979_0339.png,deepfake,1,-0.1860432001548903
2165,stylegan/car/1_fake/048091.png,stylegan,1,-0.1877623790575461
2166,imle/0_real/00101718.png,imle,0,-0.1883469596297183
2167,glide_50_27/0_real/pfvgbusewt.jpg,glide_50_27,0,-0.1896851034023041
2168,stylegan2/cat/1_fake/000398.png,stylegan2,1,-0.1897025933076503
2169,stylegan2/cat/1_fake/001049.png,stylegan2,1,-0.1901075593620482
2170,gaugan/0_real/000000257624.png,gaugan,0,-0.191927362240672
2171,gaugan/0_real/000000209613.png,gaugan,0,-0.1930023325019978
2172,crn/0_real/00100781.png,crn,0,-0.1944817644005575
2173,stylegan2/church/1_fake/000291.png,stylegan2,1,-0.1948500130759846
2174,guided/0_real/mltvjsqnjm.JPEG,guided,0,-0.195477329415298
2175,stylegan2/horse/1_fake/000174.png,stylegan2,1,-0.19592207966358
2176,glide_100_27/1_fake/leadpebgwn.png,glide_100_27,1,-0.1966568803475099
2177,deepfake/1_fake/227_169_0242.png,deepfake,1,-0.1998028824471944
2178,crn/0_real/00101635.png,crn,0,-0.2030332228291486
2179,gaugan/0_real/000000321887.png,gaugan,0,-0.2030341893434165
2180,stylegan2/car/1_fake/000408.png,stylegan2,1,-0.204800987371065
2181,crn/0_real/00101796.png,crn,0,-0.205017807240018
2182,stylegan2/church/1_fake/001730.png,stylegan2,1,-0.2055100657895779
2183,crn/0_real/00105004.png,crn,0,-0.2061035471774104
2184,ldm_200_cfg/1_fake/lpofppxlqt.png,ldm_200_cfg,1,-0.2068729879305278
2185,imle/0_real/00102020.png,imle,0,-0.2073482346257472
2186,gaugan/0_real/000000030675.png,gaugan,0,-0.207677202801902
2187,deepfake/1_fake/558_583_0170.png,deepfake,1,-0.2082536013491517
2188,stylegan2/church/1_fake/001864.png,stylegan2,1,-0.2106836220289227
2189,gaugan/0_real/000000544444.png,gaugan,0,-0.2122362627904254
2190,crn/0_real/00100859.png,crn,0,-0.2133691913085819
2191,cyclegan/apple/0_real/n07740461_4891_real.png,cyclegan,0,-0.2140773396297499
2192,stylegan2/cat/1_fake/000916.png,stylegan2,1,-0.214512332271483
2193,cyclegan/zebra/0_real/n02391049_5030_real.png,cyclegan,0,-0.2145508008851404
2194,deepfake/1_fake/779_794_0215.png,deepfake,1,-0.2145787814599635
2195,imle/0_real/00100314.png,imle,0,-0.2149489846921462
2196,imle/0_real/00101179.png,imle,0,-0.2158771922725989
2197,deepfake/1_fake/354_362_0431.png,deepfake,1,-0.2159799317220453
2198,imle/0_real/00100250.png,imle,0,-0.2171780282495473
2199,stylegan/car/1_fake/022235.png,stylegan,1,-0.2174943462139589
2200,crn/0_real/00103507.png,crn,0,-0.2188413682907167
2201,imle/0_real/00103406.png,imle,0,-0.2194202188279478
2202,crn/0_real/00104288.png,crn,0,-0.2195011322727807
2203,deepfake/1_fake/973_970_0305.png,deepfake,1,-0.2242563259362651
2204,crn/0_real/00101943.png,crn,0,-0.2251424125242552
2205,imle/0_real/00104996.png,imle,0,-0.2253011616059686
2206,guided/1_fake/gaezkwugoh.png,guided,1,-0.2269099237851968
2207,crn/0_real/00103346.png,crn,0,-0.228329403012478
2208,crn/0_real/00104863.png,crn,0,-0.2284186476603886
2209,deepfake/1_fake/817_827_0325.png,deepfake,1,-0.2291920766107051
2210,crn/0_real/00101876.png,crn,0,-0.2292238568683481
2211,imle/0_real/00104668.png,imle,0,-0.2296375875349942
2212,crn/0_real/00101422.png,crn,0,-0.2313400207268034
2213,stylegan/car/1_fake/079623.png,stylegan,1,-0.2316457945317513
2214,stylegan/bedroom/1_fake/093141.png,stylegan,1,-0.2318735554199305
2215,seeingdark/0_real/10024_00_300_gt.png,seeingdark,0,-0.2321827808315164
2216,deepfake/1_fake/316_369_0183.png,deepfake,1,-0.2336724303513584
2217,stylegan/bedroom/1_fake/006882.png,stylegan,1,-0.2364398043103127
2218,stylegan/bedroom/0_real/03621.png,stylegan,0,-0.2377875340704846
2219,stylegan/bedroom/1_fake/011862.png,stylegan,1,-0.2395456278034385
2220,stylegan2/car/1_fake/001701.png,stylegan2,1,-0.2403661246545956
2221,crn/0_real/00104026.png,crn,0,-0.2409077933288384
2222,imle/0_real/00104707.png,imle,0,-0.2409524320877901
2223,gaugan/0_real/000000296317.png,gaugan,0,-0.2430637286185529
2224,cyclegan/horse/0_real/n02381460_4650_real.png,cyclegan,0,-0.2444262183853512
2225,deepfake/1_fake/325_492_0671.png,deepfake,1,-0.2456417538379234
2226,crn/0_real/00105070.png,crn,0,-0.2461008089678068
2227,crn/0_real/00100392.png,crn,0,-0.2499351319581055
2228,glide_50_27/0_real/kobditubhr.jpg,glide_50_27,0,-0.251273736119534
2229,ldm_200/0_real/kobditubhr.jpg,ldm_200,0,-0.251273736119534
2230,seeingdark/0_real/10162_00_300_gt.png,seeingdark,0,-0.2521700548747146
2231,deepfake/1_fake/134_192_0290.png,deepfake,1,-0.2524311029127452
2232,crn/0_real/00103492.png,crn,0,-0.2528019739762998
2233,stylegan2/horse/1_fake/001237.png,stylegan2,1,-0.2536182345513798
2234,stylegan2/car/1_fake/000104.png,stylegan2,1,-0.2549428900204447
2235,stylegan/car/1_fake/039266.png,stylegan,1,-0.2564817198096515
2236,whichfaceisreal/0_real/00683.jpeg,whichfaceisreal,0,-0.257042151480168
2237,glide_50_27/1_fake/uyrgewsxvy.png,glide_50_27,1,-0.2575425291781847
2238,stylegan2/horse/1_fake/000331.png,stylegan2,1,-0.2577163183213693
2239,stylegan2/car/1_fake/000216.png,stylegan2,1,-0.2585496847314729
2240,imle/0_real/00102988.png,imle,0,-0.2594821245243769
2241,imle/0_real/00105942.png,imle,0,-0.259968777272336
2242,gaugan/0_real/000000241319.png,gaugan,0,-0.260862127379206
2243,biggan/0_real/393--n02607072_3605.png,biggan,0,-0.261017073094853
2244,imle/0_real/00102894.png,imle,0,-0.2611841759864834
2245,deepfake/1_fake/386_154_0225.png,deepfake,1,-0.2614675178141433
2246,stylegan2/church/1_fake/000841.png,stylegan2,1,-0.2616370759583643
2247,cyclegan/apple/0_real/n07740461_7610_real.png,cyclegan,0,-0.2616568376076887
2248,stargan/0_real/1668.png,stargan,0,-0.2625206778544041
2249,crn/0_real/00104079.png,crn,0,-0.2637154825392202
2250,stylegan/bedroom/1_fake/032489.png,stylegan,1,-0.2638156826861079
2251,stylegan2/church/1_fake/000386.png,stylegan2,1,-0.2657417083007791
2252,cyclegan/winter/0_real/2006-08-26 18:17:00_real.png,cyclegan,0,-0.2667453245534779
2253,glide_100_27/1_fake/lzletadhdl.png,glide_100_27,1,-0.2676959487599449
2254,crn/0_real/00101702.png,crn,0,-0.2686567796825879
2255,stylegan2/cat/1_fake/001340.png,stylegan2,1,-0.26903779208079
2256,imle/0_real/00100319.png,imle,0,-0.2761745388682882
2257,stylegan2/cat/1_fake/001393.png,stylegan2,1,-0.2777080187191771
2258,imle/0_real/00104448.png,imle,0,-0.2777376603630915
2259,crn/0_real/00100708.png,crn,0,-0.2784570264048573
2260,glide_50_27/1_fake/iwsairnpes.png,glide_50_27,1,-0.2787981125586659
2261,gaugan/0_real/000000181421.png,gaugan,0,-0.2822644709560805
2262,stylegan/bedroom/1_fake/099892.png,stylegan,1,-0.2838680493654982
2263,deepfake/1_fake/558_583_0504.png,deepfake,1,-0.2839059144268115
2264,glide_100_27/1_fake/ykyioyylud.png,glide_100_27,1,-0.2890050200477617
2265,gaugan/0_real/000000435299.png,gaugan,0,-0.2904649061405815
2266,gaugan/0_real/000000193717.png,gaugan,0,-0.2932554578903316
2267,cyclegan/zebra/0_real/n02391049_3840_real.png,cyclegan,0,-0.2933575227523613
2268,imle/0_real/00105610.png,imle,0,-0.2937278984621331
2269,imagenet/0_real/xqyjzhnfqu.JPEG,imagenet,0,-0.2954577883841152
2270,stylegan2/horse/1_fake/000605.png,stylegan2,1,-0.2958564024369813
2271,imagenet/0_real/kiimhjeatg.JPEG,imagenet,0,-0.2976316296247022
2272,stylegan2/church/1_fake/000028.png,stylegan2,1,-0.298980743072759
2273,whichfaceisreal/0_real/00602.jpeg,whichfaceisreal,0,-0.299170285931598
2274,imle/0_real/00104292.png,imle,0,-0.2997117957182568
2275,imle/0_real/00102137.png,imle,0,-0.2998012677804705
2276,dalle/0_real/snkshpixle.jpg,dalle,0,-0.3020519544789688
2277,glide_50_27/0_real/snkshpixle.jpg,glide_50_27,0,-0.3020519544789688
2278,deepfake/1_fake/091_116_0278.png,deepfake,1,-0.3020689925302292
2279,biggan/0_real/862--n04456115_18262.png,biggan,0,-0.3026384465727812
2280,gaugan/0_real/000000034873.png,gaugan,0,-0.3035977570104955
2281,gaugan/0_real/000000146358.png,gaugan,0,-0.3038098871819151
2282,ldm_200_cfg/0_real/xvwgzjvahe.jpg,ldm_200_cfg,0,-0.3042566899585197
2283,guided/1_fake/truenadnmf.png,guided,1,-0.3051433303563873
2284,stylegan/bedroom/1_fake/080375.png,stylegan,1,-0.3059819343383345
2285,imle/0_real/00103034.png,imle,0,-0.3061078455524724
2286,crn/0_real/00103809.png,crn,0,-0.3091528405846083
2287,stylegan2/horse/1_fake/000852.png,stylegan2,1,-0.3100236511639423
2288,imle/0_real/00106375.png,imle,0,-0.3118816182448574
2289,stylegan2/church/1_fake/000119.png,stylegan2,1,-0.3139883806932722
2290,cyclegan/apple/0_real/n07740461_971_real.png,cyclegan,0,-0.3140127482532301
2291,imle/0_real/00101128.png,imle,0,-0.314126868458849
2292,gaugan/0_real/000000069138.png,gaugan,0,-0.3161275962827605
2293,stylegan2/cat/1_fake/000858.png,stylegan2,1,-0.3164818894760444
2294,stylegan2/church/1_fake/000728.png,stylegan2,1,-0.318793564291801
2295,imle/0_real/00103598.png,imle,0,-0.3208272182252207
2296,stylegan2/church/1_fake/001439.png,stylegan2,1,-0.3212905685081618
2297,crn/0_real/00100971.png,crn,0,-0.3231461884407818
2298,stylegan/bedroom/1_fake/028646.png,stylegan,1,-0.3241688934086935
2299,stylegan2/cat/1_fake/001068.png,stylegan2,1,-0.3248677540260495
2300,imle/0_real/00101378.png,imle,0,-0.3251778033822203
2301,stylegan2/church/1_fake/001627.png,stylegan2,1,-0.3252584313084021
2302,whichfaceisreal/0_real/00730.jpeg,whichfaceisreal,0,-0.3259513409118065
2303,imle/0_real/00101045.png,imle,0,-0.328407514714615
2304,stylegan2/horse/1_fake/000743.png,stylegan2,1,-0.3293373087527902
2305,stylegan2/car/1_fake/001877.png,stylegan2,1,-0.3297932065488712
2306,imle/0_real/00101858.png,imle,0,-0.3312339483537539
2307,stylegan2/church/1_fake/001091.png,stylegan2,1,-0.3316100442377267
2308,gaugan/0_real/000000311518.png,gaugan,0,-0.3322292756491258
2309,cyclegan/summer/0_real/2011-07-02 10:57:31_real.png,cyclegan,0,-0.3324655414722015
2310,stylegan2/car/1_fake/001809.png,stylegan2,1,-0.3345617332189431
2311,stargan/0_real/1310.png,stargan,0,-0.3369239155499968
2312,stylegan2/horse/1_fake/001431.png,stylegan2,1,-0.3377597017091045
2313,biggan/0_real/234--n02106550_802.png,biggan,0,-0.3397381076998602
2314,imle/0_real/00104024.png,imle,0,-0.3401159029301382
2315,crn/0_real/00101576.png,crn,0,-0.3403031705535735
2316,imle/0_real/00101298.png,imle,0,-0.3427595544692566
2317,glide_50_27/0_real/mbanczcffd.jpg,glide_50_27,0,-0.3438412224406248
2318,stylegan/bedroom/1_fake/023936.png,stylegan,1,-0.3455755118437387
2319,stylegan2/church/1_fake/000811.png,stylegan2,1,-0.3461954326099573
2320,gaugan/0_real/000000458054.png,gaugan,0,-0.348660213204475
2321,stylegan/car/1_fake/027005.png,stylegan,1,-0.3495963535830343
2322,crn/0_real/00105092.png,crn,0,-0.3497206864986939
2323,stylegan2/horse/1_fake/000918.png,stylegan2,1,-0.3504060680942525
2324,guided/0_real/lakovwneny.JPEG,guided,0,-0.3512606673051015
2325,ldm_200/0_real/bbqlufpjnl.jpg,ldm_200,0,-0.3543588615572293
2326,stylegan/bedroom/0_real/07214.png,stylegan,0,-0.3556191168323978
2327,deepfake/1_fake/912_927_0094.png,deepfake,1,-0.3567583060924517
2328,deepfake/1_fake/452_550_0410.png,deepfake,1,-0.3577468486331591
2329,stylegan2/church/0_real/04679.png,stylegan2,0,-0.3587698764385469
2330,deepfake/1_fake/912_927_0315.png,deepfake,1,-0.3593605164330467
2331,gaugan/0_real/000000001353.png,gaugan,0,-0.3613194247164579
2332,whichfaceisreal/0_real/00334.jpeg,whichfaceisreal,0,-0.3623343476527172
2333,stylegan2/car/1_fake/000993.png,stylegan2,1,-0.3623434595066021
2334,cyclegan/orange/0_real/n07749192_7861_real.png,cyclegan,0,-0.3643742444330405
2335,gaugan/0_real/000000340894.png,gaugan,0,-0.3648255566475882
2336,ldm_100/0_real/dawfktkzad.jpg,ldm_100,0,-0.3657395525689629
2337,ldm_200/0_real/dawfktkzad.jpg,ldm_200,0,-0.3657395525689629
2338,stylegan2/car/1_fake/001425.png,stylegan2,1,-0.3675474888504586
2339,biggan/0_real/335--n02356798_4137.png,biggan,0,-0.3686295871107901
2340,gaugan/0_real/000000535858.png,gaugan,0,-0.3711699230099395
2341,seeingdark/0_real/10111_00_300_gt.png,seeingdark,0,-0.3727553754043119
2342,gaugan/0_real/000000007511.png,gaugan,0,-0.3731256050370303
2343,gaugan/0_real/000000416837.png,gaugan,0,-0.3750230306463535
2344,cyclegan/orange/0_real/n07749192_930_real.png,cyclegan,0,-0.3776597141275323
2345,stylegan2/horse/1_fake/000665.png,stylegan2,1,-0.3777539988768209
2346,stylegan/bedroom/0_real/18794.png,stylegan,0,-0.3782050643366581
2347,whichfaceisreal/0_real/00863.jpeg,whichfaceisreal,0,-0.378328072925477
2348,glide_100_10/1_fake/huksdpnufs.png,glide_100_10,1,-0.3786025133148338
2349,gaugan/0_real/000000281414.png,gaugan,0,-0.3801473099906671
2350,dalle/1_fake/hsweljupee.png,dalle,1,-0.3808689728266797
2351,imle/0_real/00101745.png,imle,0,-0.3809176709914931
2352,imle/0_real/00104031.png,imle,0,-0.3830583942645859
2353,stylegan2/car/1_fake/001942.png,stylegan2,1,-0.3861475063364965
2354,ldm_200/0_real/izmzwnwzxb.jpg,ldm_200,0,-0.3863538735449154
2355,gaugan/0_real/000000100624.png,gaugan,0,-0.3864079337759979
2356,cyclegan/summer/0_real/2012-07-07 00:25:30_real.png,cyclegan,0,-0.3871590399991766
2357,gaugan/0_real/000000046804.png,gaugan,0,-0.3886179422912941
2358,crn/0_real/00101226.png,crn,0,-0.3921062739716611
2359,crn/0_real/00101421.png,crn,0,-0.3932863960825407
2360,crn/0_real/00105076.png,crn,0,-0.3938049231056902
2361,crn/0_real/00102783.png,crn,0,-0.3946252799310731
2362,dalle/0_real/raxqxyzhrc.jpg,dalle,0,-0.3963923718841653
2363,stylegan2/horse/1_fake/000823.png,stylegan2,1,-0.3973906588382234
2364,imagenet/0_real/xctsfejxfy.JPEG,imagenet,0,-0.3976242932777997
2365,stylegan2/car/1_fake/001559.png,stylegan2,1,-0.3979398286370608
2366,stylegan2/car/1_fake/000026.png,stylegan2,1,-0.398333868766641
2367,guided/0_real/kobditubhr.JPEG,guided,0,-0.3998421835445144
2368,whichfaceisreal/0_real/00908.jpeg,whichfaceisreal,0,-0.4000421089675818
2369,stylegan2/horse/1_fake/001986.png,stylegan2,1,-0.4009296902286146
2370,gaugan/0_real/000000446117.png,gaugan,0,-0.4009977969343178
2371,deepfake/0_real/951_0350.png,deepfake,0,-0.403268035944159
2372,biggan/0_real/328--n02319095_1587.png,biggan,0,-0.4033363708414252
2373,crn/0_real/00106162.png,crn,0,-0.4074580614851189
2374,stylegan2/cat/1_fake/001240.png,stylegan2,1,-0.4097144279346816
2375,gaugan/0_real/000000203629.png,gaugan,0,-0.4103126955252109
2376,gaugan/0_real/000000312340.png,gaugan,0,-0.4115600277214115
2377,stylegan2/church/0_real/08682.png,stylegan2,0,-0.4135468059524534
2378,stylegan/bedroom/0_real/10806.png,stylegan,0,-0.4136981470728068
2379,stylegan2/church/0_real/18072.png,stylegan2,0,-0.4148783826586782
2380,biggan/0_real/774--n04133789_9566.png,biggan,0,-0.414937763802837
2381,glide_100_27/0_real/uzgkdnsvbt.jpg,glide_100_27,0,-0.4150300095488678
2382,stylegan2/church/0_real/06679.png,stylegan2,0,-0.4183740096687575
2383,deepfake/1_fake/955_078_0461.png,deepfake,1,-0.4185977531420614
2384,stylegan/bedroom/1_fake/083793.png,stylegan,1,-0.4203362771587273
2385,imle/0_real/00102798.png,imle,0,-0.4214716589527613
2386,dalle/0_real/myjibkfcjw.jpg,dalle,0,-0.4236710935291166
2387,stylegan2/church/1_fake/000808.png,stylegan2,1,-0.4239335733256376
2388,glide_100_27/1_fake/wqvahtytps.png,glide_100_27,1,-0.4242987148617443
2389,deepfake/0_real/452_0543.png,deepfake,0,-0.425891549082786
2390,stylegan2/church/1_fake/000384.png,stylegan2,1,-0.4261824451030238
2391,laion/0_real/eayzvzrytx.jpg,laion,0,-0.4273632381111193
2392,cyclegan/apple/0_real/n07740461_14791_real.png,cyclegan,0,-0.4294022708853569
2393,gaugan/0_real/000000443844.png,gaugan,0,-0.4294474259338256
2394,imle/0_real/00101690.png,imle,0,-0.4327732405641085
2395,imle/0_real/00100820.png,imle,0,-0.4373826482602307
2396,whichfaceisreal/0_real/00126.jpeg,whichfaceisreal,0,-0.4382192035886336
2397,gaugan/0_real/000000100274.png,gaugan,0,-0.4400861280185102
2398,guided/0_real/llmwutwhbl.JPEG,guided,0,-0.4404663212735857
2399,stylegan2/cat/1_fake/001397.png,stylegan2,1,-0.4422694162516912
2400,stylegan2/car/1_fake/001427.png,stylegan2,1,-0.4423570747413622
2401,gaugan/0_real/000000300233.png,gaugan,0,-0.4428929896921527
2402,whichfaceisreal/0_real/00771.jpeg,whichfaceisreal,0,-0.4445632493540896
2403,dalle/0_real/lnavxqqxfa.jpg,dalle,0,-0.4510398160137879
2404,crn/0_real/00101699.png,crn,0,-0.4535701482186564
2405,stylegan/cat/1_fake/081395.png,stylegan,1,-0.4542651762382368
2406,crn/0_real/00102282.png,crn,0,-0.4562636524472775
2407,deepfake/0_real/695_0134.png,deepfake,0,-0.4564863388288088
2408,stylegan2/church/0_real/18149.png,stylegan2,0,-0.4570523892710315
2409,imle/0_real/00104633.png,imle,0,-0.4571826310536271
2410,ldm_200_cfg/1_fake/bdwbeyarpc.png,ldm_200_cfg,1,-0.4594975933103001
2411,stylegan/bedroom/1_fake/058415.png,stylegan,1,-0.4605886233420656
2412,stylegan/bedroom/1_fake/080952.png,stylegan,1,-0.4610780360837999
2413,ldm_200_cfg/1_fake/opljqzrrmw.png,ldm_200_cfg,1,-0.4619599301783782
2414,gaugan/0_real/000000412362.png,gaugan,0,-0.4637053877924899
2415,stylegan2/horse/1_fake/001451.png,stylegan2,1,-0.4654623159406179
2416,crn/0_real/00106376.png,crn,0,-0.4662513680027402
2417,imle/0_real/00105465.png,imle,0,-0.4670313239007652
2418,stylegan/bedroom/1_fake/082387.png,stylegan,1,-0.4678035118549928
2419,glide_100_10/1_fake/dbifuulczh.png,glide_100_10,1,-0.4708597253672053
2420,glide_100_27/1_fake/ypvdkreobg.png,glide_100_27,1,-0.471260602461085
2421,stylegan2/horse/1_fake/001861.png,stylegan2,1,-0.4722859524921972
2422,stylegan2/church/1_fake/001719.png,stylegan2,1,-0.4734433290449388
2423,ldm_200/0_real/ltwpiurdob.jpg,ldm_200,0,-0.4754905035060212
2424,crn/0_real/00105335.png,crn,0,-0.4757950370119219
2425,glide_50_27/1_fake/vocoamkcza.png,glide_50_27,1,-0.4768770729095963
2426,stylegan2/church/1_fake/001504.png,stylegan2,1,-0.477924232762756
2427,stylegan2/church/1_fake/000922.png,stylegan2,1,-0.4791916588081797
2428,crn/0_real/00100448.png,crn,0,-0.482175055110892
2429,gaugan/0_real/000000021503.png,gaugan,0,-0.4822170304851589
2430,whichfaceisreal/0_real/00900.jpeg,whichfaceisreal,0,-0.4844158229225307
2431,ldm_200_cfg/0_real/oegbyamziq.jpg,ldm_200_cfg,0,-0.4865031434931808
2432,stylegan/car/1_fake/013590.png,stylegan,1,-0.486545421472949
2433,guided/1_fake/eecrzmaxjv.png,guided,1,-0.4869589664697448
2434,whichfaceisreal/0_real/00055.jpeg,whichfaceisreal,0,-0.4880187720992776
2435,deepfake/1_fake/970_973_0032.png,deepfake,1,-0.4909522519345146
2436,crn/0_real/00105720.png,crn,0,-0.4932602598409018
2437,stylegan/bedroom/1_fake/001284.png,stylegan,1,-0.4937616824644852
2438,gaugan/0_real/000000492362.png,gaugan,0,-0.4967810051283758
2439,stylegan2/cat/1_fake/000427.png,stylegan2,1,-0.4981881938200137
2440,imle/0_real/00103725.png,imle,0,-0.5027553440179557
2441,stylegan2/horse/1_fake/001211.png,stylegan2,1,-0.503600745534688
2442,deepfake/1_fake/650_625_0308.png,deepfake,1,-0.5036059140869956
2443,stylegan2/church/0_real/07774.png,stylegan2,0,-0.5049399093857554
2444,gaugan/0_real/000000303908.png,gaugan,0,-0.5090316156711002
2445,gaugan/0_real/000000130599.png,gaugan,0,-0.5102241480667529
2446,imle/0_real/00100585.png,imle,0,-0.5139573354931952
2447,gaugan/0_real/000000158956.png,gaugan,0,-0.5150321465166903
2448,stylegan/bedroom/1_fake/089618.png,stylegan,1,-0.5151091921437038
2449,ldm_200/0_real/hrdlxdegxy.jpg,ldm_200,0,-0.5172039760204346
2450,stylegan2/church/1_fake/000441.png,stylegan2,1,-0.5175890450104448
2451,whichfaceisreal/0_real/00703.jpeg,whichfaceisreal,0,-0.518832038720348
2452,biggan/0_real/854--n04418357_13381.png,biggan,0,-0.5211904172175735
2453,gaugan/0_real/000000177714.png,gaugan,0,-0.5213318349348588
2454,ldm_200_cfg/0_real/dimuqznulw.jpg,ldm_200_cfg,0,-0.522080061031321
2455,gaugan/0_real/000000338625.png,gaugan,0,-0.5224809728536867
2456,stylegan2/car/1_fake/000665.png,stylegan2,1,-0.5249206685546965
2457,deepfake/1_fake/254_261_0030.png,deepfake,1,-0.5259236208880351
2458,guided/0_real/kyrjicorfj.JPEG,guided,0,-0.5267752631809606
2459,crn/0_real/00105339.png,crn,0,-0.5271818985715242
2460,stylegan/bedroom/1_fake/092971.png,stylegan,1,-0.5272527109834337
2461,deepfake/0_real/389_0199.png,deepfake,0,-0.5275574850665902
2462,whichfaceisreal/0_real/00424.jpeg,whichfaceisreal,0,-0.5276166499340903
2463,stylegan2/church/1_fake/000477.png,stylegan2,1,-0.5278930372658923
2464,gaugan/0_real/000000003553.png,gaugan,0,-0.5310647195467207
2465,whichfaceisreal/0_real/00457.jpeg,whichfaceisreal,0,-0.5310665577920555
2466,ldm_200_cfg/1_fake/qgdbbafuhn.png,ldm_200_cfg,1,-0.5314963853774654
2467,seeingdark/0_real/10145_00_100_gt.png,seeingdark,0,-0.5315960084395581
2468,stargan/0_real/0155.png,stargan,0,-0.5330883740625915
2469,imle/0_real/00106358.png,imle,0,-0.5332990416894362
2470,stylegan2/cat/1_fake/001513.png,stylegan2,1,-0.5350129845270045
2471,crn/0_real/00100436.png,crn,0,-0.5353251856337528
2472,biggan/0_real/937--n07714990_3441.png,biggan,0,-0.5355588524589667
2473,san/1_fake/Urban100_084_BIX4_G20R10P48_11_6_SR_x4.png,san,1,-0.5377239593638914
2474,gaugan/0_real/000000300842.png,gaugan,0,-0.5396366970606465
2475,stylegan2/church/0_real/02853.png,stylegan2,0,-0.5397437428129137
2476,cyclegan/summer/0_real/2011-07-03 11:01:20_real.png,cyclegan,0,-0.5412207628210963
2477,stylegan2/church/0_real/12269.png,stylegan2,0,-0.5415720741347088
2478,stylegan2/church/0_real/16265.png,stylegan2,0,-0.5438781912148507
2479,imagenet/0_real/bhlyixirpi.JPEG,imagenet,0,-0.5441088611286325
2480,glide_100_10/1_fake/ypvdkreobg.png,glide_100_10,1,-0.5491459454746638
2481,gaugan/0_real/000000491497.png,gaugan,0,-0.5498081734718354
2482,san/0_real/img_017.png,san,0,-0.5506538565962684
2483,stylegan/bedroom/1_fake/006231.png,stylegan,1,-0.5506817146297127
2484,biggan/0_real/643--n03724870_54022.png,biggan,0,-0.5508012164285846
2485,deepfake/1_fake/261_254_0130.png,deepfake,1,-0.5533342470599885
2486,stylegan/bedroom/1_fake/006218.png,stylegan,1,-0.5549754051848732
2487,gaugan/0_real/000000037777.png,gaugan,0,-0.5586495394827836
2488,stylegan2/horse/1_fake/000293.png,stylegan2,1,-0.558965180387087
2489,guided/1_fake/ffubnjdhop.png,guided,1,-0.5598549767429694
2490,deepfake/0_real/904_0339.png,deepfake,0,-0.5602512126006363
2491,dalle/0_real/mltvjsqnjm.jpg,dalle,0,-0.5611756077399346
2492,crn/0_real/00105604.png,crn,0,-0.5618543350155114
2493,cyclegan/horse/0_real/n02381460_530_real.png,cyclegan,0,-0.5631961792962078
2494,stylegan2/horse/1_fake/001317.png,stylegan2,1,-0.5633078988217993
2495,stylegan2/church/1_fake/001020.png,stylegan2,1,-0.5633359486772413
2496,biggan/0_real/19--n01592084_5490.png,biggan,0,-0.5653820040989861
2497,biggan/0_real/636--n03709823_18345.png,biggan,0,-0.5666350531852365
2498,deepfake/0_real/480_0448.png,deepfake,0,-0.5673445277131912
2499,stylegan2/horse/1_fake/000133.png,stylegan2,1,-0.5676784630369524
2500,stylegan2/church/1_fake/001737.png,stylegan2,1,-0.5683851619032781
2501,stylegan/bedroom/0_real/06787.png,stylegan,0,-0.5687893057738305
2502,stylegan2/church/1_fake/000280.png,stylegan2,1,-0.5699343978687192
2503,gaugan/0_real/000000328286.png,gaugan,0,-0.5707971778396329
2504,cyclegan/apple/0_real/n07740461_14821_real.png,cyclegan,0,-0.5715525613346284
2505,stylegan2/church/1_fake/000831.png,stylegan2,1,-0.5729487086614212
2506,stylegan/bedroom/0_real/13526.png,stylegan,0,-0.575401979797099
2507,stylegan2/cat/1_fake/000846.png,stylegan2,1,-0.5757467545821568
2508,gaugan/0_real/000000055150.png,gaugan,0,-0.5775477047420273
2509,stylegan/bedroom/0_real/04548.png,stylegan,0,-0.5795262656816975
2510,gaugan/0_real/000000228144.png,gaugan,0,-0.5811536193711957
2511,glide_100_27/1_fake/wxhrxapobk.png,glide_100_27,1,-0.5827283868616135
2512,whichfaceisreal/0_real/00971.jpeg,whichfaceisreal,0,-0.5845960650021957
2513,san/1_fake/BSD100_079_BIX4_G20R10P48_11_6_SR_x4.png,san,1,-0.5849403621202472
2514,stylegan2/cat/1_fake/000474.png,stylegan2,1,-0.5900526191837292
2515,gaugan/0_real/000000154947.png,gaugan,0,-0.5901584019833904
2516,stylegan2/cat/1_fake/001146.png,stylegan2,1,-0.590554011525962
2517,imagenet/0_real/myekqhvgnw.JPEG,imagenet,0,-0.5918286762755121
2518,ldm_200_cfg/1_fake/snjzonvpow.png,ldm_200_cfg,1,-0.5919322541210927
2519,deepfake/1_fake/949_868_0103.png,deepfake,1,-0.5921196988700093
2520,stylegan2/cat/1_fake/000657.png,stylegan2,1,-0.5927390141445085
2521,glide_50_27/0_real/fneghrqtsf.jpg,glide_50_27,0,-0.5935762535944202
2522,imle/0_real/00100260.png,imle,0,-0.5973498211192182
2523,deepfake/1_fake/114_102_1017.png,deepfake,1,-0.5979383979752033
2524,whichfaceisreal/0_real/00236.jpeg,whichfaceisreal,0,-0.5985021253221814
2525,gaugan/0_real/000000353180.png,gaugan,0,-0.5988609974849302
2526,gaugan/0_real/000000151051.png,gaugan,0,-0.6010153133976515
2527,whichfaceisreal/0_real/00469.jpeg,whichfaceisreal,0,-0.6039208437402152
2528,ldm_100/0_real/wotrziuyhj.jpg,ldm_100,0,-0.6042514071244529
2529,gaugan/0_real/000000367195.png,gaugan,0,-0.6042514136448887
2530,gaugan/0_real/000000316015.png,gaugan,0,-0.6046490180430637
2531,stylegan/bedroom/1_fake/032325.png,stylegan,1,-0.6054851336124548
2532,whichfaceisreal/0_real/00516.jpeg,whichfaceisreal,0,-0.6076312818563866
2533,deepfake/1_fake/280_249_0268.png,deepfake,1,-0.6103396094373339
2534,guided/1_fake/ykhbfkbqqc.png,guided,1,-0.6124111912488902
2535,gaugan/0_real/000000097337.png,gaugan,0,-0.6132590481145515
2536,stargan/0_real/0346.png,stargan,0,-0.6147748167939954
2537,stylegan2/horse/1_fake/001849.png,stylegan2,1,-0.6151171674171114
2538,cyclegan/apple/0_real/n07740461_780_real.png,cyclegan,0,-0.6156366982794116
2539,glide_100_27/1_fake/hxkeijjlvb.png,glide_100_27,1,-0.6185810214194628
2540,stylegan2/church/0_real/05480.png,stylegan2,0,-0.6193013001831691
2541,ldm_100/0_real/izrfhzbwzc.jpg,ldm_100,0,-0.6259079056766894
2542,glide_50_27/0_real/izrfhzbwzc.jpg,glide_50_27,0,-0.6259079056766894
2543,crn/0_real/00101803.png,crn,0,-0.6261775275459862
2544,stylegan2/horse/1_fake/001318.png,stylegan2,1,-0.6286162306738663
2545,stylegan2/car/1_fake/001392.png,stylegan2,1,-0.6291782313740961
2546,gaugan/0_real/000000471789.png,gaugan,0,-0.6327024564482439
2547,stylegan2/car/1_fake/000167.png,stylegan2,1,-0.6336327293712336
2548,deepfake/1_fake/128_896_0193.png,deepfake,1,-0.6359316230681206
2549,stylegan/bedroom/0_real/04469.png,stylegan,0,-0.6365442862136288
2550,stylegan2/horse/1_fake/001409.png,stylegan2,1,-0.6375787760873268
2551,dalle/0_real/yyrtmboyuo.jpg,dalle,0,-0.6429913174032028
2552,san/1_fake/Urban100_078_BIX4_G20R10P48_11_6_SR_x4.png,san,1,-0.6438793235153978
2553,stylegan2/church/0_real/19274.png,stylegan2,0,-0.6451595477535937
2554,deepfake/0_real/245_0230.png,deepfake,0,-0.6460781787977972
2555,imle/0_real/00101072.png,imle,0,-0.6481646647000372
2556,glide_100_27/1_fake/hhlwjuqsbz.png,glide_100_27,1,-0.6487206936287302
2557,biggan/0_real/797--n04235860_10688.png,biggan,0,-0.6489850238701775
2558,gaugan/0_real/000000475064.png,gaugan,0,-0.6510361596592986
2559,stylegan2/church/0_real/00486.png,stylegan2,0,-0.6514035538340804
2560,whichfaceisreal/0_real/00790.jpeg,whichfaceisreal,0,-0.6514681188860485
2561,stylegan2/cat/1_fake/000513.png,stylegan2,1,-0.6520245938134929
2562,ldm_200/0_real/krqkilakxw.jpg,ldm_200,0,-0.653198277686654
2563,stylegan2/church/0_real/18260.png,stylegan2,0,-0.6551815897239337
2564,stylegan/bedroom/1_fake/083095.png,stylegan,1,-0.6561568304638274
2565,glide_100_27/0_real/szebyvzlqt.jpg,glide_100_27,0,-0.6580833726154791
2566,stylegan/bedroom/0_real/11785.png,stylegan,0,-0.6590329753715307
2567,guided/1_fake/nvsdiqcxdc.png,guided,1,-0.6591277103519357
2568,stylegan2/car/1_fake/001551.png,stylegan2,1,-0.6604754418703692
2569,imagenet/0_real/nrqrcqxudf.JPEG,imagenet,0,-0.6620128370801233
2570,guided/0_real/nrqrcqxudf.JPEG,guided,0,-0.6620128370801233
2571,gaugan/0_real/000000294783.png,gaugan,0,-0.6621794926791036
2572,gaugan/0_real/000000455157.png,gaugan,0,-0.6630437314074041
2573,gaugan/0_real/000000145020.png,gaugan,0,-0.6631197387094723
2574,deepfake/0_real/982_0785.png,deepfake,0,-0.6645079932097309
2575,deepfake/0_real/725_0161.png,deepfake,0,-0.6668727439557294
2576,gaugan/0_real/000000482100.png,gaugan,0,-0.6672654019662566
2577,crn/0_real/00101330.png,crn,0,-0.6685178972003434
2578,biggan/0_real/191--n02096051_9205.png,biggan,0,-0.6688627958541802
2579,biggan/0_real/178--n02092339_2151.png,biggan,0,-0.6726373696990597
2580,stargan/0_real/0734.png,stargan,0,-0.6747447623185886
2581,stylegan2/car/1_fake/000018.png,stylegan2,1,-0.6749425003967338
2582,glide_100_27/0_real/xsmkmdlmux.jpg,glide_100_27,0,-0.675337454914404
2583,glide_100_10/0_real/xhhbffrquk.jpg,glide_100_10,0,-0.6769534859654796
2584,laion/0_real/xhhbffrquk.jpg,laion,0,-0.6769534859654796
2585,gaugan/0_real/000000219578.png,gaugan,0,-0.6774186163904994
2586,gaugan/0_real/000000308631.png,gaugan,0,-0.6783221595811328
2587,gaugan/0_real/000000180188.png,gaugan,0,-0.6794752980363477
2588,cyclegan/orange/0_real/n07749192_4421_real.png,cyclegan,0,-0.6814837074111092
2589,stargan/0_real/0470.png,stargan,0,-0.6829080127631528
2590,guided/0_real/iuwybjqiha.JPEG,guided,0,-0.6840744410773556
2591,deepfake/0_real/349_0342.png,deepfake,0,-0.68468280076455
2592,stylegan2/car/1_fake/001620.png,stylegan2,1,-0.6862006760392527
2593,gaugan/0_real/000000198489.png,gaugan,0,-0.6869132043200465
2594,dalle/0_real/gmjuidkgzm.jpg,dalle,0,-0.687605629218853
2595,deepfake/1_fake/868_949_0017.png,deepfake,1,-0.688740429210424
2596,stylegan2/church/0_real/02805.png,stylegan2,0,-0.6890088232948403
2597,stylegan2/church/0_real/02403.png,stylegan2,0,-0.6898393844051365
2598,stylegan2/church/0_real/02851.png,stylegan2,0,-0.6912845681009319
2599,gaugan/0_real/000000292060.png,gaugan,0,-0.6913780915839767
2600,cyclegan/summer/0_real/2015-08-06 01:27:50_real.png,cyclegan,0,-0.6942828119706559
2601,imagenet/0_real/fegqolkrls.JPEG,imagenet,0,-0.6960674809516866
2602,imle/0_real/00100948.png,imle,0,-0.6977579072994932
2603,ldm_200_cfg/0_real/dhepjncjkt.jpg,ldm_200_cfg,0,-0.69991271808363
2604,guided/1_fake/fwnswugajt.png,guided,1,-0.7021698495943868
2605,crn/0_real/00106117.png,crn,0,-0.7058525504105596
2606,gaugan/0_real/000000103585.png,gaugan,0,-0.7080031030171999
2607,stylegan2/cat/1_fake/001983.png,stylegan2,1,-0.708627164605809
2608,stylegan2/horse/1_fake/000820.png,stylegan2,1,-0.7108768838882404
2609,stylegan2/church/0_real/06113.png,stylegan2,0,-0.7130586113244126
2610,stargan/0_real/0858.png,stargan,0,-0.7142663030454732
2611,deepfake/0_real/376_0287.png,deepfake,0,-0.7156591275453753
2612,stylegan/bedroom/1_fake/058796.png,stylegan,1,-0.7165689138273437
2613,stylegan2/church/1_fake/001750.png,stylegan2,1,-0.7168034698693919
2614,deepfake/0_real/488_0021.png,deepfake,0,-0.7172720525693017
2615,deepfake/1_fake/939_115_0364.png,deepfake,1,-0.7178439665568966
2616,glide_50_27/0_real/vsocilgayn.jpg,glide_50_27,0,-0.7213214409125205
2617,stylegan2/cat/1_fake/000392.png,stylegan2,1,-0.7224123565721048
2618,biggan/0_real/909--n04596742_31975.png,biggan,0,-0.7224477851538498
2619,stargan/0_real/0686.png,stargan,0,-0.723459604580926
2620,stylegan/bedroom/0_real/11360.png,stylegan,0,-0.7250971811914277
2621,stylegan2/car/1_fake/000331.png,stylegan2,1,-0.7259340271995015
2622,stylegan/bedroom/0_real/16435.png,stylegan,0,-0.7270960297278245
2623,whichfaceisreal/0_real/00819.jpeg,whichfaceisreal,0,-0.7278171108319416
2624,glide_50_27/0_real/jecdlrpjba.jpg,glide_50_27,0,-0.7296080652725746
2625,ldm_200_cfg/0_real/jecdlrpjba.jpg,ldm_200_cfg,0,-0.7296080652725746
2626,dalle/0_real/jecdlrpjba.jpg,dalle,0,-0.7296080652725746
2627,deepfake/0_real/566_0397.png,deepfake,0,-0.730062031078414
2628,stylegan2/church/0_real/02044.png,stylegan2,0,-0.7305265389187071
2629,imagenet/0_real/uprjbmydux.JPEG,imagenet,0,-0.7322182538781513
2630,stylegan/car/1_fake/048731.png,stylegan,1,-0.7335499736185145
2631,san/0_real/img_100.png,san,0,-0.7340098720100421
2632,deepfake/0_real/912_0164.png,deepfake,0,-0.7353587861153728
2633,stylegan2/church/1_fake/001641.png,stylegan2,1,-0.7391763551556397
2634,gaugan/0_real/000000140203.png,gaugan,0,-0.742079140750709
2635,deepfake/1_fake/823_584_0169.png,deepfake,1,-0.7450667997925623
2636,san/1_fake/Urban100_100_BIX4_G20R10P48_11_6_SR_x4.png,san,1,-0.7460433906368121
2637,dalle/0_real/njrelhtzux.jpg,dalle,0,-0.7464599531940251
2638,deepfake/1_fake/142_138_0070.png,deepfake,1,-0.7477782211155106
2639,gaugan/0_real/000000239318.png,gaugan,0,-0.7477891109226894
2640,deepfake/0_real/485_0240.png,deepfake,0,-0.749529808435064
2641,gaugan/0_real/000000058111.png,gaugan,0,-0.7499188062738706
2642,stargan/0_real/0556.png,stargan,0,-0.7515280692141858
2643,guided/0_real/iwsairnpes.JPEG,guided,0,-0.7523033045357623
2644,gaugan/0_real/000000085576.png,gaugan,0,-0.7530062457085055
2645,deepfake/0_real/661_0406.png,deepfake,0,-0.7543096152536194
2646,gaugan/0_real/000000522393.png,gaugan,0,-0.7547319695443659
2647,gaugan/0_real/000000194832.png,gaugan,0,-0.7552692600510067
2648,imagenet/0_real/xnesojheqr.JPEG,imagenet,0,-0.7574065014452872
2649,gaugan/0_real/000000365766.png,gaugan,0,-0.7581465723932923
2650,cyclegan/winter/0_real/2012-04-17 13:47:10_real.png,cyclegan,0,-0.7599051718768983
2651,gaugan/0_real/000000578792.png,gaugan,0,-0.7606117548701099
2652,whichfaceisreal/0_real/00338.jpeg,whichfaceisreal,0,-0.7613514283280204
2653,stylegan2/church/0_real/09354.png,stylegan2,0,-0.7619254317289519
2654,stylegan/bedroom/0_real/09640.png,stylegan,0,-0.7620472630956165
2655,deepfake/0_real/670_0234.png,deepfake,0,-0.7622228377366074
2656,gaugan/0_real/000000209753.png,gaugan,0,-0.7626137245229065
2657,deepfake/0_real/634_0190.png,deepfake,0,-0.7642252776145122
2658,glide_100_27/0_real/ettedwuoqe.jpg,glide_100_27,0,-0.764942148681022
2659,glide_50_27/0_real/ettedwuoqe.jpg,glide_50_27,0,-0.764942148681022
2660,gaugan/0_real/000000536947.png,gaugan,0,-0.766352726426438
2661,gaugan/0_real/000000471567.png,gaugan,0,-0.7682526587454326
2662,gaugan/0_real/000000370478.png,gaugan,0,-0.769530268562577
2663,gaugan/0_real/000000187745.png,gaugan,0,-0.771125060461465
2664,stylegan2/cat/1_fake/001978.png,stylegan2,1,-0.7712077106433796
2665,stylegan2/church/0_real/11468.png,stylegan2,0,-0.7728450760831878
2666,stylegan/car/1_fake/075918.png,stylegan,1,-0.7756088885827843
2667,gaugan/0_real/000000277005.png,gaugan,0,-0.776215229716159
2668,cyclegan/apple/0_real/n07740461_91_real.png,cyclegan,0,-0.7763314451487101
2669,ldm_100/0_real/wyyltkwttn.jpg,ldm_100,0,-0.7764288395598449
2670,cyclegan/apple/0_real/n07740461_1550_real.png,cyclegan,0,-0.7767878246919164
2671,stylegan2/cat/1_fake/001414.png,stylegan2,1,-0.7772144091605162
2672,whichfaceisreal/0_real/00551.jpeg,whichfaceisreal,0,-0.7774726868305184
2673,gaugan/0_real/000000275392.png,gaugan,0,-0.7799071050656858
2674,gaugan/0_real/000000070158.png,gaugan,0,-0.7805646806379194
2675,stylegan/bedroom/0_real/04168.png,stylegan,0,-0.7848417161606684
2676,deepfake/0_real/857_0631.png,deepfake,0,-0.7849146548304659
2677,san/1_fake/BSD100_029_BIX4_G20R10P48_11_6_SR_x4.png,san,1,-0.7854773450169041
2678,imagenet/0_real/fxxzogdrnu.JPEG,imagenet,0,-0.7877878137841394
2679,stylegan2/church/0_real/14336.png,stylegan2,0,-0.7881347808800891
2680,glide_100_10/0_real/bqmyueubdu.jpg,glide_100_10,0,-0.7882809245065789
2681,stylegan2/car/1_fake/000671.png,stylegan2,1,-0.7888530232765081
2682,gaugan/0_real/000000393282.png,gaugan,0,-0.7891525336079908
2683,glide_100_27/1_fake/bfuqjvwwlk.png,glide_100_27,1,-0.7903354516367502
2684,biggan/0_real/359--n02443484_4040.png,biggan,0,-0.7921089452842636
2685,glide_50_27/0_real/smmiazxocc.jpg,glide_50_27,0,-0.7929006928529648
2686,biggan/0_real/948--n07742313_6.png,biggan,0,-0.793966166130138
2687,cyclegan/winter/0_real/2014-08-19 00:01:21_real.png,cyclegan,0,-0.7950404995446021
2688,stylegan2/cat/1_fake/000957.png,stylegan2,1,-0.7959564221759543
2689,stylegan2/car/1_fake/000139.png,stylegan2,1,-0.7968316312086203
2690,stylegan2/church/0_real/02947.png,stylegan2,0,-0.797606928719571
2691,gaugan/0_real/000000482970.png,gaugan,0,-0.7987255305580854
2692,gaugan/0_real/000000313034.png,gaugan,0,-0.7991440994042098
2693,stargan/0_real/0280.png,stargan,0,-0.8044167593659773
2694,biggan/0_real/81--n01796340_2157.png,biggan,0,-0.8066059801210641
2695,biggan/0_real/393--n02607072_1709.png,biggan,0,-0.8076143746170213
2696,deepfake/0_real/399_0354.png,deepfake,0,-0.8099571534154163
2697,gaugan/0_real/000000213816.png,gaugan,0,-0.8118831265948983
2698,gaugan/0_real/000000559956.png,gaugan,0,-0.812318898213378
2699,san/1_fake/BSD100_002_BIX4_G20R10P48_11_6_SR_x4.png,san,1,-0.8133799982342373
2700,cyclegan/horse/0_real/n02381460_1110_real.png,cyclegan,0,-0.8140009932261723
2701,ldm_200/0_real/lizvdcrrbp.jpg,ldm_200,0,-0.8148851504753531
2702,seeingdark/0_real/10228_00_250_gt.png,seeingdark,0,-0.8178561570375014
2703,stylegan2/horse/1_fake/001307.png,stylegan2,1,-0.8179638142287528
2704,biggan/0_real/559--n03376595_304.png,biggan,0,-0.8188812581993596
2705,stylegan2/church/0_real/02816.png,stylegan2,0,-0.8193254621467425
2706,deepfake/1_fake/388_308_0470.png,deepfake,1,-0.8193732267960239
2707,deepfake/0_real/900_0131.png,deepfake,0,-0.8198858954417882
2708,stylegan/bedroom/0_real/04491.png,stylegan,0,-0.8208319774042088
2709,stargan/0_real/0738.png,stargan,0,-0.820939371921122
2710,deepfake/0_real/638_0645.png,deepfake,0,-0.821047491169443
2711,gaugan/0_real/000000511384.png,gaugan,0,-0.8225613429958535
2712,stylegan2/car/1_fake/001155.png,stylegan2,1,-0.8244285873856978
2713,dalle/0_real/pzvgfnoiln.jpg,dalle,0,-0.8253280121002654
2714,stylegan/bedroom/1_fake/023269.png,stylegan,1,-0.8254668195352792
2715,stylegan2/car/1_fake/001267.png,stylegan2,1,-0.8259236481891323
2716,glide_100_10/0_real/ogdtdsagel.jpg,glide_100_10,0,-0.8277687942423306
2717,cyclegan/horse/0_real/n02381460_6790_real.png,cyclegan,0,-0.8277946107333438
2718,gaugan/0_real/000000336265.png,gaugan,0,-0.8294496705258202
2719,stylegan/bedroom/0_real/14605.png,stylegan,0,-0.8295931676752255
2720,stargan/0_real/0090.png,stargan,0,-0.8300884073782757
2721,gaugan/0_real/000000055299.png,gaugan,0,-0.8328580269481692
2722,stylegan2/church/0_real/01434.png,stylegan2,0,-0.8341566084348153
2723,guided/0_real/ztytemyoxv.JPEG,guided,0,-0.8357875130593291
2724,cyclegan/zebra/0_real/n02391049_7190_real.png,cyclegan,0,-0.836731067300416
2725,guided/0_real/msujwlrujo.JPEG,guided,0,-0.8372696068064985
2726,stargan/0_real/1421.png,stargan,0,-0.8376543925951722
2727,ldm_200/0_real/aociqzuesd.jpg,ldm_200,0,-0.8383885389651089
2728,ldm_200_cfg/0_real/aociqzuesd.jpg,ldm_200_cfg,0,-0.8383885389651089
2729,biggan/0_real/80--n01795545_16240.png,biggan,0,-0.8390559383111764
2730,gaugan/0_real/000000497568.png,gaugan,0,-0.8395770324673961
2731,deepfake/1_fake/777_745_0272.png,deepfake,1,-0.8404500865757861
2732,cyclegan/summer/0_real/2013-08-08 08:25:11_real.png,cyclegan,0,-0.8410422034541445
2733,biggan/0_real/171--n02091032_11552.png,biggan,0,-0.8412810824604631
2734,biggan/0_real/340--n02391049_5169.png,biggan,0,-0.8442759636293328
2735,stylegan2/car/1_fake/001629.png,stylegan2,1,-0.8460256456176296
2736,whichfaceisreal/0_real/00984.jpeg,whichfaceisreal,0,-0.8464456409428305
2737,stargan/0_real/0714.png,stargan,0,-0.8516085648511493
2738,stylegan/bedroom/0_real/12637.png,stylegan,0,-0.8521071913352024
2739,deepfake/0_real/707_0531.png,deepfake,0,-0.8527115759985766
2740,biggan/0_real/315--n02236044_520.png,biggan,0,-0.853416993288133
2741,stargan/0_real/1563.png,stargan,0,-0.8536406211882213
2742,stylegan2/church/0_real/12971.png,stylegan2,0,-0.8553469342943527
2743,deepfake/1_fake/175_159_0082.png,deepfake,1,-0.8554457294469713
2744,guided/0_real/crqwxhlcfy.JPEG,guided,0,-0.8558369838145765
2745,cyclegan/orange/0_real/n07749192_8040_real.png,cyclegan,0,-0.8569922898197491
2746,gaugan/0_real/000000560880.png,gaugan,0,-0.8572106601837527
2747,stylegan/bedroom/1_fake/023844.png,stylegan,1,-0.8579388737140146
2748,imagenet/0_real/xvrgnnvmdu.JPEG,imagenet,0,-0.8585504898009992
2749,stylegan2/car/1_fake/001513.png,stylegan2,1,-0.8586297234214026
2750,deepfake/1_fake/245_157_0314.png,deepfake,1,-0.8598523706181112
2751,cyclegan/orange/0_real/n07749192_2390_real.png,cyclegan,0,-0.8605151668825821
2752,imagenet/0_real/yldbjbxfzj.JPEG,imagenet,0,-0.8643280585675712
2753,stylegan/cat/0_real/10386.png,stylegan,0,-0.8664986172166576
2754,deepfake/1_fake/420_257_0958.png,deepfake,1,-0.8667127855252696
2755,imagenet/0_real/jirfxpsjiz.JPEG,imagenet,0,-0.867933707601158
2756,deepfake/1_fake/949_868_0606.png,deepfake,1,-0.8689674000989989
2757,imagenet/0_real/uqgovdwcrr.JPEG,imagenet,0,-0.8698936819191699
2758,guided/1_fake/cubsnkbrrm.png,guided,1,-0.8704455275353435
2759,stylegan2/horse/1_fake/001766.png,stylegan2,1,-0.8707256980466029
2760,laion/0_real/nhlzsfyryf.jpg,laion,0,-0.8718867317110972
2761,gaugan/0_real/000000297084.png,gaugan,0,-0.8759868725672328
2762,ldm_200/0_real/djtbqkzsak.jpg,ldm_200,0,-0.8770684975698886
2763,guided/0_real/wxulzwiqwm.JPEG,guided,0,-0.8771191622998163
2764,stylegan2/church/0_real/09733.png,stylegan2,0,-0.8771220208514527
2765,stylegan/bedroom/0_real/15044.png,stylegan,0,-0.8773976711833615
2766,biggan/0_real/366--n02480855_6147.png,biggan,0,-0.8787747499804563
2767,glide_100_10/0_real/oqlgvyltdu.jpg,glide_100_10,0,-0.8798659904132701
2768,biggan/0_real/286--n02125311_37103.png,biggan,0,-0.8807586855934596
2769,stylegan2/car/1_fake/000720.png,stylegan2,1,-0.8808177021871841
2770,deepfake/0_real/707_1002.png,deepfake,0,-0.8844162351907958
2771,stylegan2/church/0_real/05830.png,stylegan2,0,-0.8856157753643389
2772,deepfake/0_real/349_0201.png,deepfake,0,-0.8864423715674032
2773,deepfake/0_real/488_0389.png,deepfake,0,-0.8872709435159636
2774,glide_50_27/0_real/ayibbogxvl.jpg,glide_50_27,0,-0.8884257703236135
2775,ldm_200_cfg/0_real/ayibbogxvl.jpg,ldm_200_cfg,0,-0.8884257703236135
2776,gaugan/0_real/000000347335.png,gaugan,0,-0.8894856758056745
2777,ldm_100/0_real/edqamoutbf.jpg,ldm_100,0,-0.8908438206481142
2778,laion/0_real/ewldxwaqfh.jpg,laion,0,-0.8913358054591997
2779,deepfake/0_real/661_0458.png,deepfake,0,-0.8919786434172723
2780,ldm_100/0_real/ujtxojadtt.jpg,ldm_100,0,-0.8922299762096922
2781,deepfake/0_real/668_0256.png,deepfake,0,-0.8939574164476585
2782,ldm_200_cfg/0_real/fzrimmsozw.jpg,ldm_200_cfg,0,-0.8954027994099695
2783,stylegan/bedroom/0_real/01494.png,stylegan,0,-0.8966634132492277
2784,glide_100_27/0_real/abzfomfxjd.jpg,glide_100_27,0,-0.8968150164923103
2785,cyclegan/zebra/0_real/n02391049_1340_real.png,cyclegan,0,-0.8969412802772546
2786,cyclegan/apple/0_real/n07740461_1930_real.png,cyclegan,0,-0.8970346927599172
2787,stylegan/bedroom/0_real/06786.png,stylegan,0,-0.8972415719760616
2788,stylegan2/church/0_real/15465.png,stylegan2,0,-0.8993931557595342
2789,whichfaceisreal/0_real/00656.jpeg,whichfaceisreal,0,-0.8998459863495911
2790,deepfake/0_real/078_0472.png,deepfake,0,-0.899983742438207
2791,glide_100_27/0_real/vcuznpgkuo.jpg,glide_100_27,0,-0.9000504087246273
2792,stylegan2/church/0_real/03218.png,stylegan2,0,-0.9033491996620668
2793,cyclegan/summer/0_real/2016-06-19 20:14:10_real.png,cyclegan,0,-0.9042134628911878
2794,stargan/0_real/0235.png,stargan,0,-0.9050854373522704
2795,stylegan2/horse/1_fake/001129.png,stylegan2,1,-0.90517585449691
2796,glide_100_27/0_real/qieisvwywb.jpg,glide_100_27,0,-0.905886901273174
2797,gaugan/0_real/000000098392.png,gaugan,0,-0.9066421151839932
2798,guided/1_fake/lmrswyanpv.png,guided,1,-0.9077654927390132
2799,cyclegan/winter/0_real/2015-12-19 18:41:51_real.png,cyclegan,0,-0.9081858034353284
2800,deepfake/0_real/909_0084.png,deepfake,0,-0.9082566012995748
2801,stylegan2/church/0_real/00253.png,stylegan2,0,-0.9095645997952584
2802,stargan/0_real/0446.png,stargan,0,-0.9109463238282808
2803,laion/0_real/gqpoiykvcs.jpg,laion,0,-0.9114611599722529
2804,laion/0_real/hcnhiyscgm.jpg,laion,0,-0.9115734371240252
2805,dalle/0_real/hcnhiyscgm.jpg,dalle,0,-0.9115734371240252
2806,stargan/0_real/1105.png,stargan,0,-0.9120644197559424
2807,laion/0_real/kkxuptmzof.jpg,laion,0,-0.9131197374826604
2808,stylegan2/church/0_real/12177.png,stylegan2,0,-0.9155533656417024
2809,biggan/0_real/232--n02106166_9133.png,biggan,0,-0.9187309533785272
2810,stylegan/bedroom/1_fake/086498.png,stylegan,1,-0.9196296949289796
2811,gaugan/0_real/000000328683.png,gaugan,0,-0.9226144555688992
2812,glide_100_27/0_real/lsmostdlua.jpg,glide_100_27,0,-0.9229650544586786
2813,laion/0_real/ajaqvfgsih.jpg,laion,0,-0.9253763989306548
2814,deepfake/0_real/745_0281.png,deepfake,0,-0.925529567802497
2815,deepfake/0_real/321_0378.png,deepfake,0,-0.9264555085411068
2816,ldm_100/0_real/titltoewou.jpg,ldm_100,0,-0.9267477118206096
2817,guided/0_real/slrtleyncm.JPEG,guided,0,-0.9270796100658524
2818,gaugan/0_real/000000239857.png,gaugan,0,-0.927216969989221
2819,glide_100_10/0_real/jopvgvsrel.jpg,glide_100_10,0,-0.9289207128412824
2820,gaugan/0_real/000000198915.png,gaugan,0,-0.9290137554296676
2821,deepfake/0_real/895_0222.png,deepfake,0,-0.9296038953296264
2822,ldm_100/0_real/djumibnmaq.jpg,ldm_100,0,-0.9330061641109596
2823,stylegan2/horse/1_fake/001316.png,stylegan2,1,-0.9343996607656064
2824,gaugan/0_real/000000455624.png,gaugan,0,-0.9355806554695384
2825,biggan/0_real/115--n01950731_13247.png,biggan,0,-0.9396944200828808
2826,stylegan2/cat/1_fake/000954.png,stylegan2,1,-0.9411607996099052
2827,gaugan/0_real/000000158945.png,gaugan,0,-0.9416622869651844
2828,guided/0_real/izmzwnwzxb.JPEG,guided,0,-0.9416900877002364
2829,biggan/0_real/987--n12144580_13851.png,biggan,0,-0.9417034164340492
2830,gaugan/0_real/000000061584.png,gaugan,0,-0.9422319575205717
2831,cyclegan/winter/0_real/2017-01-04 16:32:01_real.png,cyclegan,0,-0.943317475720443
2832,deepfake/0_real/443_0948.png,deepfake,0,-0.9456234745120184
2833,gaugan/0_real/000000109992.png,gaugan,0,-0.9457186040777246
2834,stylegan2/car/1_fake/001793.png,stylegan2,1,-0.9462167822557996
2835,stylegan2/church/0_real/10187.png,stylegan2,0,-0.9472553271696886
2836,stylegan2/car/1_fake/001709.png,stylegan2,1,-0.9485682242513332
2837,stylegan2/church/0_real/14005.png,stylegan2,0,-0.94859242390069
2838,gaugan/0_real/000000427256.png,gaugan,0,-0.9486036802624112
2839,whichfaceisreal/0_real/00810.jpeg,whichfaceisreal,0,-0.9490459259754078
2840,gaugan/0_real/000000493284.png,gaugan,0,-0.9508861046363936
2841,imagenet/0_real/frrzmsczog.JPEG,imagenet,0,-0.9533830576109856
2842,guided/0_real/zxaydtvcbx.JPEG,guided,0,-0.9553612293330356
2843,cyclegan/summer/0_real/2015-07-06 20:20:50_real.png,cyclegan,0,-0.9561101957129308
2844,stylegan/bedroom/0_real/02420.png,stylegan,0,-0.9588665739867136
2845,guided/0_real/pwvremoaiz.JPEG,guided,0,-0.9592745348005246
2846,stylegan/bedroom/0_real/19109.png,stylegan,0,-0.95941500598097
2847,deepfake/0_real/423_0622.png,deepfake,0,-0.960414469383066
2848,glide_100_10/0_real/xmppkkdynh.jpg,glide_100_10,0,-0.9614743575893604
2849,guided/1_fake/aynkpajrmy.png,guided,1,-0.9626414691172994
2850,laion/0_real/wgrmpdejfv.jpg,laion,0,-0.9629528105675512
2851,ldm_200/0_real/lcaexbqxar.jpg,ldm_200,0,-0.9631545245795488
2852,whichfaceisreal/0_real/00745.jpeg,whichfaceisreal,0,-0.9665023512818542
2853,stylegan/bedroom/0_real/13986.png,stylegan,0,-0.966678850492561
2854,gaugan/0_real/000000104612.png,gaugan,0,-0.9686968082060132
2855,stylegan2/car/1_fake/001750.png,stylegan2,1,-0.9696241901646376
2856,laion/0_real/klcsuijwqh.jpg,laion,0,-0.9727744429538632
2857,stylegan/bedroom/0_real/07991.png,stylegan,0,-0.973806069471165
2858,imagenet/0_real/hpmppyffov.JPEG,imagenet,0,-0.9739106946901924
2859,whichfaceisreal/0_real/00825.jpeg,whichfaceisreal,0,-0.9749998555161884
2860,biggan/0_real/738--n03991062_23726.png,biggan,0,-0.975201395977746
2861,guided/0_real/jqcakwrejy.JPEG,guided,0,-0.9779075735464038
2862,biggan/0_real/271--n02114712_7214.png,biggan,0,-0.9780201320404834
2863,gaugan/0_real/000000244592.png,gaugan,0,-0.9782569490717689
2864,deepfake/0_real/855_0489.png,deepfake,0,-0.9791746347237428
2865,whichfaceisreal/0_real/00274.jpeg,whichfaceisreal,0,-0.9825083854848612
2866,stylegan2/church/0_real/13395.png,stylegan2,0,-0.9846932468259764
2867,cyclegan/orange/0_real/n07749192_3960_real.png,cyclegan,0,-0.9851115839862716
2868,cyclegan/summer/0_real/2015-06-14 11:29:21_real.png,cyclegan,0,-0.9860553947629058
2869,glide_50_27/0_real/yhwhnweccm.jpg,glide_50_27,0,-0.9866220595601038
2870,ldm_100/0_real/yhwhnweccm.jpg,ldm_100,0,-0.9866220595601038
2871,glide_100_10/0_real/qyaknxvzwp.jpg,glide_100_10,0,-0.9907633196225842
2872,stargan/0_real/1961.png,stargan,0,-0.9907640015662628
2873,laion/0_real/ugrxyyeknx.jpg,laion,0,-0.9918500540924106
2874,gaugan/0_real/000000356125.png,gaugan,0,-0.9935569638305513
2875,whichfaceisreal/0_real/00242.jpeg,whichfaceisreal,0,-0.9945766237344964
2876,gaugan/0_real/000000089761.png,gaugan,0,-0.9945955580859076
2877,stargan/0_real/0363.png,stargan,0,-0.9974856301758214
2878,deepfake/1_fake/420_257_0105.png,deepfake,1,-1.001136386859586
2879,biggan/0_real/732--n03976467_8302.png,biggan,0,-1.0022780128237216
2880,glide_50_27/0_real/bvbspxdfxz.jpg,glide_50_27,0,-1.0023863810667195
2881,gaugan/0_real/000000203488.png,gaugan,0,-1.006591021245322
2882,stylegan2/horse/0_real/07774.png,stylegan2,0,-1.0069926074347295
2883,stylegan2/church/0_real/05337.png,stylegan2,0,-1.0099314709035323
2884,glide_100_27/0_real/owymrcrmoo.jpg,glide_100_27,0,-1.0103052942929922
2885,deepfake/0_real/955_0261.png,deepfake,0,-1.0104684361937235
2886,whichfaceisreal/0_real/00051.jpeg,whichfaceisreal,0,-1.01088560916696
2887,deepfake/0_real/273_0302.png,deepfake,0,-1.0111786420221651
2888,deepfake/0_real/370_0048.png,deepfake,0,-1.0120253884916246
2889,guided/0_real/rhwouyajcq.JPEG,guided,0,-1.0120730634859578
2890,ldm_100/0_real/onkjvikzsj.jpg,ldm_100,0,-1.0156590580799745
2891,deepfake/0_real/376_0364.png,deepfake,0,-1.0160796999406383
2892,stylegan2/church/0_real/11265.png,stylegan2,0,-1.0169704827135284
2893,cyclegan/orange/0_real/n07749192_381_real.png,cyclegan,0,-1.017917150535551
2894,stylegan2/horse/0_real/11884.png,stylegan2,0,-1.0198700272122632
2895,deepfake/0_real/702_0527.png,deepfake,0,-1.0202846334041735
2896,gaugan/0_real/000000149222.png,gaugan,0,-1.0208207114671053
2897,deepfake/0_real/992_0083.png,deepfake,0,-1.0209617299223654
2898,deepfake/0_real/261_0388.png,deepfake,0,-1.021863005320622
2899,gaugan/0_real/000000580757.png,gaugan,0,-1.0222293127524782
2900,glide_100_27/0_real/oyxvwvxuzr.jpg,glide_100_27,0,-1.0234335311148817
2901,stylegan/bedroom/0_real/14444.png,stylegan,0,-1.024982876963139
2902,deepfake/0_real/227_0370.png,deepfake,0,-1.025786578282855
2903,cyclegan/apple/0_real/n07740461_230_real.png,cyclegan,0,-1.0260917543688504
2904,stargan/0_real/0106.png,stargan,0,-1.0274819228569336
2905,dalle/0_real/msccvtyrqo.jpg,dalle,0,-1.0276438070768548
2906,stargan/0_real/0366.png,stargan,0,-1.0281729943811784
2907,stylegan/car/0_real/00991.png,stylegan,0,-1.02844649253449
2908,stylegan2/church/0_real/02702.png,stylegan2,0,-1.0286615895904754
2909,stargan/0_real/1728.png,stargan,0,-1.0309472375721005
2910,stargan/0_real/0288.png,stargan,0,-1.0310553323607436
2911,deepfake/0_real/161_0183.png,deepfake,0,-1.031758314973012
2912,ldm_200/0_real/wketmynlnj.jpg,ldm_200,0,-1.032617106564259
2913,biggan/0_real/671--n03792782_21148.png,biggan,0,-1.0330368307400215
2914,biggan/0_real/236--n02107142_1736.png,biggan,0,-1.0331074082426157
2915,stargan/0_real/0396.png,stargan,0,-1.0333572776916171
2916,cyclegan/orange/0_real/n07749192_3790_real.png,cyclegan,0,-1.033917081037488
2917,stylegan2/church/0_real/18498.png,stylegan2,0,-1.0344741873759686
2918,gaugan/0_real/000000320743.png,gaugan,0,-1.0346144612687864
2919,gaugan/0_real/000000105264.png,gaugan,0,-1.0353854949529604
2920,imagenet/0_real/yeysnhxrmp.JPEG,imagenet,0,-1.0355011351152212
2921,laion/0_real/envczpiyds.jpg,laion,0,-1.036784185101845
2922,whichfaceisreal/0_real/00437.jpeg,whichfaceisreal,0,-1.039122987904897
2923,stylegan2/church/0_real/09220.png,stylegan2,0,-1.0395980212398668
2924,gaugan/0_real/000000308430.png,gaugan,0,-1.0398841042186076
2925,imagenet/0_real/bljmtryslc.JPEG,imagenet,0,-1.0405288801570525
2926,gaugan/0_real/000000204186.png,gaugan,0,-1.0406649575272011
2927,stylegan2/car/1_fake/001568.png,stylegan2,1,-1.0415441619931065
2928,biggan/0_real/174--n02091467_3576.png,biggan,0,-1.0438560131611645
2929,san/0_real/106024.png,san,0,-1.0462170842902916
2930,gaugan/0_real/000000500257.png,gaugan,0,-1.047587619510398
2931,deepfake/0_real/851_0625.png,deepfake,0,-1.0477356955083512
2932,deepfake/0_real/386_0254.png,deepfake,0,-1.048393761899276
2933,progan/motorbike/0_real/01167.png,progan,0,-1.048696985079032
2934,stylegan2/car/1_fake/000685.png,stylegan2,1,-1.0513696271692083
2935,stylegan2/cat/0_real/04513.png,stylegan2,0,-1.0515434702295066
2936,stylegan/bedroom/0_real/02905.png,stylegan,0,-1.0528452313149108
2937,deepfake/0_real/376_0174.png,deepfake,0,-1.0556900218586878
2938,glide_50_27/0_real/medbpbsmum.jpg,glide_50_27,0,-1.0559001738246514
2939,dalle/0_real/yoqkeajskn.jpg,dalle,0,-1.0562790549434191
2940,biggan/0_real/217--n02102040_5468.png,biggan,0,-1.0567665709282168
2941,biggan/0_real/663--n03781244_11184.png,biggan,0,-1.0591472179021653
2942,stargan/0_real/1894.png,stargan,0,-1.06304933661795
2943,dalle/0_real/wmgazqjjux.jpg,dalle,0,-1.063453487041477
2944,stylegan2/horse/1_fake/001587.png,stylegan2,1,-1.0644451540286448
2945,biggan/0_real/891--n04542943_5036.png,biggan,0,-1.0655186810836257
2946,gaugan/0_real/000000420069.png,gaugan,0,-1.0655358556132928
2947,biggan/0_real/867--n04467665_72022.png,biggan,0,-1.0674553867737044
2948,cyclegan/apple/0_real/n07740461_9560_real.png,cyclegan,0,-1.071324126585569
2949,stargan/0_real/1233.png,stargan,0,-1.0729846284290163
2950,glide_100_10/1_fake/zxnpcvwbfb.png,glide_100_10,1,-1.074201778779507
2951,stylegan2/car/1_fake/001751.png,stylegan2,1,-1.075393854153273
2952,cyclegan/summer/0_real/2011-05-28 15:13:21_real.png,cyclegan,0,-1.0798289714993077
2953,laion/0_real/rtiaijvnif.jpg,laion,0,-1.0805117527728922
2954,deepfake/1_fake/550_452_0069.png,deepfake,1,-1.0826286637442184
2955,progan/bicycle/0_real/13281.png,progan,0,-1.0833970185203206
2956,deepfake/0_real/979_0245.png,deepfake,0,-1.0834096559096382
2957,gaugan/0_real/000000149568.png,gaugan,0,-1.0840459478522495
2958,dalle/0_real/wipphellrw.jpg,dalle,0,-1.0863092762296076
2959,deepfake/0_real/762_0144.png,deepfake,0,-1.0898608219642667
2960,guided/0_real/rjddhlzmqd.JPEG,guided,0,-1.0900122569109982
2961,stargan/0_real/1812.png,stargan,0,-1.092032344500849
2962,gaugan/0_real/000000332455.png,gaugan,0,-1.0921850059350655
2963,stylegan/bedroom/0_real/09882.png,stylegan,0,-1.0930530340394502
2964,stylegan/bedroom/0_real/06063.png,stylegan,0,-1.0935352064840134
2965,glide_100_27/0_real/vwrsjumkmz.jpg,glide_100_27,0,-1.0950837477771178
2966,stargan/0_real/1205.png,stargan,0,-1.0967820521766354
2967,stylegan2/car/1_fake/001244.png,stylegan2,1,-1.0991377938519011
2968,deepfake/0_real/314_0052.png,deepfake,0,-1.1028506868473078
2969,whichfaceisreal/0_real/00281.jpeg,whichfaceisreal,0,-1.1030334182483823
2970,stylegan/bedroom/0_real/15279.png,stylegan,0,-1.1035510177590382
2971,deepfake/0_real/115_0065.png,deepfake,0,-1.1047294218697383
2972,stylegan2/church/0_real/00377.png,stylegan2,0,-1.1084912690068685
2973,dalle/0_real/tefyzlckhu.jpg,dalle,0,-1.1087734292247686
2974,deepfake/0_real/399_0395.png,deepfake,0,-1.1090243351906794
2975,stylegan2/church/0_real/10641.png,stylegan2,0,-1.1098863745803824
2976,deepfake/1_fake/917_924_0383.png,deepfake,1,-1.1115871145001082
2977,ldm_100/0_real/tknxjephgy.jpg,ldm_100,0,-1.1118359072752284
2978,deepfake/0_real/453_0263.png,deepfake,0,-1.1122147731904697
2979,dalle/0_real/nytqcbcfth.jpg,dalle,0,-1.1130514752750147
2980,ldm_100/0_real/nytqcbcfth.jpg,ldm_100,0,-1.1130514752750147
2981,deepfake/0_real/128_0637.png,deepfake,0,-1.113066370457608
2982,stylegan2/church/0_real/04990.png,stylegan2,0,-1.1165211062844205
2983,ldm_100/0_real/hsweljupee.jpg,ldm_100,0,-1.1175889705321134
2984,stargan/0_real/0921.png,stargan,0,-1.1190832756757287
2985,laion/0_real/wdxoxbbogy.jpg,laion,0,-1.1191923851263152
2986,stargan/0_real/1314.png,stargan,0,-1.1213591478886904
2987,glide_100_10/0_real/ulpnibnvvc.jpg,glide_100_10,0,-1.1243789965667823
2988,dalle/0_real/ulpnibnvvc.jpg,dalle,0,-1.1243789965667823
2989,glide_100_10/0_real/tvhyjyjvbi.jpg,glide_100_10,0,-1.1249624182988018
2990,dalle/0_real/tvhyjyjvbi.jpg,dalle,0,-1.1249624182988018
2991,deepfake/0_real/865_0020.png,deepfake,0,-1.1252268919976287
2992,whichfaceisreal/0_real/00719.jpeg,whichfaceisreal,0,-1.125949290847378
2993,guided/0_real/cspmbvyjpm.JPEG,guided,0,-1.1283084021737713
2994,stargan/0_real/0936.png,stargan,0,-1.129971987863328
2995,stargan/0_real/0320.png,stargan,0,-1.130156005424673
2996,stargan/0_real/0112.png,stargan,0,-1.1314372158314832
2997,glide_50_27/0_real/ybbbdeihcf.jpg,glide_50_27,0,-1.1315257976358697
2998,ldm_200_cfg/0_real/ybbbdeihcf.jpg,ldm_200_cfg,0,-1.1315257976358697
2999,stylegan2/car/1_fake/001954.png,stylegan2,1,-1.1319347955460175
3000,deepfake/0_real/817_0397.png,deepfake,0,-1.131956996446986
3001,glide_100_27/0_real/snjzonvpow.jpg,glide_100_27,0,-1.135105069550345
3002,glide_50_27/0_real/rzvoxvfpaz.jpg,glide_50_27,0,-1.135764137687762
3003,ldm_100/0_real/wzdhwjmvgy.jpg,ldm_100,0,-1.137059308945198
3004,gaugan/0_real/000000278705.png,gaugan,0,-1.1376252614926945
3005,progan/chair/0_real/12901.png,progan,0,-1.1376545086496097
3006,glide_100_10/0_real/surgjkswmj.jpg,glide_100_10,0,-1.138124291319683
3007,stylegan/bedroom/0_real/03774.png,stylegan,0,-1.1381532360962616
3008,stylegan2/car/1_fake/001362.png,stylegan2,1,-1.138166858015298
3009,stylegan/bedroom/0_real/05024.png,stylegan,0,-1.1409177467896403
3010,gaugan/0_real/000000193494.png,gaugan,0,-1.1416770725200387
3011,stylegan2/horse/1_fake/000007.png,stylegan2,1,-1.1418103405895232
3012,deepfake/0_real/682_0611.png,deepfake,0,-1.1426627469423545
3013,glide_100_10/0_real/uydofqnwdz.jpg,glide_100_10,0,-1.1434689089876309
3014,stylegan2/church/0_real/07602.png,stylegan2,0,-1.1436263545535068
3015,stylegan2/car/1_fake/000196.png,stylegan2,1,-1.1456397426282572
3016,biggan/0_real/731--n03970156_28392.png,biggan,0,-1.1469239200359695
3017,deepfake/0_real/585_0165.png,deepfake,0,-1.1475793490246418
3018,cyclegan/winter/0_real/2016-08-07 15:40:20_real.png,cyclegan,0,-1.1476964091307624
3019,stylegan2/church/0_real/10923.png,stylegan2,0,-1.148479437214022
3020,stylegan2/car/1_fake/000697.png,stylegan2,1,-1.149899429793758
3021,stylegan/bedroom/0_real/04485.png,stylegan,0,-1.154331298509233
3022,gaugan/0_real/000000163258.png,gaugan,0,-1.1545284307556305
3023,ldm_200_cfg/0_real/ntpnrhhljv.jpg,ldm_200_cfg,0,-1.1549314849209322
3024,stylegan/bedroom/0_real/01719.png,stylegan,0,-1.154971622563845
3025,whichfaceisreal/0_real/00650.jpeg,whichfaceisreal,0,-1.1554373974385552
3026,gaugan/0_real/000000443969.png,gaugan,0,-1.156077779670199
3027,deepfake/0_real/453_0028.png,deepfake,0,-1.156634997821465
3028,stylegan2/church/0_real/10886.png,stylegan2,0,-1.1588247501143936
3029,stylegan2/church/0_real/05149.png,stylegan2,0,-1.1620355970806104
3030,biggan/0_real/291--n02129165_8391.png,biggan,0,-1.1630043944036712
3031,biggan/0_real/671--n03792782_3338.png,biggan,0,-1.1643304398399557
3032,ldm_200_cfg/0_real/gcenmxpfnz.jpg,ldm_200_cfg,0,-1.165844640000894
3033,deepfake/0_real/917_0009.png,deepfake,0,-1.1672818534981686
3034,stargan/0_real/1466.png,stargan,0,-1.1684304917933703
3035,stylegan/bedroom/0_real/00574.png,stylegan,0,-1.1693476822405282
3036,progan/person/0_real/01602.png,progan,0,-1.1698774778255878
3037,stargan/0_real/1508.png,stargan,0,-1.17018820236686
3038,ldm_100/0_real/flislizwvd.jpg,ldm_100,0,-1.170506503107652
3039,deepfake/1_fake/233_995_0493.png,deepfake,1,-1.170614890468781
3040,deepfake/0_real/314_0213.png,deepfake,0,-1.1710368795114938
3041,laion/0_real/rzkutenljp.jpg,laion,0,-1.1718248585374715
3042,deepfake/1_fake/560_557_0065.png,deepfake,1,-1.1723405521946648
3043,cyclegan/apple/0_real/n07740461_3410_real.png,cyclegan,0,-1.1735064456709177
3044,laion/0_real/jnifdomopt.jpg,laion,0,-1.1736542988914411
3045,stylegan/bedroom/0_real/16876.png,stylegan,0,-1.1737492379983854
3046,biggan/0_real/35--n01667114_1398.png,biggan,0,-1.1740661799425385
3047,deepfake/1_fake/306_278_0090.png,deepfake,1,-1.1743778956545898
3048,glide_100_10/0_real/viwuulrpyk.jpg,glide_100_10,0,-1.175640021142598
3049,deepfake/1_fake/823_584_0016.png,deepfake,1,-1.1767804656180496
3050,gaugan/0_real/000000162092.png,gaugan,0,-1.177567854952987
3051,deepfake/0_real/656_0253.png,deepfake,0,-1.1778132659783571
3052,guided/1_fake/eqndltlggi.png,guided,1,-1.1778835286065548
3053,stylegan2/car/1_fake/000281.png,stylegan2,1,-1.179207536600922
3054,stylegan/bedroom/0_real/15814.png,stylegan,0,-1.1795968072957503
3055,stylegan2/car/1_fake/001365.png,stylegan2,1,-1.1807196717610418
3056,gaugan/0_real/000000191471.png,gaugan,0,-1.1825950744240143
3057,deepfake/0_real/354_0445.png,deepfake,0,-1.1851488574036524
3058,imagenet/0_real/sjezxhpiwr.JPEG,imagenet,0,-1.1884594680455405
3059,dalle/0_real/opljqzrrmw.jpg,dalle,0,-1.189593315771376
3060,stylegan2/church/0_real/10107.png,stylegan2,0,-1.190096154242359
3061,ldm_200_cfg/0_real/gzzhkwcczo.jpg,ldm_200_cfg,0,-1.191374425160309
3062,progan/chair/0_real/06430.png,progan,0,-1.19198673785222
3063,dalle/0_real/ffduxyansq.jpg,dalle,0,-1.1939817573642957
3064,deepfake/0_real/675_0289.png,deepfake,0,-1.194314313467685
3065,glide_100_10/1_fake/qejahcqthz.png,glide_100_10,1,-1.196153946607514
3066,deepfake/0_real/682_0439.png,deepfake,0,-1.196302992797746
3067,deepfake/0_real/922_0177.png,deepfake,0,-1.1971068058679994
3068,ldm_200_cfg/0_real/ivswfntzwh.jpg,ldm_200_cfg,0,-1.199426179697073
3069,ldm_100/0_real/ivswfntzwh.jpg,ldm_100,0,-1.199426179697073
3070,laion/0_real/bjipeebzgu.jpg,laion,0,-1.2000601055133262
3071,gaugan/0_real/000000416534.png,gaugan,0,-1.2005029679432564
3072,biggan/0_real/828--n04332243_3328.png,biggan,0,-1.2010938407678262
3073,stylegan/bedroom/1_fake/002273.png,stylegan,1,-1.201879038444364
3074,cyclegan/summer/0_real/2015-08-24 07:22:30_real.png,cyclegan,0,-1.2022667393152582
3075,stylegan/bedroom/0_real/10225.png,stylegan,0,-1.2032878086661385
3076,biggan/0_real/643--n03724870_15907.png,biggan,0,-1.2059938953279006
3077,deepfake/0_real/557_0162.png,deepfake,0,-1.208079637787719
3078,dalle/0_real/qgxnqynxwh.jpg,dalle,0,-1.2086855316175131
3079,dalle/0_real/rhwouyajcq.jpg,dalle,0,-1.209359369603115
3080,stylegan/bedroom/0_real/05507.png,stylegan,0,-1.2094254412189684
3081,deepfake/0_real/851_0005.png,deepfake,0,-1.2098650947856728
3082,ldm_100/0_real/dtvfjwtgbk.jpg,ldm_100,0,-1.211229018474592
3083,glide_100_10/1_fake/kgmqyotoqo.png,glide_100_10,1,-1.2114114891275838
3084,laion/0_real/oucmaedfum.jpg,laion,0,-1.2119771802268149
3085,guided/0_real/nvsdiqcxdc.JPEG,guided,0,-1.2120869524122848
3086,imagenet/0_real/nvsdiqcxdc.JPEG,imagenet,0,-1.2120869524122848
3087,deepfake/0_real/316_0320.png,deepfake,0,-1.2136407073261872
3088,san/1_fake/BSD100_047_BIX4_G20R10P48_11_6_SR_x4.png,san,1,-1.214586074496525
3089,ldm_100/0_real/hwfnoawnsx.jpg,ldm_100,0,-1.215696329708042
3090,deepfake/1_fake/970_973_0051.png,deepfake,1,-1.2157891955213234
3091,stargan/0_real/0027.png,stargan,0,-1.2169884483757962
3092,stargan/0_real/1026.png,stargan,0,-1.2186505744385372
3093,glide_100_10/0_real/sneggiimdk.jpg,glide_100_10,0,-1.2186903767459456
3094,deepfake/0_real/932_0057.png,deepfake,0,-1.2222390166212898
3095,laion/0_real/fzkskaljde.jpg,laion,0,-1.227755680856477
3096,gaugan/0_real/000000079565.png,gaugan,0,-1.2280513638143602
3097,stylegan/bedroom/0_real/19200.png,stylegan,0,-1.228606443043851
3098,progan/pottedplant/0_real/17289.png,progan,0,-1.2326981713205247
3099,stylegan/bedroom/0_real/00747.png,stylegan,0,-1.2338524435094071
3100,progan/bottle/0_real/12455.png,progan,0,-1.234124362970059
3101,ldm_200_cfg/0_real/tuptxvyplv.jpg,ldm_200_cfg,0,-1.2359138421073403
3102,ldm_100/0_real/tuptxvyplv.jpg,ldm_100,0,-1.2359138421073403
3103,stylegan2/horse/0_real/17486.png,stylegan2,0,-1.2360584818252325
3104,ldm_100/0_real/xqlumlknls.jpg,ldm_100,0,-1.2380379821842942
3105,stylegan2/church/0_real/17858.png,stylegan2,0,-1.2380386062565905
3106,biggan/0_real/774--n04133789_17673.png,biggan,0,-1.2381289756424292
3107,stylegan/bedroom/0_real/14561.png,stylegan,0,-1.2411897050540313
3108,dalle/0_real/rlarzjlvnd.jpg,dalle,0,-1.2418746364924458
3109,deepfake/0_real/564_0257.png,deepfake,0,-1.2432943506673575
3110,dalle/0_real/shyyqqechu.jpg,dalle,0,-1.2435255849060929
3111,ldm_200_cfg/0_real/vwsjebonhl.jpg,ldm_200_cfg,0,-1.2491097593404237
3112,ldm_200_cfg/0_real/nhcqvlreou.jpg,ldm_200_cfg,0,-1.2523282781944434
3113,gaugan/0_real/000000368961.png,gaugan,0,-1.254041912953716
3114,glide_50_27/0_real/rjdnzhbvwc.jpg,glide_50_27,0,-1.2548849707980734
3115,dalle/0_real/rjdnzhbvwc.jpg,dalle,0,-1.2548849707980734
3116,ldm_100/0_real/hlwefvuprq.jpg,ldm_100,0,-1.2553004547835498
3117,deepfake/0_real/455_0360.png,deepfake,0,-1.2579437458761435
3118,dalle/0_real/uzslfnchhd.jpg,dalle,0,-1.2592037005982069
3119,ldm_100/0_real/csvtttfwut.jpg,ldm_100,0,-1.260475883013897
3120,biggan/0_real/26--n01630670_2355.png,biggan,0,-1.2605404168573655
3121,glide_50_27/0_real/mubozyqcgp.jpg,glide_50_27,0,-1.2613546401316245
3122,gaugan/0_real/000000119445.png,gaugan,0,-1.2625864169480272
3123,laion/0_real/orgclftabd.jpg,laion,0,-1.2632610089855316
3124,deepfake/0_real/161_0194.png,deepfake,0,-1.263307120205652
3125,stylegan2/church/0_real/10011.png,stylegan2,0,-1.2638813820605417
3126,progan/bottle/0_real/10378.png,progan,0,-1.2673217063878597
3127,guided/0_real/osigoexsbv.JPEG,guided,0,-1.2682858696053394
3128,gaugan/0_real/000000256916.png,gaugan,0,-1.2689913940939426
3129,stargan/0_real/1762.png,stargan,0,-1.2697045385439245
3130,stargan/0_real/1652.png,stargan,0,-1.2724369575302164
3131,stargan/0_real/1593.png,stargan,0,-1.2727046798607722
3132,deepfake/0_real/023_0055.png,deepfake,0,-1.2773211669387234
3133,deepfake/0_real/851_0114.png,deepfake,0,-1.2775147730805498
3134,gaugan/0_real/000000497867.png,gaugan,0,-1.278907198198215
3135,laion/0_real/nnuuhindgj.jpg,laion,0,-1.2790749352693205
3136,deepfake/1_fake/707_705_0370.png,deepfake,1,-1.2796502051557148
3137,stylegan/bedroom/0_real/09470.png,stylegan,0,-1.283421816861489
3138,deepfake/0_real/794_0549.png,deepfake,0,-1.2837831928527903
3139,stargan/0_real/1782.png,stargan,0,-1.2870815591027478
3140,glide_50_27/0_real/ajldduomvc.jpg,glide_50_27,0,-1.2873885098489084
3141,imagenet/0_real/rtkpyywobl.JPEG,imagenet,0,-1.2888729565635422
3142,stylegan2/church/0_real/19520.png,stylegan2,0,-1.2889838406176524
3143,stargan/0_real/1162.png,stargan,0,-1.2909731273097838
3144,laion/0_real/ifqwneltpg.jpg,laion,0,-1.2916231411749668
3145,imagenet/0_real/aqdcxmcowi.JPEG,imagenet,0,-1.2937633550570098
3146,biggan/0_real/819--n04296562_21307.png,biggan,0,-1.2978420127947092
3147,stargan/0_real/0402.png,stargan,0,-1.3018987475195436
3148,gaugan/0_real/000000153669.png,gaugan,0,-1.303240006902722
3149,gaugan/0_real/000000429623.png,gaugan,0,-1.3053404795713806
3150,deepfake/0_real/855_0296.png,deepfake,0,-1.3058781063733025
3151,gaugan/0_real/000000084752.png,gaugan,0,-1.3076444543683203
3152,laion/0_real/dhjedfczru.jpg,laion,0,-1.3096376305117947
3153,stylegan/bedroom/0_real/00570.png,stylegan,0,-1.3100771080188038
3154,stylegan2/church/0_real/08324.png,stylegan2,0,-1.3142828307439256
3155,biggan/0_real/999--n15075141_20673.png,biggan,0,-1.3154630652470574
3156,deepfake/0_real/471_0242.png,deepfake,0,-1.315774679888413
3157,gaugan/0_real/000000555705.png,gaugan,0,-1.315825009531829
3158,stylegan/bedroom/0_real/19077.png,stylegan,0,-1.31673527201115
3159,glide_100_10/0_real/rprdsmygod.jpg,glide_100_10,0,-1.3180971034638018
3160,glide_50_27/0_real/rprdsmygod.jpg,glide_50_27,0,-1.3180971034638018
3161,stargan/0_real/0776.png,stargan,0,-1.3204298161658503
3162,stylegan2/car/0_real/01396.png,stylegan2,0,-1.3237813274756374
3163,glide_50_27/0_real/mfcceezfwn.jpg,glide_50_27,0,-1.3244230098178875
3164,biggan/0_real/815--n04275548_7657.png,biggan,0,-1.327689273868225
3165,stylegan2/church/0_real/16394.png,stylegan2,0,-1.3307991908191776
3166,gaugan/0_real/000000235778.png,gaugan,0,-1.331202979219043
3167,stylegan2/horse/0_real/15440.png,stylegan2,0,-1.3338415526302227
3168,whichfaceisreal/0_real/00759.jpeg,whichfaceisreal,0,-1.334145817210568
3169,gaugan/0_real/000000017207.png,gaugan,0,-1.3349273559420962
3170,gaugan/0_real/000000160864.png,gaugan,0,-1.3358621423346408
3171,gaugan/0_real/000000546976.png,gaugan,0,-1.3377619684943376
3172,laion/0_real/pcvfvfsxek.jpg,laion,0,-1.3407352046552974
3173,gaugan/0_real/000000433774.png,gaugan,0,-1.341517095205125
3174,stylegan2/church/0_real/12091.png,stylegan2,0,-1.3419000855055885
3175,glide_50_27/0_real/lttnaabznd.jpg,glide_50_27,0,-1.342766211528433
3176,ldm_100/0_real/lttnaabznd.jpg,ldm_100,0,-1.342766211528433
3177,stargan/0_real/1811.png,stargan,0,-1.345094431151061
3178,stylegan/bedroom/0_real/04059.png,stylegan,0,-1.3458021423042124
3179,deepfake/0_real/683_0267.png,deepfake,0,-1.3463475473979545
3180,ldm_100/0_real/qlqolbjcgb.jpg,ldm_100,0,-1.3471622373330296
3181,ldm_200/0_real/qlqolbjcgb.jpg,ldm_200,0,-1.3471622373330296
3182,glide_50_27/0_real/ovuipynpix.jpg,glide_50_27,0,-1.3490649600439313
3183,stargan/0_real/0178.png,stargan,0,-1.3491382479667928
3184,gaugan/0_real/000000166664.png,gaugan,0,-1.3494109452526155
3185,deepfake/0_real/421_0396.png,deepfake,0,-1.349543290355094
3186,imagenet/0_real/wekyyrslyw.JPEG,imagenet,0,-1.351539866803802
3187,ldm_200/0_real/drpsdefmzh.jpg,ldm_200,0,-1.3527645615066335
3188,san/0_real/img_069.png,san,0,-1.3541661873992448
3189,deepfake/0_real/467_0305.png,deepfake,0,-1.354253560223366
3190,deepfake/0_real/102_0267.png,deepfake,0,-1.3572049971969689
3191,deepfake/0_real/306_0623.png,deepfake,0,-1.3576439732270686
3192,stylegan2/church/0_real/01649.png,stylegan2,0,-1.358872151462164
3193,glide_100_27/0_real/mhaimbeqgl.jpg,glide_100_27,0,-1.359920288206093
3194,deepfake/0_real/306_0122.png,deepfake,0,-1.3615483209803692
3195,progan/bottle/0_real/17175.png,progan,0,-1.3617026664764944
3196,deepfake/0_real/388_0469.png,deepfake,0,-1.3626476736245
3197,stylegan2/church/0_real/12891.png,stylegan2,0,-1.3633726641055437
3198,stylegan2/cat/0_real/19151.png,stylegan2,0,-1.3633845796254265
3199,progan/bicycle/0_real/14881.png,progan,0,-1.3681841939685602
3200,stargan/0_real/1850.png,stargan,0,-1.368194480133047
3201,biggan/0_real/29--n01632777_10108.png,biggan,0,-1.3685432082106828
3202,stylegan/bedroom/0_real/07107.png,stylegan,0,-1.3705286312613325
3203,deepfake/0_real/820_0378.png,deepfake,0,-1.370721554490416
3204,gaugan/0_real/000000345027.png,gaugan,0,-1.370907311760874
3205,glide_100_27/0_real/ofgvdkgdnd.jpg,glide_100_27,0,-1.373274593837375
3206,ldm_200/0_real/ofgvdkgdnd.jpg,ldm_200,0,-1.373274593837375
3207,laion/0_real/ofgvdkgdnd.jpg,laion,0,-1.373274593837375
3208,stylegan2/cat/0_real/14105.png,stylegan2,0,-1.3759340245572989
3209,ldm_100/0_real/dwgrruvbsz.jpg,ldm_100,0,-1.3772886904758606
3210,stylegan2/church/0_real/02313.png,stylegan2,0,-1.3789902701308272
3211,stylegan/bedroom/0_real/12327.png,stylegan,0,-1.3798298789535557
3212,stargan/0_real/1838.png,stargan,0,-1.385357179193211
3213,stargan/0_real/0265.png,stargan,0,-1.385462739059912
3214,biggan/0_real/445--n02837789_5713.png,biggan,0,-1.385748724704345
3215,stargan/0_real/1001.png,stargan,0,-1.3864173664835002
3216,biggan/0_real/199--n02097298_5040.png,biggan,0,-1.3864515334922918
3217,gaugan/0_real/000000125129.png,gaugan,0,-1.3900925044902308
3218,glide_100_10/0_real/vblsrmonrr.jpg,glide_100_10,0,-1.39166620900829
3219,gaugan/0_real/000000560279.png,gaugan,0,-1.3924260421877546
3220,stylegan2/church/0_real/16021.png,stylegan2,0,-1.395770525201473
3221,deepfake/0_real/933_0281.png,deepfake,0,-1.397399459139036
3222,dalle/0_real/hxfciehznr.jpg,dalle,0,-1.3974147152113727
3223,stylegan/bedroom/0_real/02242.png,stylegan,0,-1.4027676891035874
3224,ldm_100/0_real/ybihqfczqf.jpg,ldm_100,0,-1.4041440533959562
3225,ldm_100/0_real/vrwfguctin.jpg,ldm_100,0,-1.4051839068221836
3226,deepfake/0_real/973_0519.png,deepfake,0,-1.4058746275128415
3227,glide_100_10/0_real/rjddhlzmqd.jpg,glide_100_10,0,-1.4060968828311051
3228,biggan/0_real/506--n03065424_15060.png,biggan,0,-1.4065357682896198
3229,laion/0_real/hajmuavfdr.jpg,laion,0,-1.4090420295138482
3230,deepfake/0_real/932_0161.png,deepfake,0,-1.40990704535176
3231,stylegan/bedroom/0_real/05921.png,stylegan,0,-1.410373027927383
3232,progan/tvmonitor/0_real/07463.png,progan,0,-1.4147092643952814
3233,guided/0_real/iqiospmdok.JPEG,guided,0,-1.415047328437709
3234,stylegan2/church/0_real/01439.png,stylegan2,0,-1.418732870513114
3235,gaugan/0_real/000000261732.png,gaugan,0,-1.4204485864668517
3236,stylegan/cat/0_real/06026.png,stylegan,0,-1.4206363039384746
3237,cyclegan/orange/0_real/n07749192_2291_real.png,cyclegan,0,-1.4228210960379308
3238,biggan/0_real/926--n07590611_19144.png,biggan,0,-1.4228327262136204
3239,stargan/0_real/0530.png,stargan,0,-1.42390695850452
3240,deepfake/0_real/467_0395.png,deepfake,0,-1.4312423669410723
3241,stylegan2/horse/0_real/14881.png,stylegan2,0,-1.4318631953808705
3242,biggan/0_real/993--n13037406_5053.png,biggan,0,-1.4330627405519465
3243,deepfake/0_real/388_0234.png,deepfake,0,-1.433332851985627
3244,deepfake/0_real/919_0357.png,deepfake,0,-1.4338099071320145
3245,deepfake/0_real/422_0044.png,deepfake,0,-1.4348109865630876
3246,deepfake/0_real/219_0287.png,deepfake,0,-1.4351205356121404
3247,cyclegan/summer/0_real/2011-11-24 08:43:51_real.png,cyclegan,0,-1.4359642353538562
3248,dalle/0_real/mocygqjmlh.jpg,dalle,0,-1.4371931116987802
3249,deepfake/0_real/851_0745.png,deepfake,0,-1.4373904676101814
3250,deepfake/0_real/468_0155.png,deepfake,0,-1.438409432292846
3251,biggan/0_real/656--n03770679_27239.png,biggan,0,-1.439124510859586
3252,stylegan2/church/0_real/04828.png,stylegan2,0,-1.4401889369697285
3253,glide_100_10/0_real/jmqnijkden.jpg,glide_100_10,0,-1.4431284589479485
3254,imagenet/0_real/htpewtqebr.JPEG,imagenet,0,-1.4432696003380587
3255,dalle/0_real/abaxzegfoi.jpg,dalle,0,-1.4464501966178922
3256,gaugan/0_real/000000451084.png,gaugan,0,-1.4521448178763423
3257,guided/0_real/lzgwytfbdh.JPEG,guided,0,-1.4553395083006349
3258,stargan/0_real/1744.png,stargan,0,-1.4556818852607183
3259,ldm_200/0_real/gczswsnqpp.jpg,ldm_200,0,-1.4575688942692266
3260,stargan/0_real/1089.png,stargan,0,-1.4595122918388026
3261,stylegan2/church/0_real/11878.png,stylegan2,0,-1.4604910984919042
3262,ldm_200/0_real/gbmtgdhzrx.jpg,ldm_200,0,-1.4619041270021191
3263,ldm_200_cfg/0_real/iqjkwjvday.jpg,ldm_200_cfg,0,-1.4653342241193863
3264,glide_100_27/0_real/gayjhkcdkw.jpg,glide_100_27,0,-1.4669812878023252
3265,gaugan/0_real/000000231580.png,gaugan,0,-1.4687304013489129
3266,glide_50_27/0_real/fuqmkbouip.jpg,glide_50_27,0,-1.472180445422962
3267,stargan/0_real/1230.png,stargan,0,-1.4723701841235628
3268,stylegan/bedroom/0_real/06391.png,stylegan,0,-1.4742031988920152
3269,dalle/0_real/qsndeimedb.jpg,dalle,0,-1.4744719266851467
3270,deepfake/0_real/047_0204.png,deepfake,0,-1.4753872548941045
3271,ldm_100/0_real/kwqbkshqjn.jpg,ldm_100,0,-1.4762532014426673
3272,biggan/0_real/60--n01740131_14539.png,biggan,0,-1.4779586670859195
3273,stylegan/bedroom/0_real/07868.png,stylegan,0,-1.4790368761667092
3274,glide_50_27/0_real/tycynadkoj.jpg,glide_50_27,0,-1.4793324821487892
3275,deepfake/0_real/558_0244.png,deepfake,0,-1.4799144754657243
3276,san/0_real/38082.png,san,0,-1.4799523086748378
3277,laion/0_real/htpewtqebr.jpg,laion,0,-1.485389413007337
3278,ldm_100/0_real/htpewtqebr.jpg,ldm_100,0,-1.485389413007337
3279,progan/dog/0_real/16219.png,progan,0,-1.4859195617818812
3280,stylegan2/horse/0_real/06382.png,stylegan2,0,-1.4870789855085154
3281,gaugan/0_real/000000293071.png,gaugan,0,-1.4872038900869553
3282,imagenet/0_real/hzfxwrmqch.JPEG,imagenet,0,-1.4875236320815008
3283,stargan/0_real/0068.png,stargan,0,-1.4902549192145305
3284,glide_100_10/0_real/htqmkwgkwb.jpg,glide_100_10,0,-1.4903746895765784
3285,ldm_200_cfg/0_real/htqmkwgkwb.jpg,ldm_200_cfg,0,-1.4903746895765784
3286,ldm_200_cfg/0_real/siheeokstl.jpg,ldm_200_cfg,0,-1.4907802549052636
3287,ldm_200/0_real/qjrpujocxn.jpg,ldm_200,0,-1.4962873324638517
3288,deepfake/0_real/973_0265.png,deepfake,0,-1.4966700857088944
3289,glide_50_27/0_real/ajefhvvxek.jpg,glide_50_27,0,-1.4983290566597645
3290,glide_100_10/0_real/ajefhvvxek.jpg,glide_100_10,0,-1.4983290566597645
3291,dalle/0_real/ajefhvvxek.jpg,dalle,0,-1.4983290566597645
3292,glide_50_27/0_real/jgaqinqawj.jpg,glide_50_27,0,-1.4992271174082727
3293,progan/tvmonitor/0_real/10641.png,progan,0,-1.5004157258462447
3294,cyclegan/orange/0_real/n07749192_3180_real.png,cyclegan,0,-1.5009420317618134
3295,biggan/0_real/331--n02326432_7310.png,biggan,0,-1.5010670038173577
3296,ldm_200/0_real/zdteumqsqf.jpg,ldm_200,0,-1.5049481546180914
3297,progan/horse/0_real/09346.png,progan,0,-1.507156215399387
3298,glide_50_27/0_real/wxulzwiqwm.jpg,glide_50_27,0,-1.509598305150837
3299,stylegan/cat/0_real/02816.png,stylegan,0,-1.5137224071385198
3300,progan/bottle/0_real/02018.png,progan,0,-1.517327897085739
3301,ldm_200/0_real/tvdnjojlmh.jpg,ldm_200,0,-1.5175888573219638
3302,cyclegan/apple/0_real/n07740461_9091_real.png,cyclegan,0,-1.5193159944385823
3303,ldm_200/0_real/mfmhhrlxuy.jpg,ldm_200,0,-1.5250225490668627
3304,stylegan2/church/0_real/10812.png,stylegan2,0,-1.525588255286206
3305,stylegan2/horse/0_real/19161.png,stylegan2,0,-1.5280857961078746
3306,gaugan/0_real/000000151480.png,gaugan,0,-1.5281351331224928
3307,gaugan/0_real/000000459195.png,gaugan,0,-1.5289367442737076
3308,stylegan/cat/0_real/10171.png,stylegan,0,-1.5326997688886264
3309,progan/tvmonitor/0_real/10378.png,progan,0,-1.534100218946512
3310,glide_100_27/0_real/gtidkpfxcc.jpg,glide_100_27,0,-1.5390611421116929
3311,glide_50_27/0_real/gtidkpfxcc.jpg,glide_50_27,0,-1.5390611421116929
3312,ldm_200_cfg/0_real/heasqjcmsg.jpg,ldm_200_cfg,0,-1.5406152131172712
3313,glide_50_27/0_real/devyzpyxmr.jpg,glide_50_27,0,-1.5410085298346186
3314,progan/bottle/0_real/00335.png,progan,0,-1.54622191641799
3315,glide_50_27/0_real/lkealtdsyd.jpg,glide_50_27,0,-1.546878646157741
3316,stylegan/car/0_real/00109.png,stylegan,0,-1.5475391502683602
3317,ldm_200_cfg/0_real/sswokizojd.jpg,ldm_200_cfg,0,-1.5487890079807607
3318,imagenet/0_real/hvuyhhryut.JPEG,imagenet,0,-1.5592726780575614
3319,deepfake/0_real/669_0298.png,deepfake,0,-1.5597678725901176
3320,stargan/0_real/0932.png,stargan,0,-1.560170427369301
3321,dalle/0_real/bbmeviacjm.jpg,dalle,0,-1.5602166349616606
3322,imagenet/0_real/xmyblzhwwh.JPEG,imagenet,0,-1.5618702859137197
3323,progan/motorbike/0_real/02313.png,progan,0,-1.5622689779137222
3324,biggan/0_real/272--n02114855_6905.png,biggan,0,-1.5632121757660156
3325,progan/tvmonitor/0_real/02617.png,progan,0,-1.563518928847328
3326,laion/0_real/sxbfuikltb.jpg,laion,0,-1.5672484883737614
3327,gaugan/0_real/000000047769.png,gaugan,0,-1.567353007237543
3328,glide_50_27/0_real/qgdbbafuhn.jpg,glide_50_27,0,-1.5683192119985332
3329,laion/0_real/yzkphttipt.jpg,laion,0,-1.5699663682105252
3330,dalle/0_real/yzkphttipt.jpg,dalle,0,-1.5699663682105252
3331,stylegan/bedroom/0_real/05888.png,stylegan,0,-1.5701044360838092
3332,stylegan2/church/0_real/02396.png,stylegan2,0,-1.57088596421148
3333,gaugan/0_real/000000106912.png,gaugan,0,-1.5716579283711412
3334,imagenet/0_real/ukoxsbspvb.JPEG,imagenet,0,-1.5719923373298166
3335,stylegan2/car/0_real/01421.png,stylegan2,0,-1.5734364290848073
3336,stylegan2/church/0_real/16950.png,stylegan2,0,-1.5759255753707555
3337,stylegan2/church/0_real/07402.png,stylegan2,0,-1.576267516417956
3338,deepfake/0_real/319_0627.png,deepfake,0,-1.576577174585891
3339,guided/0_real/pxefeippis.JPEG,guided,0,-1.5797526851771284
3340,stylegan2/church/0_real/06481.png,stylegan2,0,-1.5799324345442165
3341,stylegan/bedroom/0_real/13581.png,stylegan,0,-1.5810869360252386
3342,imagenet/0_real/uesrfqrmys.JPEG,imagenet,0,-1.5824741011693615
3343,dalle/0_real/pxefeippis.jpg,dalle,0,-1.5836035966326256
3344,laion/0_real/jhuyduptth.jpg,laion,0,-1.5842898765277642
3345,stargan/0_real/0536.png,stargan,0,-1.5850770068206077
3346,deepfake/0_real/026_0106.png,deepfake,0,-1.5858088876053362
3347,dalle/0_real/tdegwqcdxk.jpg,dalle,0,-1.5858502103009018
3348,progan/tvmonitor/0_real/16108.png,progan,0,-1.5861565465236018
3349,stylegan2/car/0_real/00701.png,stylegan2,0,-1.58630074345906
3350,progan/motorbike/0_real/18061.png,progan,0,-1.588286558043286
3351,gaugan/0_real/000000468501.png,gaugan,0,-1.5890266801019652
3352,dalle/0_real/rgnjmqxait.jpg,dalle,0,-1.5911262432537718
3353,ldm_200/0_real/rgnjmqxait.jpg,ldm_200,0,-1.5911262432537718
3354,deepfake/0_real/970_0364.png,deepfake,0,-1.591356833650543
3355,glide_100_27/0_real/kxyebvmqsl.jpg,glide_100_27,0,-1.591426808665353
3356,biggan/0_real/684--n03840681_170.png,biggan,0,-1.593842886764088
3357,biggan/0_real/583--n03467068_11964.png,biggan,0,-1.5960592228863086
3358,stargan/0_real/0904.png,stargan,0,-1.5961511678271414
3359,stargan/0_real/0467.png,stargan,0,-1.5986163998988885
3360,stylegan/bedroom/0_real/08706.png,stylegan,0,-1.5994508332348043
3361,stylegan/bedroom/0_real/00484.png,stylegan,0,-1.600004005246909
3362,glide_100_10/0_real/sndlxnwwey.jpg,glide_100_10,0,-1.6020110581892035
3363,stargan/0_real/0740.png,stargan,0,-1.6022224311961937
3364,stylegan/bedroom/0_real/17467.png,stylegan,0,-1.6029403386687646
3365,ldm_100/0_real/stnicrfcsk.jpg,ldm_100,0,-1.6072310717814673
3366,progan/person/0_real/07413.png,progan,0,-1.6078787777707657
3367,stylegan/bedroom/0_real/16308.png,stylegan,0,-1.608506661004867
3368,stylegan2/car/0_real/01650.png,stylegan2,0,-1.6088007133793223
3369,deepfake/0_real/306_0528.png,deepfake,0,-1.6110879250605068
3370,stylegan/car/0_real/01254.png,stylegan,0,-1.611586024166057
3371,ldm_100/0_real/opipzckzef.jpg,ldm_100,0,-1.6164865707914142
3372,stylegan2/horse/0_real/05310.png,stylegan2,0,-1.619825068883148
3373,stylegan/car/0_real/01605.png,stylegan,0,-1.6206777996587682
3374,stylegan2/horse/0_real/19985.png,stylegan2,0,-1.6282331966381374
3375,laion/0_real/cxjsjqusph.jpg,laion,0,-1.6289733210578563
3376,stylegan/car/0_real/00044.png,stylegan,0,-1.6294112451358536
3377,stylegan2/car/0_real/00360.png,stylegan2,0,-1.6313915535808905
3378,gaugan/0_real/000000425361.png,gaugan,0,-1.6340300040499347
3379,deepfake/0_real/064_0041.png,deepfake,0,-1.6341508379010388
3380,glide_100_27/0_real/ydufoinjbm.jpg,glide_100_27,0,-1.6360831719300513
3381,progan/bicycle/0_real/07091.png,progan,0,-1.6362375792345762
3382,glide_100_10/0_real/ikelctrgra.jpg,glide_100_10,0,-1.6386588450301294
3383,deepfake/1_fake/492_325_0291.png,deepfake,1,-1.6412996774501063
3384,stargan/0_real/0374.png,stargan,0,-1.6445301412372413
3385,stylegan2/car/0_real/00942.png,stylegan2,0,-1.647402363988109
3386,guided/1_fake/wnjjxqinho.png,guided,1,-1.6482021389936377
3387,stylegan2/horse/0_real/00911.png,stylegan2,0,-1.6529298326293915
3388,stylegan/bedroom/0_real/14985.png,stylegan,0,-1.6542461584329884
3389,ldm_200_cfg/0_real/jroisduzzw.jpg,ldm_200_cfg,0,-1.6556147881824013
3390,imagenet/0_real/ywjlbpxbjz.JPEG,imagenet,0,-1.656974101801683
3391,stylegan/cat/0_real/13822.png,stylegan,0,-1.6572184664307106
3392,stylegan2/cat/0_real/13017.png,stylegan2,0,-1.6600076441342733
3393,stylegan2/cat/0_real/18562.png,stylegan2,0,-1.660616936681636
3394,imagenet/0_real/xuzzmcdpux.JPEG,imagenet,0,-1.6651889845555443
3395,stylegan/car/0_real/01244.png,stylegan,0,-1.6665108997052815
3396,biggan/0_real/716--n03930313_118.png,biggan,0,-1.668390125318639
3397,ldm_100/0_real/sjezxhpiwr.jpg,ldm_100,0,-1.67212512836069
3398,stylegan2/church/0_real/03593.png,stylegan2,0,-1.6726319751399867
3399,glide_100_27/0_real/yaaqlxnzhi.jpg,glide_100_27,0,-1.677060023441216
3400,ldm_200/0_real/yaaqlxnzhi.jpg,ldm_200,0,-1.677060023441216
3401,ldm_100/0_real/wfyfdsoqjb.jpg,ldm_100,0,-1.6782201210872012
3402,gaugan/0_real/000000110042.png,gaugan,0,-1.6785834195815383
3403,stargan/0_real/1056.png,stargan,0,-1.680060719324391
3404,stylegan/bedroom/0_real/15393.png,stylegan,0,-1.6853707219197864
3405,stylegan/bedroom/0_real/08213.png,stylegan,0,-1.6921340833002092
3406,stylegan2/church/0_real/02952.png,stylegan2,0,-1.6930678261504026
3407,glide_100_27/0_real/vvdfxbwxxd.jpg,glide_100_27,0,-1.6936000311680195
3408,biggan/0_real/883--n04522168_12389.png,biggan,0,-1.6953787676793293
3409,glide_50_27/0_real/wkkhoodytf.jpg,glide_50_27,0,-1.7017733323444433
3410,stylegan/bedroom/0_real/04036.png,stylegan,0,-1.70368604879775
3411,glide_50_27/0_real/ezfvndjxht.jpg,glide_50_27,0,-1.7040532372552093
3412,ldm_100/0_real/lkwvbsljma.jpg,ldm_100,0,-1.7040635230106684
3413,laion/0_real/guljtnkdnj.jpg,laion,0,-1.7048347066860805
3414,glide_50_27/0_real/bobirihsmf.jpg,glide_50_27,0,-1.7074156089861827
3415,whichfaceisreal/0_real/00960.jpeg,whichfaceisreal,0,-1.7074647513108956
3416,stargan/0_real/1860.png,stargan,0,-1.7105118289486625
3417,stargan/0_real/0044.png,stargan,0,-1.7110712333373694
3418,dalle/0_real/xucelwnaqz.jpg,dalle,0,-1.714983142972918
3419,stargan/0_real/1526.png,stargan,0,-1.7158730326705285
3420,glide_100_10/0_real/voafpawbtb.jpg,glide_100_10,0,-1.716200781255539
3421,ldm_100/0_real/ygqiosrden.jpg,ldm_100,0,-1.7206550101721028
3422,stargan/0_real/1406.png,stargan,0,-1.7231667488178832
3423,progan/cat/0_real/00771.png,progan,0,-1.724210595505242
3424,imagenet/0_real/hptzommwzk.JPEG,imagenet,0,-1.7251625467293723
3425,ldm_200_cfg/0_real/odhzcmznnr.jpg,ldm_200_cfg,0,-1.732231592854654
3426,progan/cow/0_real/00305.png,progan,0,-1.736640998929161
3427,stylegan2/cat/0_real/06436.png,stylegan2,0,-1.7369344482560432
3428,ldm_200_cfg/0_real/suhpchcpza.jpg,ldm_200_cfg,0,-1.7376034923551105
3429,laion/0_real/suhpchcpza.jpg,laion,0,-1.7376034923551105
3430,imagenet/0_real/ypvdkreobg.JPEG,imagenet,0,-1.7428886203368206
3431,stylegan/car/0_real/01819.png,stylegan,0,-1.7462727760561658
3432,ldm_200_cfg/0_real/zmqpqnavds.jpg,ldm_200_cfg,0,-1.7479705392147882
3433,glide_100_10/0_real/auannvrmrm.jpg,glide_100_10,0,-1.7503175895360603
3434,glide_100_27/0_real/auannvrmrm.jpg,glide_100_27,0,-1.7503175895360603
3435,ldm_200_cfg/0_real/nvglpmddru.jpg,ldm_200_cfg,0,-1.7503847262175216
3436,laion/0_real/pcaodmknyo.jpg,laion,0,-1.7510260651875975
3437,glide_100_10/0_real/pcaodmknyo.jpg,glide_100_10,0,-1.7510260651875975
3438,stargan/0_real/1794.png,stargan,0,-1.756903192868244
3439,ldm_200_cfg/0_real/umnlmiykjp.jpg,ldm_200_cfg,0,-1.759128141868953
3440,stylegan/car/0_real/00766.png,stylegan,0,-1.7614697551674776
3441,ldm_200_cfg/0_real/aesvfgnjye.jpg,ldm_200_cfg,0,-1.761738617487933
3442,deepfake/1_fake/468_470_0427.png,deepfake,1,-1.76315280462756
3443,stylegan2/car/0_real/01712.png,stylegan2,0,-1.7681450463062245
3444,stylegan2/car/0_real/01148.png,stylegan2,0,-1.7682533196075745
3445,glide_100_27/0_real/uesrfqrmys.jpg,glide_100_27,0,-1.7703970455832383
3446,laion/0_real/uesrfqrmys.jpg,laion,0,-1.7703970455832383
3447,stylegan2/horse/0_real/13281.png,stylegan2,0,-1.7708005903254564
3448,stylegan2/horse/0_real/10253.png,stylegan2,0,-1.7733237543047988
3449,ldm_200/0_real/tzgkmgcgjt.jpg,ldm_200,0,-1.7733962728009312
3450,ldm_200_cfg/0_real/tzgkmgcgjt.jpg,ldm_200_cfg,0,-1.7733962728009312
3451,stylegan2/car/0_real/00988.png,stylegan2,0,-1.7747053271106306
3452,stylegan2/cat/0_real/17487.png,stylegan2,0,-1.7817983703353788
3453,ldm_200_cfg/0_real/segiubdggo.jpg,ldm_200_cfg,0,-1.7826057465399234
3454,progan/horse/0_real/08995.png,progan,0,-1.783331496347271
3455,stylegan2/car/0_real/01263.png,stylegan2,0,-1.7861505975546843
3456,stylegan2/horse/0_real/14737.png,stylegan2,0,-1.7877838448486738
3457,stylegan2/cat/0_real/15192.png,stylegan2,0,-1.79213456184511
3458,stylegan2/car/0_real/00320.png,stylegan2,0,-1.7922176779088104
3459,glide_100_10/0_real/aowpbzokmp.jpg,glide_100_10,0,-1.797359067020165
3460,stylegan/car/0_real/00047.png,stylegan,0,-1.7982613263532945
3461,stylegan2/cat/0_real/01621.png,stylegan2,0,-1.801600663238701
3462,stylegan2/car/0_real/00449.png,stylegan2,0,-1.8035657688496465
3463,stylegan2/car/0_real/01783.png,stylegan2,0,-1.8041355584261831
3464,stylegan/car/0_real/01688.png,stylegan,0,-1.804543598668764
3465,ldm_200/0_real/nmdxktenko.jpg,ldm_200,0,-1.806457411152709
3466,ldm_100/0_real/czqsnkbvng.jpg,ldm_100,0,-1.808277737378756
3467,stylegan2/horse/0_real/09611.png,stylegan2,0,-1.817421928572834
3468,imagenet/0_real/mizxozzqsb.JPEG,imagenet,0,-1.821005220117505
3469,deepfake/0_real/900_0005.png,deepfake,0,-1.823678953349639
3470,stylegan/bedroom/0_real/01087.png,stylegan,0,-1.8245234294679744
3471,stylegan2/car/0_real/00505.png,stylegan2,0,-1.825651741127216
3472,stylegan2/car/0_real/00277.png,stylegan2,0,-1.8309073502243804
3473,stylegan/car/0_real/01104.png,stylegan,0,-1.8342719501970088
3474,progan/cat/0_real/03655.png,progan,0,-1.839174982620937
3475,stylegan2/church/0_real/14361.png,stylegan2,0,-1.839547331726213
3476,stylegan2/cat/0_real/06740.png,stylegan2,0,-1.840356170327214
3477,ldm_200/0_real/huksdpnufs.jpg,ldm_200,0,-1.841200424571099
3478,glide_100_10/0_real/asxtxajrfc.jpg,glide_100_10,0,-1.841801721232829
3479,ldm_200/0_real/asxtxajrfc.jpg,ldm_200,0,-1.841801721232829
3480,stylegan2/cat/0_real/19844.png,stylegan2,0,-1.844229263308696
3481,progan/cat/0_real/16190.png,progan,0,-1.8448025592645785
3482,ldm_200/0_real/bbdiioaqyn.jpg,ldm_200,0,-1.845788473788068
3483,stylegan2/horse/0_real/12847.png,stylegan2,0,-1.846753034302596
3484,stylegan2/car/0_real/01309.png,stylegan2,0,-1.848119855660753
3485,stylegan2/cat/0_real/00316.png,stylegan2,0,-1.850111173680642
3486,dalle/0_real/oddyrvltgg.jpg,dalle,0,-1.851223445680624
3487,glide_50_27/0_real/tgkezflbjz.jpg,glide_50_27,0,-1.854900044804044
3488,glide_100_10/0_real/tgkezflbjz.jpg,glide_100_10,0,-1.854900044804044
3489,progan/bicycle/0_real/10123.png,progan,0,-1.8584262386537735
3490,stylegan2/cat/0_real/15575.png,stylegan2,0,-1.8585903332973084
3491,stylegan/cat/0_real/17229.png,stylegan,0,-1.8589086173933724
3492,ldm_200/0_real/hisyohahzi.jpg,ldm_200,0,-1.859942074153128
3493,stylegan2/church/0_real/02922.png,stylegan2,0,-1.8616252560020703
3494,stylegan/car/0_real/01222.png,stylegan,0,-1.8655879833783668
3495,stylegan/cat/0_real/03462.png,stylegan,0,-1.8666176518929145
3496,stylegan/cat/0_real/15941.png,stylegan,0,-1.8668158009153548
3497,glide_100_27/0_real/apdgetedbs.jpg,glide_100_27,0,-1.868228051261493
3498,ldm_100/0_real/apdgetedbs.jpg,ldm_100,0,-1.868228051261493
3499,stylegan/car/0_real/01695.png,stylegan,0,-1.8686512226994887
3500,stylegan2/car/0_real/01615.png,stylegan2,0,-1.8735356185708885
3501,stylegan2/horse/0_real/08437.png,stylegan2,0,-1.8737850044928412
3502,progan/cat/0_real/14542.png,progan,0,-1.8738427885148727
3503,stylegan2/horse/0_real/01786.png,stylegan2,0,-1.876133328086385
3504,stylegan2/horse/0_real/03192.png,stylegan2,0,-1.8769241798349372
3505,cyclegan/apple/0_real/n07740461_11121_real.png,cyclegan,0,-1.8816607505969596
3506,stargan/0_real/1878.png,stargan,0,-1.8827843438639076
3507,stylegan/car/0_real/00762.png,stylegan,0,-1.8847851421005324
3508,stylegan2/horse/0_real/11207.png,stylegan2,0,-1.8891449703570145
3509,biggan/0_real/447--n02841315_12710.png,biggan,0,-1.891035147256435
3510,progan/bicycle/0_real/13472.png,progan,0,-1.8911931063065015
3511,stylegan/car/0_real/00647.png,stylegan,0,-1.8979875176887724
3512,laion/0_real/qdnqcoyzar.jpg,laion,0,-1.898182512124064
3513,stylegan/cat/0_real/00849.png,stylegan,0,-1.900949597556876
3514,stargan/0_real/0142.png,stargan,0,-1.9012936353018484
3515,stylegan/cat/0_real/06773.png,stylegan,0,-1.9057616343859447
3516,progan/sofa/0_real/12901.png,progan,0,-1.9096893505923045
3517,imagenet/0_real/ykhbfkbqqc.JPEG,imagenet,0,-1.910959410173236
3518,progan/bottle/0_real/03693.png,progan,0,-1.9118543854090224
3519,progan/boat/0_real/04426.png,progan,0,-1.914570013213185
3520,biggan/0_real/545--n03271574_4785.png,biggan,0,-1.916070189946438
3521,glide_100_10/0_real/dbmufhmuzs.jpg,glide_100_10,0,-1.9193752895540688
3522,stylegan2/horse/0_real/17750.png,stylegan2,0,-1.9200779815383295
3523,biggan/0_real/44--n01689811_280.png,biggan,0,-1.9231175326958605
3524,stylegan2/cat/0_real/00540.png,stylegan2,0,-1.9235360218323767
3525,progan/sheep/0_real/19522.png,progan,0,-1.9244830331913927
3526,ldm_200_cfg/0_real/bcqofpsyca.jpg,ldm_200_cfg,0,-1.9253915276447608
3527,stylegan2/car/0_real/00917.png,stylegan2,0,-1.925675746387455
3528,stylegan/car/0_real/00917.png,stylegan,0,-1.925675746387455
3529,stylegan2/car/0_real/01842.png,stylegan2,0,-1.9275204548048288
3530,stylegan2/church/0_real/05598.png,stylegan2,0,-1.929440645164828
3531,dalle/0_real/ranqpkoerl.jpg,dalle,0,-1.932576925559652
3532,progan/cat/0_real/00820.png,progan,0,-1.932968671775289
3533,progan/motorbike/0_real/12455.png,progan,0,-1.9344487838319304
3534,progan/motorbike/0_real/07543.png,progan,0,-1.9381771439186453
3535,stylegan/cat/0_real/08459.png,stylegan,0,-1.9383005067197965
3536,stylegan2/horse/0_real/03505.png,stylegan2,0,-1.942000716677148
3537,biggan/0_real/654--n03769881_4419.png,biggan,0,-1.942104101306644
3538,stylegan/car/0_real/00353.png,stylegan,0,-1.945821796365
3539,stylegan2/cat/0_real/00911.png,stylegan2,0,-1.9473471908439
3540,stylegan/cat/0_real/15841.png,stylegan,0,-1.948588002169583
3541,stylegan2/car/0_real/00796.png,stylegan2,0,-1.949153021218657
3542,stylegan/cat/0_real/19993.png,stylegan,0,-1.9493251495678816
3543,stylegan/car/0_real/00052.png,stylegan,0,-1.9506998370188184
3544,stylegan2/horse/0_real/18697.png,stylegan2,0,-1.951165440420352
3545,stylegan2/cat/0_real/12359.png,stylegan2,0,-1.953036506849852
3546,stylegan2/cat/0_real/12025.png,stylegan2,0,-1.953540789441385
3547,stylegan2/horse/0_real/15505.png,stylegan2,0,-1.9539840817545489
3548,progan/diningtable/0_real/00049.png,progan,0,-1.961650593093184
3549,stylegan/car/0_real/00396.png,stylegan,0,-1.9625923918890864
3550,progan/bird/0_real/02313.png,progan,0,-1.9626592590577283
3551,ldm_100/0_real/vazvwojjfh.jpg,ldm_100,0,-1.9628552388453484
3552,stylegan2/cat/0_real/00135.png,stylegan2,0,-1.9647485901972763
3553,stylegan2/car/0_real/01553.png,stylegan2,0,-1.9664738201157284
3554,stylegan2/car/0_real/00481.png,stylegan2,0,-1.96689858118914
3555,stylegan/cat/0_real/14450.png,stylegan,0,-1.9672052457429443
3556,stylegan/car/0_real/01322.png,stylegan,0,-1.9680522163048937
3557,stylegan/cat/0_real/17447.png,stylegan,0,-1.9684719515899496
3558,stylegan2/cat/0_real/17447.png,stylegan2,0,-1.9684719515899496
3559,stylegan2/cat/0_real/06430.png,stylegan2,0,-1.969973116397862
3560,guided/0_real/dtvfjwtgbk.JPEG,guided,0,-1.9716963614316168
3561,biggan/0_real/187--n02094433_701.png,biggan,0,-1.973167240673725
3562,stylegan2/horse/0_real/13725.png,stylegan2,0,-1.9739051337365587
3563,stylegan2/horse/0_real/05670.png,stylegan2,0,-1.9747985300013309
3564,stylegan2/horse/0_real/13022.png,stylegan2,0,-1.976017508853391
3565,progan/sheep/0_real/02135.png,progan,0,-1.9795119093466136
3566,stylegan/cat/0_real/03634.png,stylegan,0,-1.983320215023044
3567,stylegan2/car/0_real/01906.png,stylegan2,0,-1.9856095295341287
3568,stylegan2/car/0_real/00361.png,stylegan2,0,-1.9876678383362376
3569,stylegan/car/0_real/00405.png,stylegan,0,-1.994106211970816
3570,stylegan2/horse/0_real/13530.png,stylegan2,0,-1.994533630067164
3571,ldm_100/0_real/lvsgpxrabw.jpg,ldm_100,0,-1.9973508874612884
3572,glide_50_27/0_real/mnbrpiakwa.jpg,glide_50_27,0,-1.9998908232217223
3573,ldm_100/0_real/gyzuhrjhfj.jpg,ldm_100,0,-2.002573806218332
3574,dalle/0_real/gyzuhrjhfj.jpg,dalle,0,-2.002573806218332
3575,glide_100_27/0_real/evwfvofdll.jpg,glide_100_27,0,-2.0045919239103585
3576,stylegan2/cat/0_real/00880.png,stylegan2,0,-2.0068355058182945
3577,stylegan2/horse/0_real/12337.png,stylegan2,0,-2.008886259450465
3578,stylegan2/car/0_real/00136.png,stylegan2,0,-2.0102492152910103
3579,progan/cow/0_real/03032.png,progan,0,-2.0111719974810844
3580,stylegan2/horse/0_real/13046.png,stylegan2,0,-2.0128169759572136
3581,stargan/0_real/0582.png,stargan,0,-2.0132523920823435
3582,stylegan/cat/0_real/12475.png,stylegan,0,-2.01511935777858
3583,stylegan/cat/0_real/03968.png,stylegan,0,-2.0153661554335325
3584,stylegan2/car/0_real/01642.png,stylegan2,0,-2.01911102276526
3585,progan/boat/0_real/15766.png,progan,0,-2.0210323728587043
3586,progan/sheep/0_real/07156.png,progan,0,-2.0224746161539127
3587,stylegan2/car/0_real/01287.png,stylegan2,0,-2.023188669943391
3588,stylegan/cat/0_real/14685.png,stylegan,0,-2.023265502821556
3589,stylegan/car/0_real/01711.png,stylegan,0,-2.023975897058716
3590,stylegan/car/0_real/01565.png,stylegan,0,-2.0258563684116497
3591,stylegan2/horse/0_real/12662.png,stylegan2,0,-2.026199703576776
3592,stylegan2/cat/0_real/17091.png,stylegan2,0,-2.026261073806628
3593,glide_50_27/0_real/qlhvuhhqol.jpg,glide_50_27,0,-2.0270567347929846
3594,stylegan2/car/0_real/00115.png,stylegan2,0,-2.0276498460786514
3595,stylegan/car/0_real/00875.png,stylegan,0,-2.028619522490058
3596,stylegan2/car/0_real/01202.png,stylegan2,0,-2.0321235628961545
3597,stylegan2/cat/0_real/06915.png,stylegan2,0,-2.038371157617515
3598,stylegan/cat/0_real/06915.png,stylegan,0,-2.038371157617515
3599,stylegan2/car/0_real/00021.png,stylegan2,0,-2.0410120425150358
3600,progan/pottedplant/0_real/10890.png,progan,0,-2.04158210830602
3601,biggan/0_real/312--n02229544_8918.png,biggan,0,-2.043005171458113
3602,stylegan2/cat/0_real/04627.png,stylegan2,0,-2.043013309420047
3603,stylegan/car/0_real/00228.png,stylegan,0,-2.045008367248262
3604,laion/0_real/gzmbdszeyt.jpg,laion,0,-2.0452113818719755
3605,stylegan2/car/0_real/00941.png,stylegan2,0,-2.048408923946294
3606,progan/horse/0_real/09850.png,progan,0,-2.056682165753834
3607,progan/person/0_real/01557.png,progan,0,-2.058353792372645
3608,stylegan2/cat/0_real/02377.png,stylegan2,0,-2.0597415358571003
3609,stylegan2/car/0_real/01723.png,stylegan2,0,-2.0620906736142413
3610,stylegan2/car/0_real/01428.png,stylegan2,0,-2.06496531168136
3611,stylegan2/car/0_real/00890.png,stylegan2,0,-2.0663215456863373
3612,progan/dog/0_real/16670.png,progan,0,-2.0664730807915337
3613,stylegan2/car/0_real/01845.png,stylegan2,0,-2.0666451596990845
3614,progan/car/0_real/05454.png,progan,0,-2.0667506265218165
3615,progan/bus/0_real/04576.png,progan,0,-2.0681292843710866
3616,stylegan2/horse/0_real/18342.png,stylegan2,0,-2.069966199194464
3617,stylegan/car/0_real/01108.png,stylegan,0,-2.0726277597788125
3618,stylegan2/cat/0_real/04674.png,stylegan2,0,-2.074376831612928
3619,stylegan2/cat/0_real/12662.png,stylegan2,0,-2.0755068829024235
3620,laion/0_real/qgkzujpyka.jpg,laion,0,-2.0778051079308746
3621,stylegan/cat/0_real/09617.png,stylegan,0,-2.0781574355287944
3622,ldm_200_cfg/0_real/uqyyhogjkx.jpg,ldm_200_cfg,0,-2.078894530998399
3623,ldm_200/0_real/uqyyhogjkx.jpg,ldm_200,0,-2.078894530998399
3624,stylegan/car/0_real/00440.png,stylegan,0,-2.0798213418099736
3625,laion/0_real/lavlfbgnkn.jpg,laion,0,-2.0810903886911114
3626,stylegan/car/0_real/00568.png,stylegan,0,-2.0825433018845434
3627,stylegan2/cat/0_real/08995.png,stylegan2,0,-2.083823599345868
3628,stylegan/cat/0_real/07694.png,stylegan,0,-2.0925789046703245
3629,progan/tvmonitor/0_real/08995.png,progan,0,-2.095578358840294
3630,ldm_200/0_real/idvfzzxvyh.jpg,ldm_200,0,-2.095635603550005
3631,stylegan2/cat/0_real/15294.png,stylegan2,0,-2.0966669351568785
3632,stylegan2/car/0_real/00123.png,stylegan2,0,-2.098927262144221
3633,stylegan/cat/0_real/10219.png,stylegan,0,-2.1000724793562338
3634,stylegan/cat/0_real/17968.png,stylegan,0,-2.1025602969983064
3635,glide_100_10/0_real/cdjghtyvsn.jpg,glide_100_10,0,-2.1036657025354826
3636,stylegan2/horse/0_real/12971.png,stylegan2,0,-2.104123194154951
3637,ldm_200_cfg/0_real/qejahcqthz.jpg,ldm_200_cfg,0,-2.104501043181139
3638,stylegan2/horse/0_real/11159.png,stylegan2,0,-2.1085634745054858
3639,progan/bicycle/0_real/19522.png,progan,0,-2.1088286023305027
3640,stylegan2/car/0_real/01941.png,stylegan2,0,-2.109030291037312
3641,progan/bottle/0_real/02313.png,progan,0,-2.1116195750413693
3642,progan/cat/0_real/15465.png,progan,0,-2.113670756007646
3643,progan/bicycle/0_real/11735.png,progan,0,-2.114633506937769
3644,stylegan2/horse/0_real/00624.png,stylegan2,0,-2.117738525415504
3645,progan/pottedplant/0_real/07091.png,progan,0,-2.121150165197644
3646,stylegan/car/0_real/00307.png,stylegan,0,-2.122799632327002
3647,progan/diningtable/0_real/15502.png,progan,0,-2.123161449097723
3648,stylegan/car/0_real/01979.png,stylegan,0,-2.1247959405626187
3649,progan/cow/0_real/18267.png,progan,0,-2.125980128828933
3650,stylegan/car/0_real/01750.png,stylegan,0,-2.126038985588214
3651,stylegan2/cat/0_real/02169.png,stylegan2,0,-2.126430769992777
3652,progan/dog/0_real/02487.png,progan,0,-2.126823689047639
3653,stylegan2/cat/0_real/04195.png,stylegan2,0,-2.126985561694127
3654,progan/car/0_real/17613.png,progan,0,-2.1290830734800714
3655,stylegan/car/0_real/00295.png,stylegan,0,-2.1291724642858303
3656,stylegan/cat/0_real/07063.png,stylegan,0,-2.1309563600388217
3657,stylegan2/horse/0_real/16680.png,stylegan2,0,-2.130993426491345
3658,stylegan/car/0_real/01429.png,stylegan,0,-2.131391817257387
3659,progan/bottle/0_real/03505.png,progan,0,-2.131944484130243
3660,ldm_200_cfg/0_real/sgggkqzghg.jpg,ldm_200_cfg,0,-2.133331143550702
3661,glide_100_10/0_real/sgggkqzghg.jpg,glide_100_10,0,-2.133331143550702
3662,progan/dog/0_real/04828.png,progan,0,-2.1336509922297724
3663,progan/train/0_real/15599.png,progan,0,-2.138891580985688
3664,progan/cat/0_real/15825.png,progan,0,-2.1392295589400474
3665,stylegan/car/0_real/01550.png,stylegan,0,-2.1393567528284656
3666,stylegan2/horse/0_real/08272.png,stylegan2,0,-2.1398344843198984
3667,progan/bird/0_real/12892.png,progan,0,-2.1405755487513933
3668,progan/diningtable/0_real/08071.png,progan,0,-2.142095474618264
3669,stylegan/car/0_real/00297.png,stylegan,0,-2.144462634017218
3670,stylegan2/car/0_real/00588.png,stylegan2,0,-2.1444742990595245
3671,progan/car/0_real/17175.png,progan,0,-2.1461553686823223
3672,gaugan/0_real/000000329455.png,gaugan,0,-2.1489692508460525
3673,stylegan/cat/0_real/15356.png,stylegan,0,-2.1489739776260026
3674,progan/bus/0_real/16670.png,progan,0,-2.1511423540759638
3675,ldm_100/0_real/kysxvylzkk.jpg,ldm_100,0,-2.1512270674395264
3676,stylegan2/horse/0_real/09254.png,stylegan2,0,-2.1521674432732234
3677,stylegan2/horse/0_real/01320.png,stylegan2,0,-2.1542119435009344
3678,progan/sofa/0_real/16219.png,progan,0,-2.156717278822245
3679,stylegan2/cat/0_real/11336.png,stylegan2,0,-2.1569860064034416
3680,stylegan2/car/0_real/01757.png,stylegan2,0,-2.1594592865701747
3681,progan/cow/0_real/08828.png,progan,0,-2.1641318964452663
3682,stylegan2/car/0_real/00026.png,stylegan2,0,-2.166933176377616
3683,progan/horse/0_real/16394.png,progan,0,-2.169856372333472
3684,progan/bird/0_real/17978.png,progan,0,-2.170756023705316
3685,stylegan/car/0_real/00134.png,stylegan,0,-2.172018276955746
3686,progan/sheep/0_real/07463.png,progan,0,-2.173880897830696
3687,stylegan2/car/0_real/00121.png,stylegan2,0,-2.174259399614781
3688,stylegan2/cat/0_real/08839.png,stylegan2,0,-2.177156109955101
3689,stylegan/cat/0_real/02909.png,stylegan,0,-2.1777578650387417
3690,stylegan2/cat/0_real/07085.png,stylegan2,0,-2.180694729893032
3691,progan/sheep/0_real/13026.png,progan,0,-2.18093918658169
3692,progan/person/0_real/17873.png,progan,0,-2.185306141251116
3693,stylegan2/car/0_real/01471.png,stylegan2,0,-2.185414245034429
3694,progan/person/0_real/01167.png,progan,0,-2.191792090837647
3695,stargan/0_real/0034.png,stargan,0,-2.192035321123675
3696,stylegan2/horse/0_real/13662.png,stylegan2,0,-2.1926553326277265
3697,stylegan2/cat/0_real/04763.png,stylegan2,0,-2.1931260628337266
3698,stylegan2/horse/0_real/10923.png,stylegan2,0,-2.19362108353778
3699,stylegan2/cat/0_real/10465.png,stylegan2,0,-2.1940907485815027
3700,stylegan/cat/0_real/15460.png,stylegan,0,-2.19650865520378
3701,progan/diningtable/0_real/10378.png,progan,0,-2.1988774601420227
3702,stylegan2/car/0_real/01764.png,stylegan2,0,-2.2013220434758827
3703,stylegan2/horse/0_real/05209.png,stylegan2,0,-2.203850640091656
3704,stylegan2/cat/0_real/13545.png,stylegan2,0,-2.2043974241221616
3705,stylegan2/car/0_real/00346.png,stylegan2,0,-2.205999323379566
3706,stylegan/cat/0_real/17325.png,stylegan,0,-2.20700699449461
3707,progan/bicycle/0_real/15908.png,progan,0,-2.207377346345508
3708,stylegan2/cat/0_real/15971.png,stylegan2,0,-2.2083140504266323
3709,progan/sheep/0_real/03655.png,progan,0,-2.2133952876780656
3710,stylegan2/cat/0_real/09759.png,stylegan2,0,-2.2136673125296014
3711,stylegan2/horse/0_real/06545.png,stylegan2,0,-2.2155120131440773
3712,stylegan2/car/0_real/00014.png,stylegan2,0,-2.215941528658183
3713,progan/bottle/0_real/17282.png,progan,0,-2.2194610427582706
3714,stylegan2/horse/0_real/01208.png,stylegan2,0,-2.221894772160522
3715,stylegan/car/0_real/00740.png,stylegan,0,-2.222972181407556
3716,progan/train/0_real/06720.png,progan,0,-2.225321768297229
3717,progan/dog/0_real/07156.png,progan,0,-2.225730425270035
3718,progan/bottle/0_real/19776.png,progan,0,-2.2266581395482072
3719,stylegan/car/0_real/00825.png,stylegan,0,-2.228052895128707
3720,stylegan/cat/0_real/00482.png,stylegan,0,-2.2298608923024905
3721,stylegan/cat/0_real/12786.png,stylegan,0,-2.23110082956032
3722,stylegan2/car/0_real/01283.png,stylegan2,0,-2.2342997577262853
3723,stylegan/car/0_real/00430.png,stylegan,0,-2.236028476534228
3724,stylegan/car/0_real/00450.png,stylegan,0,-2.2379078830506867
3725,stylegan/cat/0_real/07057.png,stylegan,0,-2.2408670028267084
3726,stylegan/car/0_real/01824.png,stylegan,0,-2.241141482676289
3727,stylegan2/horse/0_real/02090.png,stylegan2,0,-2.2414905243076344
3728,stylegan/cat/0_real/14754.png,stylegan,0,-2.241550774533468
3729,stylegan/car/0_real/00664.png,stylegan,0,-2.242453267963929
3730,glide_50_27/0_real/iwbpqeobxw.jpg,glide_50_27,0,-2.2426854192228864
3731,stylegan2/cat/0_real/11447.png,stylegan2,0,-2.242813742626636
3732,stylegan2/car/0_real/00851.png,stylegan2,0,-2.243786424505319
3733,stylegan2/horse/0_real/08324.png,stylegan2,0,-2.2438981446530253
3734,stylegan/cat/0_real/19949.png,stylegan,0,-2.246385208649752
3735,stylegan2/horse/0_real/13963.png,stylegan2,0,-2.248161915896424
3736,stargan/0_real/0693.png,stargan,0,-2.253211157002398
3737,stylegan/cat/0_real/16943.png,stylegan,0,-2.256816148629933
3738,stylegan/car/0_real/01019.png,stylegan,0,-2.257038083207743
3739,stylegan2/horse/0_real/06672.png,stylegan2,0,-2.2628838601497323
3740,stylegan2/horse/0_real/00352.png,stylegan2,0,-2.263354951007136
3741,stylegan2/car/0_real/00394.png,stylegan2,0,-2.2634813399558635
3742,stylegan2/cat/0_real/08484.png,stylegan2,0,-2.2644330585432426
3743,stylegan2/horse/0_real/08758.png,stylegan2,0,-2.26617419768925
3744,stylegan2/car/0_real/01496.png,stylegan2,0,-2.2662281417023
3745,ldm_100/0_real/shkxdbeqpn.jpg,ldm_100,0,-2.2668506809793443
3746,biggan/0_real/334--n02346627_14840.png,biggan,0,-2.268029949273568
3747,progan/sheep/0_real/17680.png,progan,0,-2.268589079476015
3748,progan/bird/0_real/10890.png,progan,0,-2.269008768699247
3749,stylegan2/car/0_real/01678.png,stylegan2,0,-2.2692721817472004
3750,progan/diningtable/0_real/19433.png,progan,0,-2.269958954846392
3751,stylegan/car/0_real/00573.png,stylegan,0,-2.2701206881266374
3752,stylegan/car/0_real/00843.png,stylegan,0,-2.270851884655245
3753,stylegan/car/0_real/00106.png,stylegan,0,-2.2710383557417093
3754,laion/0_real/xmyblzhwwh.jpg,laion,0,-2.272653035423305
3755,progan/bicycle/0_real/00807.png,progan,0,-2.272916839712788
3756,stylegan2/horse/0_real/14685.png,stylegan2,0,-2.2741765987271334
3757,stylegan2/horse/0_real/13279.png,stylegan2,0,-2.274282791600299
3758,stylegan2/cat/0_real/19272.png,stylegan2,0,-2.274614221181414
3759,progan/airplane/0_real/07882.png,progan,0,-2.275933348050521
3760,stylegan2/horse/0_real/01582.png,stylegan2,0,-2.277253754958124
3761,stylegan2/cat/0_real/08480.png,stylegan2,0,-2.2811394858487333
3762,stylegan/car/0_real/00683.png,stylegan,0,-2.284630097576165
3763,stylegan/cat/0_real/02250.png,stylegan,0,-2.2876841924792317
3764,stylegan2/car/0_real/00081.png,stylegan2,0,-2.287761172143756
3765,stylegan2/car/0_real/01610.png,stylegan2,0,-2.29048180802243
3766,stylegan2/cat/0_real/00293.png,stylegan2,0,-2.2905060573807514
3767,progan/horse/0_real/10316.png,progan,0,-2.2921033693336663
3768,stylegan2/horse/0_real/01671.png,stylegan2,0,-2.29343094439638
3769,progan/car/0_real/19277.png,progan,0,-2.2946143290088603
3770,progan/diningtable/0_real/14881.png,progan,0,-2.2975897316845253
3771,progan/sheep/0_real/00642.png,progan,0,-2.299880989679314
3772,stylegan2/cat/0_real/06166.png,stylegan2,0,-2.3021547294459874
3773,stylegan/cat/0_real/06166.png,stylegan,0,-2.3021547294459874
3774,stylegan2/cat/0_real/09419.png,stylegan2,0,-2.3036331568346613
3775,glide_50_27/0_real/lpofppxlqt.jpg,glide_50_27,0,-2.3069492483088485
3776,progan/bus/0_real/17241.png,progan,0,-2.307391487209806
3777,stylegan/car/0_real/00016.png,stylegan,0,-2.307913372432675
3778,stylegan/car/0_real/01531.png,stylegan,0,-2.3112870607843474
3779,stylegan2/cat/0_real/03654.png,stylegan2,0,-2.318804255743649
3780,stylegan2/cat/0_real/06321.png,stylegan2,0,-2.3220617538970663
3781,progan/chair/0_real/00049.png,progan,0,-2.322342445048953
3782,progan/tvmonitor/0_real/19497.png,progan,0,-2.322671560043312
3783,stylegan2/cat/0_real/03224.png,stylegan2,0,-2.323342586646543
3784,stylegan2/car/0_real/01634.png,stylegan2,0,-2.335612184410421
3785,stylegan/cat/0_real/15137.png,stylegan,0,-2.3362088043392366
3786,stylegan2/horse/0_real/10400.png,stylegan2,0,-2.337598112636481
3787,stylegan2/horse/0_real/03735.png,stylegan2,0,-2.349024026897901
3788,stylegan/car/0_real/00303.png,stylegan,0,-2.350162796160644
3789,stylegan2/horse/0_real/08959.png,stylegan2,0,-2.351095627766106
3790,stylegan/cat/0_real/06957.png,stylegan,0,-2.3533875626791545
3791,stylegan2/cat/0_real/06705.png,stylegan2,0,-2.3537218221191507
3792,progan/sheep/0_real/15766.png,progan,0,-2.3587898972512606
3793,stylegan/cat/0_real/12185.png,stylegan,0,-2.3610002091216966
3794,stylegan2/horse/0_real/08472.png,stylegan2,0,-2.3645066002567905
3795,progan/dog/0_real/04426.png,progan,0,-2.3659856093297904
3796,stylegan2/cat/0_real/17238.png,stylegan2,0,-2.367351218556535
3797,stylegan2/car/0_real/01694.png,stylegan2,0,-2.367731421909621
3798,stylegan2/car/0_real/00667.png,stylegan2,0,-2.368514980065914
3799,progan/bus/0_real/11975.png,progan,0,-2.369854366256142
3800,stylegan2/cat/0_real/09850.png,stylegan2,0,-2.371661068227053
3801,stylegan2/car/0_real/00130.png,stylegan2,0,-2.3728202377053416
3802,stylegan2/horse/0_real/19136.png,stylegan2,0,-2.3738038411149365
3803,stylegan2/horse/0_real/18777.png,stylegan2,0,-2.373820694474079
3804,stylegan2/horse/0_real/06476.png,stylegan2,0,-2.375472050391223
3805,stylegan/cat/0_real/06498.png,stylegan,0,-2.375654304941908
3806,progan/bus/0_real/12892.png,progan,0,-2.37758685735875
3807,stylegan/cat/0_real/12462.png,stylegan,0,-2.3780061176633844
3808,stylegan/car/0_real/00330.png,stylegan,0,-2.3799928359633102
3809,stylegan2/car/0_real/01243.png,stylegan2,0,-2.3817695967088186
3810,stylegan2/cat/0_real/09346.png,stylegan2,0,-2.3837084930852788
3811,stylegan/cat/0_real/19105.png,stylegan,0,-2.3848724044387826
3812,stylegan/cat/0_real/18224.png,stylegan,0,-2.3895647361067778
3813,progan/train/0_real/00642.png,progan,0,-2.3904608490810606
3814,progan/train/0_real/10418.png,progan,0,-2.391718049148133
3815,stylegan/cat/0_real/12353.png,stylegan,0,-2.39467784479762
3816,stylegan2/horse/0_real/13618.png,stylegan2,0,-2.3952305203581448
3817,glide_100_10/0_real/tecfsxrdsg.jpg,glide_100_10,0,-2.39741946040944
3818,progan/bottle/0_real/18207.png,progan,0,-2.3990137567114305
3819,stylegan/cat/0_real/04419.png,stylegan,0,-2.4002319951690647
3820,stylegan2/horse/0_real/07873.png,stylegan2,0,-2.401042616936356
3821,stylegan2/horse/0_real/17262.png,stylegan2,0,-2.402290819353147
3822,imagenet/0_real/tqgzodmdpm.JPEG,imagenet,0,-2.4031241183165863
3823,stylegan2/cat/0_real/15485.png,stylegan2,0,-2.4048888771671395
3824,stylegan2/car/0_real/00557.png,stylegan2,0,-2.406935249433338
3825,progan/cow/0_real/15994.png,progan,0,-2.408610717924761
3826,stylegan2/cat/0_real/09215.png,stylegan2,0,-2.410161655346783
3827,stylegan2/cat/0_real/11692.png,stylegan2,0,-2.4157763929221465
3828,stylegan/car/0_real/01593.png,stylegan,0,-2.419498079784219
3829,stylegan2/car/0_real/01593.png,stylegan2,0,-2.419498079784219
3830,stylegan2/cat/0_real/10390.png,stylegan2,0,-2.4215447491320647
3831,stylegan2/horse/0_real/16271.png,stylegan2,0,-2.4233111037103345
3832,stylegan/car/0_real/00641.png,stylegan,0,-2.427422066449681
3833,stylegan2/car/0_real/01096.png,stylegan2,0,-2.427785431131809
3834,stylegan/car/0_real/01071.png,stylegan,0,-2.432443239987479
3835,stylegan2/car/0_real/00757.png,stylegan2,0,-2.432635088500933
3836,stylegan/car/0_real/01640.png,stylegan,0,-2.4331144689260533
3837,stylegan2/cat/0_real/04618.png,stylegan2,0,-2.4345504000310725
3838,progan/airplane/0_real/02390.png,progan,0,-2.4361489280838398
3839,stylegan2/car/0_real/00418.png,stylegan2,0,-2.4363252404183315
3840,stylegan/cat/0_real/05209.png,stylegan,0,-2.436905163593093
3841,progan/bird/0_real/00880.png,progan,0,-2.442363096380936
3842,progan/pottedplant/0_real/17129.png,progan,0,-2.442643574975609
3843,progan/pottedplant/0_real/19449.png,progan,0,-2.44379519009568
3844,stylegan2/car/0_real/01117.png,stylegan2,0,-2.4442955533194053
3845,stylegan/car/0_real/01977.png,stylegan,0,-2.444718362369048
3846,stylegan2/horse/0_real/11735.png,stylegan2,0,-2.447501042007379
3847,stylegan/cat/0_real/13253.png,stylegan,0,-2.4495006137967983
3848,stylegan2/horse/0_real/16858.png,stylegan2,0,-2.452173383742361
3849,progan/pottedplant/0_real/07216.png,progan,0,-2.45842906101054
3850,stylegan2/cat/0_real/15708.png,stylegan2,0,-2.4592249190918567
3851,stylegan2/cat/0_real/13817.png,stylegan2,0,-2.4611301361633964
3852,stylegan/car/0_real/00517.png,stylegan,0,-2.4621732793164903
3853,progan/car/0_real/09253.png,progan,0,-2.4627200508736333
3854,stylegan2/car/0_real/01257.png,stylegan2,0,-2.4640301814250245
3855,progan/train/0_real/06062.png,progan,0,-2.465662476700796
3856,stylegan2/horse/0_real/05339.png,stylegan2,0,-2.4657524927324164
3857,progan/bird/0_real/15908.png,progan,0,-2.4658640080443006
3858,stylegan/car/0_real/00400.png,stylegan,0,-2.468548681502241
3859,stylegan2/cat/0_real/01786.png,stylegan2,0,-2.4721679540635018
3860,stylegan/car/0_real/00290.png,stylegan,0,-2.475774756433794
3861,stylegan/car/0_real/00650.png,stylegan,0,-2.4768633927155443
3862,progan/sheep/0_real/17175.png,progan,0,-2.4802996684322567
3863,stylegan2/cat/0_real/06534.png,stylegan2,0,-2.484262526811911
3864,stylegan/car/0_real/00438.png,stylegan,0,-2.4850902655718783
3865,stylegan2/car/0_real/01020.png,stylegan2,0,-2.489129830116465
3866,stylegan2/horse/0_real/00430.png,stylegan2,0,-2.489810392307496
3867,stylegan2/church/0_real/07119.png,stylegan2,0,-2.4917323696470968
3868,progan/cow/0_real/10558.png,progan,0,-2.4922143027889807
3869,stylegan/cat/0_real/19929.png,stylegan,0,-2.5027899779102816
3870,stylegan2/horse/0_real/06148.png,stylegan2,0,-2.505068320281574
3871,stylegan/cat/0_real/17426.png,stylegan,0,-2.505615583610997
3872,stylegan2/car/0_real/00658.png,stylegan2,0,-2.506510332537127
3873,progan/sheep/0_real/14881.png,progan,0,-2.507151420711744
3874,stylegan2/cat/0_real/14961.png,stylegan2,0,-2.511925325049183
3875,stylegan2/car/0_real/00543.png,stylegan2,0,-2.521473108458907
3876,stylegan/car/0_real/00386.png,stylegan,0,-2.522640486419724
3877,stylegan2/car/0_real/01078.png,stylegan2,0,-2.5242999181169417
3878,stylegan/cat/0_real/09916.png,stylegan,0,-2.5258545770126246
3879,stylegan/cat/0_real/07768.png,stylegan,0,-2.5259563570338086
3880,stylegan/car/0_real/01839.png,stylegan,0,-2.535713629697268
3881,progan/dog/0_real/10175.png,progan,0,-2.5373025329741496
3882,progan/diningtable/0_real/12150.png,progan,0,-2.537545069121323
3883,stylegan2/cat/0_real/05866.png,stylegan2,0,-2.538441712305908
3884,stylegan/cat/0_real/06092.png,stylegan,0,-2.539415260530579
3885,stylegan2/cat/0_real/05168.png,stylegan2,0,-2.539563292646089
3886,progan/car/0_real/03199.png,progan,0,-2.5413756208622047
3887,stylegan2/cat/0_real/00481.png,stylegan2,0,-2.544758125142473
3888,stylegan2/car/0_real/00195.png,stylegan2,0,-2.5519713578479486
3889,progan/car/0_real/03793.png,progan,0,-2.5555684849029072
3890,progan/chair/0_real/07882.png,progan,0,-2.561879703481746
3891,stylegan2/car/0_real/00167.png,stylegan2,0,-2.565030560555752
3892,progan/car/0_real/07091.png,progan,0,-2.5711847502637486
3893,stylegan2/car/0_real/00809.png,stylegan2,0,-2.5712912760911246
3894,stylegan/cat/0_real/15908.png,stylegan,0,-2.572893310827695
3895,stylegan2/cat/0_real/04520.png,stylegan2,0,-2.576236721657667
3896,stylegan/car/0_real/01805.png,stylegan,0,-2.5815105661626
3897,stylegan2/horse/0_real/00037.png,stylegan2,0,-2.5820571323152945
3898,stylegan2/car/0_real/00496.png,stylegan2,0,-2.582870827504512
3899,progan/chair/0_real/15133.png,progan,0,-2.589395815602713
3900,stylegan2/horse/0_real/03061.png,stylegan2,0,-2.591659724598148
3901,progan/sheep/0_real/09850.png,progan,0,-2.5921280706212992
3902,stylegan2/horse/0_real/09090.png,stylegan2,0,-2.5922773458570534
3903,progan/cow/0_real/01952.png,progan,0,-2.5974187801045057
3904,stylegan2/horse/0_real/02834.png,stylegan2,0,-2.597940323634216
3905,stylegan2/horse/0_real/01200.png,stylegan2,0,-2.5984148520616284
3906,progan/horse/0_real/18560.png,progan,0,-2.599205360197705
3907,stylegan2/horse/0_real/18560.png,stylegan2,0,-2.599205360197705
3908,stylegan2/cat/0_real/11820.png,stylegan2,0,-2.599226098791575
3909,stylegan2/horse/0_real/18080.png,stylegan2,0,-2.6033308001914843
3910,stylegan2/horse/0_real/04074.png,stylegan2,0,-2.611229197278179
3911,stylegan2/cat/0_real/12266.png,stylegan2,0,-2.613034929271515
3912,stylegan/cat/0_real/19502.png,stylegan,0,-2.61443627937233
3913,stylegan2/car/0_real/00970.png,stylegan2,0,-2.614928152643534
3914,stylegan/car/0_real/01748.png,stylegan,0,-2.61937630170386
3915,stylegan/car/0_real/01405.png,stylegan,0,-2.619485525346897
3916,stylegan2/horse/0_real/16331.png,stylegan2,0,-2.6276644216877925
3917,progan/diningtable/0_real/12307.png,progan,0,-2.6309636194791297
3918,stylegan2/car/0_real/01759.png,stylegan2,0,-2.634978172719737
3919,stylegan2/horse/0_real/07061.png,stylegan2,0,-2.635711834833088
3920,stylegan2/car/0_real/00302.png,stylegan2,0,-2.635950680660939
3921,progan/bird/0_real/05339.png,progan,0,-2.6363561538870544
3922,stylegan2/cat/0_real/12865.png,stylegan2,0,-2.640374057299547
3923,progan/sofa/0_real/08556.png,progan,0,-2.641700411252173
3924,stylegan/car/0_real/01151.png,stylegan,0,-2.649843430414061
3925,progan/dog/0_real/15994.png,progan,0,-2.651447518542369
3926,stylegan2/cat/0_real/10709.png,stylegan2,0,-2.653224161404842
3927,stylegan2/horse/0_real/17857.png,stylegan2,0,-2.6536615553932945
3928,stylegan2/car/0_real/00984.png,stylegan2,0,-2.6622392174641263
3929,stylegan2/car/0_real/00786.png,stylegan2,0,-2.6670078857738937
3930,progan/pottedplant/0_real/01557.png,progan,0,-2.6714321045032987
3931,stylegan/cat/0_real/18153.png,stylegan,0,-2.6726413310061794
3932,progan/tvmonitor/0_real/07013.png,progan,0,-2.675576095649294
3933,stylegan2/cat/0_real/15059.png,stylegan2,0,-2.6805552448697267
3934,progan/bus/0_real/11347.png,progan,0,-2.6863421526043987
3935,glide_100_10/0_real/ircqbpmpmn.jpg,glide_100_10,0,-2.6882119181063686
3936,progan/sofa/0_real/03505.png,progan,0,-2.7057463057353592
3937,progan/cow/0_real/00069.png,progan,0,-2.7197528835307
3938,stylegan/cat/0_real/09707.png,stylegan,0,-2.7228821301803263
3939,stylegan2/car/0_real/00366.png,stylegan2,0,-2.7256764403596625
3940,stylegan2/horse/0_real/17550.png,stylegan2,0,-2.736701166447188
3941,progan/bus/0_real/03505.png,progan,0,-2.737804053677272
3942,stylegan/cat/0_real/08759.png,stylegan,0,-2.74956730568701
3943,stylegan2/horse/0_real/15774.png,stylegan2,0,-2.751936606399613
3944,stylegan2/cat/0_real/05888.png,stylegan2,0,-2.759713385050321
3945,stylegan/car/0_real/00639.png,stylegan,0,-2.7600667786431723
3946,stylegan/cat/0_real/11624.png,stylegan,0,-2.7698926675261397
3947,stylegan/cat/0_real/00305.png,stylegan,0,-2.77298850286373
3948,stylegan2/cat/0_real/08735.png,stylegan2,0,-2.775825034658884
3949,stylegan2/car/0_real/00229.png,stylegan2,0,-2.782467092737246
3950,stylegan/car/0_real/00192.png,stylegan,0,-2.782545633357867
3951,stylegan/cat/0_real/12283.png,stylegan,0,-2.785345254514177
3952,stylegan/cat/0_real/04935.png,stylegan,0,-2.787776110222415
3953,stylegan/car/0_real/01701.png,stylegan,0,-2.7886367528183147
3954,progan/pottedplant/0_real/17175.png,progan,0,-2.7960232979655486
3955,stylegan/cat/0_real/02568.png,stylegan,0,-2.8026177056178305
3956,stylegan2/cat/0_real/11030.png,stylegan2,0,-2.805522475491614
3957,glide_50_27/0_real/bqcltegxdf.jpg,glide_50_27,0,-2.8063884829043584
3958,stylegan2/car/0_real/01193.png,stylegan2,0,-2.8075300165133
3959,progan/chair/0_real/13761.png,progan,0,-2.8089520463571045
3960,progan/dog/0_real/06462.png,progan,0,-2.81255714716899
3961,progan/cow/0_real/15766.png,progan,0,-2.813731085421141
3962,stylegan/car/0_real/01700.png,stylegan,0,-2.824478317779426
3963,stylegan/car/0_real/00952.png,stylegan,0,-2.82726730587943
3964,stylegan2/cat/0_real/04365.png,stylegan2,0,-2.827554967799596
3965,progan/horse/0_real/14542.png,progan,0,-2.837544878414259
3966,progan/airplane/0_real/19957.png,progan,0,-2.839946828762537
3967,stylegan2/cat/0_real/14797.png,stylegan2,0,-2.842037969891952
3968,stylegan/cat/0_real/06281.png,stylegan,0,-2.842895545073304
3969,progan/cow/0_real/13281.png,progan,0,-2.848187939950315
3970,progan/sofa/0_real/18724.png,progan,0,-2.855757400561127
3971,stylegan2/cat/0_real/09018.png,stylegan2,0,-2.8570533481879705
3972,stylegan/cat/0_real/09018.png,stylegan,0,-2.8570533481879705
3973,stylegan/car/0_real/00871.png,stylegan,0,-2.866139140375739
3974,stylegan2/horse/0_real/17491.png,stylegan2,0,-2.8665492314819816
3975,stylegan2/cat/0_real/17274.png,stylegan2,0,-2.869682048108663
3976,stylegan2/horse/0_real/19103.png,stylegan2,0,-2.870148617086997
3977,stylegan2/horse/0_real/06720.png,stylegan2,0,-2.883900633937599
3978,stylegan2/cat/0_real/04643.png,stylegan2,0,-2.909371067389141
3979,stylegan2/horse/0_real/06938.png,stylegan2,0,-2.9122167850517577
3980,stylegan/cat/0_real/13325.png,stylegan,0,-2.9382849124473864
3981,stylegan2/horse/0_real/16251.png,stylegan2,0,-2.942397775929429
3982,stylegan/cat/0_real/14813.png,stylegan,0,-2.954129209549448
3983,stylegan/car/0_real/01466.png,stylegan,0,-2.9563784647147333
3984,progan/train/0_real/19497.png,progan,0,-2.9681219444955618
3985,stylegan/car/0_real/00596.png,stylegan,0,-2.975090883941814
3986,progan/pottedplant/0_real/14005.png,progan,0,-2.9939157130756646
3987,stylegan2/horse/0_real/16857.png,stylegan2,0,-3.008383078629837
3988,progan/boat/0_real/17265.png,progan,0,-3.0182252514612022
3989,stylegan2/cat/0_real/17794.png,stylegan2,0,-3.020269971862475
3990,progan/horse/0_real/05560.png,progan,0,-3.021303801045369
3991,stylegan2/car/0_real/00627.png,stylegan2,0,-3.0245377665351696
3992,stylegan2/car/0_real/01221.png,stylegan2,0,-3.060237886091797
3993,progan/bus/0_real/03693.png,progan,0,-3.070788893038364
3994,stylegan/cat/0_real/19889.png,stylegan,0,-3.127743678451149
3995,stylegan2/car/0_real/01406.png,stylegan2,0,-3.1303770818467127
3996,stylegan2/horse/0_real/15262.png,stylegan2,0,-3.137493733512318
3997,progan/train/0_real/07552.png,progan,0,-3.1666137217625305
3998,stylegan/car/0_real/01189.png,stylegan,0,-3.2381899594729875
3999,progan/airplane/0_real/01280.png,progan,0,-3.25315143155326
4000,stylegan2/cat/0_real/11886.png,stylegan2,0,-3.264462965097328
